Smiles,IC50,pIC50
CN(C)CCC=C1c2ccccc2CCc2ccccc21,15.0,-1.1760912590556813
CC(C)(C)NC1=NCCNC(c2ccccc2Cl)=C1,76.0,-1.8808135922807914
CCC1(NC2=NCCNC(c3ccc(F)cc3F)=C2)CCCC1,1.1,-0.04139268515822507
CN(C)CC1CC2c3ccccc3Oc3ccc(Cl)cc3N2O1,1.905,-0.2798949800116381
Cc1cccc(N2CCN(CCCNC(=O)c3cc(-c4ccccc4)[nH]c3C)CC2)c1C,300.0,-2.4771212547196626
CCCn1c(-c2ccccc2)cc(C(=O)NCCCN2CCN(c3cccc(Cl)c3Cl)CC2)c1C,324.0,-2.510545010206612
Cc1c(C(=O)NCCCN2CCN(c3cccc(Cl)c3Cl)CC2)cc(-c2ccccc2)n1-c1ccc(F)cc1,4.1,-0.6127838567197355
Cc1c(C(=O)NCCCN2CCN(c3cccc(Cl)c3Cl)CC2)cc(-c2ccccc2)n1Cc1ccccc1,354.0,-2.5490032620257876
Cc1[nH]c(-c2ccccc2)cc1C(=O)NCCN1CCN(c2cccc(Cl)c2Cl)CC1,40.0,-1.6020599913279625
CCCn1c(-c2ccccc2)cc(C(=O)NCCCCN2CCN(c3cccc(Cl)c3Cl)CC2)c1C,104.0,-2.0170333392987803
Cc1ccc(C2=CC(NC(C)(C)C)=NCCN2)c(C)c1,71.0,-1.8512583487190752
Cc1ccc(C2=CC(NC(C)(C)Cc3ccccc3)=NCCN2)cc1,2.4,-0.38021124171160603
CC1SC(C)(C)C(=O)N1CCCCN1CCN(c2csc3cc(F)ccc23)CC1,17.0,-1.2304489213782739
COc1cccc(NC(=O)NCCCN2CCCC(CCc3ccccc3)C2)c1,787.0,-2.8959747323590648
COc1ccc(Nc2nc(Cc3ccccc3)nc3c2CCNCC3)cc1.Cl,57.4,-1.7589118923979736
c1ccc2c(N3CCNCC3)cccc2c1,62.0,-1.792391689498254
CCCn1c(-c2ccccc2)cc(C(=O)NCCN2CCN(c3cccc(Cl)c3Cl)CC2)c1C,408.0,-2.61066016308988
Cc1[nH]c(-c2ccc(Cl)cc2)cc1C(=O)NCCCN1CCN(c2cccc(Cl)c2Cl)CC1.Cl,105.0,-2.0211892990699383
COc1ccc(S(=O)(=O)n2cc(/C=N/N=C/N(C)C)c3c([N+](=O)[O-])cccc32)cc1,205.0,-2.311753861055754
Cc1nc(C(=O)NCCCN2CCN(c3cccc(Cl)c3Cl)CC2)c(C)n1-c1ccccc1C(F)(F)F.Cl.Cl.Cl.Cl,58.0,-1.7634279935629373
CCCc1nc(C(=O)NCCCN2CCN(c3cccc(Cl)c3C)CC2)c(C)n1-c1ccccc1.Cl.Cl.Cl,154.0,-2.187520720836463
CCCc1nc(C(=O)NCCCN2CCN(c3cccc(C)c3C)CC2)cn1-c1ccccc1.Cl.Cl,133.0,-2.123851640967086
Cc1c(Cl)cccc1N1CCN(CCCNC(=O)c2nc(C)n(CC(C)C)c2C)CC1.Cl.Cl.Cl,45.5,-1.6580113966571124
Fc1ccc(Nc2nc(N3CCN(c4ccccc4)CC3)nc3[nH]ncc23)cc1,27.2,-1.4345689040341987
CC(C)NCC(O)COc1cccc2ccccc12,5011.87,-3.6999997975545824
Cc1[nH]c2ccc(OS(=O)(=O)C(F)(F)F)cc2c1C1=CCNCC1,1000.0,-3.0
Cc1[nH]c2ccc([N+](=O)[O-])cc2c1C1=CCNCC1,1000.0,-3.0
COc1ccc(CCN(C)CCCC(C#N)(c2ccc(OC)c(OC)c2)C(C)C)cc1OC,442.0,-2.645422269349092
c1ccc(N2CCN(CC3CC4c5ccccc5Cc5ccccc5N4O3)CC2)cc1,1000.0,-3.0
CN(C)CC1(C)CC2c3ccccc3Cc3ccccc3N2O1,1000.0,-3.0
CCc1c(C(=O)NCCCN2CCN(c3cccc(C)c3C)CC2)nc(-c2ccc(Cl)cc2Cl)n1-c1ccc(Br)cc1,127.0,-2.103803720955957
COc1ccc(-c2ccc(CCCNc3ccc(CN4CCCC4)cc3)nn2)cc1,4540.0,-3.6570558528571038
O=c1n(CCCCN2CCN(c3cccc4sccc34)CC2)nc2c(Cl)cccn12,368.0,-2.5658478186735176
CN1CCC(=C2c3ccccc3CC(=O)c3sccc32)CC1,31.0,-1.4913616938342726
CCCn1c(-c2ccccc2)cc(C(=O)NCCCN2CCN(c3cccc(Cl)c3)CC2)c1C,191.0,-2.2810333672477277
Cc1c(C(=O)NCCCN2CCN(c3cccc(Cl)c3Cl)CC2)cc(-c2ccccn2)n1C.Cl.Cl.Cl.Cl,43.0,-1.6334684555795866
CCCN1CCN(CCC)C2(COc3cccc(OC)c3C2)C1,10000.0,-4.0
COc1ccc(-n2c(C)nc(C(=O)NCCCN3CCN(c4cccc(Cl)c4Cl)CC3)c2C)cc1.Cl.Cl.Cl.Cl,20.0,-1.3010299956639813
Cc1c(C(=O)NCCCN2CCN(c3cccc(Cl)c3Cl)CC2)nc(-c2ccccc2)n1-c1ccccc1.Cl.Cl.Cl.Cl,14.2,-1.1522883443830565
CN(C)CC1CC2c3cccc(C(F)(F)F)c3Cc3ccccc3N2O1,1000.0,-3.0
CC(=O)Nc1cc(Cl)ccc1/C=C/C(=O)N1CCN(Cc2ccc(F)cc2)C[C@H]1C,1000.0,-3.0
CC/C(=C(\c1ccccc1)c1ccc(OCCN(C)C)cc1)c1ccccc1,4801.0,-3.681331705969166
c1ccc(CNC[C@@H]2CCN(CCc3c[nH]c4ccc(-n5cnnc5)cc34)C2)cc1,4400.0,-3.6434526764861874
COc1ccc(NC(=O)Nc2ccc(Br)cc2)cc1-c1c(Br)cnn1C,0.5012,0.29998893767788765
CN1CCN2c3ccccc3Cc3ccccc3C2C1,10.47,-1.0199466816788423
Cc1[nH]c2ccc(Cl)cc2c1C1=CCNCC1,240.0,-2.380211241711606
Cc1cccc(N2CCN(CCCNC(=O)c3nc(C)n(-c4ccc(Cl)cc4)c3C)CC2)c1C.Cl.Cl.Cl,67.0,-1.8260748027008264
CN(C)CC1CC2c3ccccc3Cc3cc(F)ccc3N2O1,6.918,-0.8399805576783427
CCOc1ccccc1N1CCN(CCCC(=O)NCc2nc3ccc(F)cc3c(=O)n2-c2ccccc2)CC1,10000.0,-4.0
COC1OC2(CCN(Cc3ccccc3)CC2)c2ccccc21,10000.0,-4.0
CNC(=O)c1cc(OCCCCN2CCN(c3cccc(Cl)c3Cl)CC2)ccc1C,460.0,-2.6627578316815743
CNC(=O)c1cc(OCCCCN2CCN(c3cccc(Cl)c3Cl)CC2)ccc1F,360.0,-2.5563025007672873
O=C(CNC(=O)c1cccc(C(F)(F)F)c1)N[C@@H]1CCN(CCC2CCN(C(=O)c3ccccc3F)CC2)C1,10000.0,-4.0
Cc1nc(C(=O)NCCCN2CCN(c3cccc(Cl)c3Cl)CC2)c(C)n1-c1ccc2c(c1)OCCO2,8.63,-0.9360107957152096
COc1ccc(-n2cc(C(=O)NCCCN3CCN(c4cccc(C)c4C)CC3)nc2-c2ccccc2)cc1,19.0,-1.2787536009528289
CN(C)CCCN1c2ccccc2Sc2ccc(Cl)cc21,3.4,-0.5314789170422551
CN(C)CC1(C)CC2c3ccccc3Cc3ccccc3N2O1,57.54,-1.7599698575543072
COc1ccccc1C1CCN(c2ccn3c(CC4CC4)nnc3c2Cl)CC1,1300.0,-3.113943352306837
CN1CC(=O)N(CCCCN2CCN(c3cccc4sccc34)CC2)c2ccccc2C1=O,42.66,-1.63002085111341
Cc1ccc(C2=CC(NC(C)(C)C)=NCCN2)cc1,11.0,-1.041392685158225
COc1ccc(-n2c(-c3ccccc3)nc(C(=O)NCCCN3CCN(c4cccc(Cl)c4C)CC3)c2C)cc1.Cl.Cl.Cl,21.0,-1.3222192947339193
COc1ccc(-n2c(-c3ccccc3)nc(C(=O)NCCCN3CCN(c4cccc(C)c4C)CC3)c2C)cc1.Cl.Cl,24.0,-1.380211241711606
COc1ccc(-n2cc(C(=O)NCCCN3CCN(c4cccc(C)c4C)CC3)nc2-c2ccccc2)cc1.Cl.Cl,19.0,-1.2787536009528289
Cc1c(Cl)cccc1N1CCN(CCCNC(=O)c2nc(C)n(-c3ccccc3F)c2C)CC1.Cl.Cl.Cl,40.0,-1.6020599913279625
COc1ccc(-n2c(-c3ccccc3)nc(C(=O)NCC(O)CN3CCN(c4cccc(Cl)c4C)CC3)c2C)cc1.Cl.Cl.Cl,170.0,-2.230448921378274
CCCc1nc(C(=O)NCC(O)CN2CCN(c3cccc(C)c3C)CC2)c(C)n1-c1ccc(F)cc1.Cl.Cl,327.0,-2.514547752660286
O=C(CCc1ccc(-c2ccc(Cl)cc2)cc1)Nc1ccc(CN2CCCCC2)cc1,138.0,-2.1398790864012365
Cc1c(Cl)cccc1N1CCN(CC(O)CNC(=O)c2nc(C)n(C3CCCC3)c2C)CC1.Cl.Cl.Cl,97.6,-1.9894498176666917
Cc1c(Cl)cccc1N1CCN(C[C@@H](O)CNC(=O)c2nc(-c3ccccc3)n(-c3ccc(F)cc3)c2C)CC1,20.1,-1.3031960574204888
CCCN(CCCCN1C(=O)CC2(CCCC2)CC1=O)C1COc2cccc(OC)c2C1,1000.0,-3.0
CCCN(CCCCN1C(=O)CC2(CCCC2)CC1=O)CC1COc2cccc(OC)c2C1,7762.47,-3.889999934748613
COc1cc(NC(=O)c2ccc(-c3ccc(Cl)cc3)o2)cc(OC)c1,3000.0,-3.4771212547196626
Cc1cccc2c1Cc1ccccc1C1CC(CN(C)C)ON21,91.2,-1.9599948383284163
CCN1CCC(COc2nc3ccsc3n3cccc23)CC1,8128.31,-3.910000258512931
Cc1c(C(=O)NCCN2CCN(c3cccc(Cl)c3Cl)CC2)c(C)n(C)c1-c1ccccc1.Cl,33.0,-1.5185139398778875
CCn1c(-c2ccccc2)cc(C(=O)NCCCN2CCN(c3cccc(C)c3C)CC2)c1C,75.0,-1.8750612633917
CCn1c(-c2ccc(Cl)cc2)cc(C(=O)NCCCN2CCN(c3cccc(C)c3C)CC2)c1C.Cl,151.0,-2.1789769472931693
Cc1cccc(N2CCN(CCCNC(=O)c3cc(C(C)(C)C)n(C)c3C)CC2)c1C,386.0,-2.586587304671755
Cc1[nH]c(C(C)(C)C)cc1C(=O)NCCCN1CCN(c2cccc(Cl)c2Cl)CC1.Cl,107.0,-2.0293837776852097
Cc1c(C(=O)NCCCN2CCN(c3cccc(Cl)c3Cl)CC2)cc(C(C)(C)C)n1C,163.0,-2.2121876044039577
O=C(CCCCN1CCC(c2noc3cc(F)ccc23)CC1)c1cc2c3c(c1)CCN3C(=O)CC2,257.4,-2.410608542568368
Cc1c(C(=O)NCCCN2CCN(c3cccc(Cl)c3Cl)CC2)cc(-c2ccccc2)n1C,46.2,-1.6646419755561255
CCn1c(-c2ccccc2)cc(C(=O)NCCCN2CCN(c3cccc(C)c3C)CC2)c1C,75.0,-1.8750612633917
O=c1n(CCCCN2CCN(c3cccc4sccc34)CC2)nc2c(F)cccn12,35.5,-1.550228353055094
CCC(CC)(CC)NC1=NCCNC(c2ccc(F)cc2F)=C1,3.7,-0.568201724066995
CCc1nc(C(=O)NCCCN2CCN(c3cccc(Cl)c3Cl)CC2)c(C)n1-c1ccccc1.Cl.Cl.Cl.Cl,48.0,-1.6812412373755872
CCCc1nc(C(=O)NCCCN2CCN(c3cccc(Cl)c3Cl)CC2)c(C)n1-c1ccccc1F.Cl.Cl.Cl.Cl,21.0,-1.3222192947339193
Cc1cccc(N2CCN(CCCNC(=O)c3cc(-c4ccc(Cl)cc4)n(C)c3C)CC2)c1C.Cl,213.0,-2.3283796034387376
CC(C)(NC1=NCCNC(c2ccc(F)cc2F)=C1)C1CCC1,1.4,-0.146128035678238
CCN(CC)C1=NCCNC(c2ccccc2F)=C1,1000.0,-3.0
CCC1(NC2=NCCNC(c3ccccc3F)=C2)CCCC1,3.6,-0.5563025007672873
Cc1ccc(C2=CC(N3CCNCC3)=NCCN2)cc1,1000.0,-3.0
CCC(C)(CC)NC1=NCCNC(c2ccc(F)cc2)=C1,1.5,-0.17609125905568124
CN(C)Cc1ccc(C(F)(F)F)cc1Oc1ccc(Cl)c(Cl)c1,41.5,-1.6180480967120927
CNCc1ccc(Cl)cc1Oc1ccc(C)c(C)c1,3.42,-0.534026106056135
CNC(C)c1ccc(Cl)cc1Oc1ccc(C)cc1,3.54,-0.5490032620257879
CC(C)NC[C@H](O)COc1cccc2ccccc12,1883.0,-3.2748503200166645
O=S(=O)(c1ccc2ccccc2c1)N(CCCN1CCN(c2ccc(F)cc2)CC1)CC1CCCCC1,0.5,0.3010299956639812
O=S(=O)(c1ccc2ccccc2c1)N(CCCN1CCN(c2ccccc2)CC1)CC1CC1,35.9,-1.5550944485783191
COc1cccc(Nc2nc(N3CCN(c4ccc(F)cc4)CC3)nc3[nH]ncc23)c1,350.0,-2.5440680443502757
Cc1ccc2c(c1)N1OC(CN(C)C)CC1c1ccccc1C2,3.09,-0.4899584794248346
c1ccc2nc(N3CCN(C4CC4)CC3)ccc2c1,10000.0,-4.0
Cc1c(C(=O)NCCN2CCN(c3cccc(Cl)c3Cl)CC2)cc(-c2ccccc2)n1C.Cl,175.0,-2.2430380486862944
CCCn1c(-c2ccccn2)cc(C(=O)NCCCN2CCN(c3cccc(Cl)c3Cl)CC2)c1C.Cl.Cl.Cl.Cl,58.0,-1.7634279935629373
Cc1cccc(N2CCN(CCNC(=O)c3cc(C(C)(C)C)n(C)c3C)CC2)c1C,36.0,-1.5563025007672873
CN(C)CC1CC2c3c(cccc3C(F)(F)F)Cc3ccccc3N2O1,67.61,-1.8300109359361179
CN1CCN2c3ccccc3Cc3ccccc3C2C1,20.89,-1.3199384399803087
CC(C)(C)NC1=NCCNC(c2ccc(F)cc2F)=C1,11.0,-1.041392685158225
CCN(C)CCc1cccc2[nH]cc(S(=O)(=O)c3ccccc3)c12,832.0,-2.920123326290724
CCN(C)CCCc1cccc2[nH]cc(S(=O)(=O)c3ccccc3)c12,477.0,-2.678518379040114
Cc1ccc2[nH]cc(C(=O)Nc3ccc(Oc4cccnc4C)nc3)c2c1,1000.0,-3.0
O=C(c1ccc(F)cc1)C1CCN(CCn2c(=O)[nH]c3ccccc3c2=O)CC1,0.9,0.045757490560675115
Cc1ccc2c(c1)Cc1ccccc1N1OC(CN(C)C)CC21,10.47,-1.0199466816788423
CN(C)CC1CC2c3cccc(F)c3Cc3ccccc3N2O1,31.62,-1.4999618655961902
CNCc1cc(S(=O)(=O)NC)ccc1Oc1ccc(Cl)c(Cl)c1,5570.0,-3.745855195173729
CNCc1cc(F)ccc1Oc1ccc(F)c(Cl)c1,575.0,-2.7596678446896306
CNCc1cc(F)c(OC)cc1Oc1ccc(Cl)c(Cl)c1,74.6,-1.8727388274726688
CN(C)CC1CC2c3ccccc3Cc3ccc(-c4ccccc4)cc3N2O1,22.39,-1.3500540935790304
Fc1ccc(C(c2ccc(F)cc2)N2CCN(C/C=C/c3ccccc3)CC2)cc1,407.0,-2.60959440922522
COc1ccc(CN(CCN(C)C)c2ccccn2)cc1,997.0,-2.998695158311656
CC(C)C[C@H]1C(=O)N2CCC[C@H]2[C@]2(O)O[C@](NC(=O)[C@@H]3C=C4c5cccc6[nH]c(Br)c(c56)C[C@H]4N(C)C3)(C(C)C)C(=O)N12,36.0,-1.5563025007672873
CCCNCC(O)COc1ccccc1C(=O)CCc1ccccc1,654.0,-2.815577748324267
O=C1c2ccccc2C(=O)N1CC1CC2c3ccccc3Cc3ccccc3N2O1,1000.0,-3.0
COc1cccc2nn(CCCCN3CCN(c4cccc5sccc45)CC3)c(=O)n12,13.0,-1.1139433523068367
N#Cc1cccc2nn(CCCCN3CCN(c4cccc5sccc45)CC3)c(=O)n12,104.0,-2.0170333392987803
N#Cc1ccc2nn(CCCCN3CCN(c4cccc5sccc45)CC3)c(=O)n2c1,11.0,-1.041392685158225
CCCc1nc(C(=O)NCCCN2CCN(c3cccc(Cl)c3Cl)CC2)c(C)n1-c1ccc(OC)cc1.Cl.Cl.Cl.Cl,5.17,-0.7134905430939424
O=C(c1ccc(F)cc1)C1CCN(CCn2c(=O)[nH]c3ccccc3c2=O)CC1,2.5,-0.3979400086720376
c1ccc2c(c1)Cc1ccccc1N1OC(CN3CCOCC3)CC21,141.25,-2.149988456491476
Cc1nc2n(c(=O)c1CCN1CCN(c3noc4cc(F)ccc34)CC1)CCCC2O,2.87,-0.4578818967339924
Cc1nc2n(c(=O)c1CCN1CCN(c3cncc4sccc34)CC1)CCCC2O,65.4,-1.8155777483242672
CC(C)C[C@H]1C(=O)N2CCC[C@H]2[C@]2(O)O[C@](NC(=O)[C@@H]3C=C4c5cccc6[nH]cc(c56)C[C@H]4N(C)C3)(C(C)C)C(=O)N12,47.0,-1.6720978579357175
CCCn1c(-c2ccccc2)cc(C(=O)NCCCN2CCN(c3cc(F)ccc3F)CC2)c1C,135.0,-2.130333768495006
Cc1[nH]c(-c2ccccc2)c(C)c1C(=O)NCCCN1CCN(c2cccc(Cl)c2Cl)CC1.Cl,39.0,-1.591064607026499
Cc1c(C(=O)NCCCN2CCN(c3cccc(Cl)c3Cl)CC2)cc(-c2ccc(Cl)cc2)n1C,232.0,-2.3654879848909
Cc1cc2c(OCC(CNC(C)(C)C)OC(=O)c3ccccc3)cccc2[nH]1,1581.0,-3.198931869932209
CCOC(=O)Cc1nn(CNC(=O)CCN2CCN(c3ccccc3OCC)CC2)c(=O)c2ccccc12,6380.0,-3.8048206787211623
CCOC(=O)Cc1nn(CNC(=O)CCN2CCN(c3cccc(C)c3C)CC2)c(=O)c2ccccc12,442.0,-2.645422269349092
CCOC(=O)Cc1nn(CNC(=O)CCCN2CCN(c3ccc(C)c(C)c3)CC2)c(=O)c2c(F)cccc12,37.0,-1.568201724066995
O=c1n(CCCCN2CCN(c3cccc4sccc34)CC2)nc2ccc(Cl)cn12,144.0,-2.1583624920952498
Clc1cccc(N2CCN(CC3CC4c5ccccc5Cc5ccccc5N4O3)CC2)c1,1000.0,-3.0
CCCc1nc(C(=O)NCCCN2CCN(c3cccc(C)c3C)CC2)c(C)n1-c1ccccc1.Cl.Cl,75.0,-1.8750612633917
Cc1ccc(S(=O)(=O)N(C)C2CCN(C)CC2)cc1C,5980.0,-3.776701183988411
O=C(CCCN1CCC2(CC1)C(=O)NCN2c1ccccc1)c1ccc(F)cc1,5.67,-0.7535830588929066
O=C(c1ccc(F)cc1)C1CCN(CCn2c(=O)[nH]c3ccccc3c2=O)CC1,11.0,-1.041392685158225
OC(CCCN1CCCCC1)(c1ccccc1)c1ccccc1,2586.0,-3.4126285205443754
COc1ccc(-n2c(-c3ccccc3)nc(C(=O)NCCCN3CCN(c4cccc(Cl)c4Cl)CC3)c2C)cc1.Cl.Cl.Cl.Cl,13.0,-1.1139433523068367
CNC(=O)c1cccc(OCCCCN2CCN(c3cccc(Cl)c3Cl)CC2)c1C,860.0,-2.934498451243568
Cn1ncc(Br)c1-c1cc(NC(=O)Nc2ccc(Cl)cc2)ccc1OCCN1CCCC1,1.9,-0.2787536009528289
COc1ccc(S(=O)(=O)N(CCCN2CCN(c3ccccc3OC)CC2)CC2CCCCC2)cc1,16.3,-1.212187604403958
COc1ccc(S(=O)(=O)N(CCCN2CCN(c3cccc(C(F)(F)F)c3)CC2)CC2CCCCC2)cc1,19.5,-1.290034611362518
COc1ccc(C2=CC(NC(C)(C)C)=NCCN2)cc1,534.0,-2.727541257028556
CC(C)(C)CNC1=NCCNC(c2ccccc2F)=C1,1515.0,-3.180412632838324
COc1c(C)nc(C)nc1C(=O)NCCCN1CCN(c2cccc(C)c2C)CC1.Cl,744.0,-2.8715729355458786
CNc1nc(Nc2ccc(F)cc2)c2cn[nH]c2n1,10000.0,-4.0
CN(C)CC1CC2c3cc(C(F)(F)F)ccc3Cc3ccccc3N2O1,1000.0,-3.0
Fc1ccc(OC[C@@H]2CC[C@H]3CN(c4ncc(F)cn4)CCN3C2)cc1,150.0,-2.1760912590556813
COc1ccc(-n2c(C)nc(C(=O)NCCCN3CCN(c4cccc(Cl)c4C)CC3)c2C)cc1,23.1,-1.3636119798921444
Cc1cccc(N2CCN(C[C@@H](O)CNC(=O)c3nc(C)n(-c4ccccc4)c3C)CC2)c1C,646.0,-2.8102325179950842
CCc1c(C(=O)NCCCN2CCN(c3cccc(Cl)c3)CC2)nc(-c2ccc(Cl)cc2Cl)n1-c1ccc(Br)cc1,1262.0,-3.1010593549081156
Cc1cccc(N2CCN(CCCNC(=O)c3cc(-c4ccccc4)n(N4CCCCC4)c3C)CC2)c1C,133.0,-2.123851640967086
Cc1cccc(N2CCN(CCCNC(=O)c3cc(-c4ccccc4)n(CC4CCCCC4)c3C)CC2)c1C,1233.0,-3.0909630765957314
CCCn1c(-c2ccccc2)cc(C(=O)NCCN2CCN(c3cccc(Cl)c3Cl)CC2)c1C,408.0,-2.61066016308988
Cc1cccc(N2CCN(CCCCNC(=O)c3cc(-c4ccccc4)[nH]c3C)CC2)c1C,10.0,-1.0
CN1CCN(c2cccc(NS(=O)(=O)c3ccc4ccccc4c3)c2)CC1,1616.0,-3.208441356438567
CCc1ccc(S(=O)(=O)N(C)C2CCN(C)CC2)cc1,452.0,-2.655138434811382
CCCCOc1ccc(S(=O)(=O)N(C)C2CCN(C)CC2)cc1,77.0,-1.8864907251724818
CN1CCC(N(C)S(=O)(=O)c2ccccc2F)CC1,10000.0,-4.0
COc1cc(N)c(Cl)cc1C(=O)NC1CCN(CCCOc2ccc(F)cc2)CC1OC,3.856,-0.5861370252307931
CCN(CC)CCOC(=O)C1(C2CCCCC2)CCCCC1,240.0,-2.380211241711606
Cn1nccc1-c1cc(NC(=O)c2cccc(C(F)(F)F)c2)ccc1OCCN1CCCC1,23.0,-1.3617278360175928
CNC(=O)c1ccccc1OCCCCN1CCN(c2cccc(Cl)c2Cl)CC1,2200.0,-3.342422680822206
CC1CCN(c2nc(Nc3ccc(F)cc3)c3cn[nH]c3n2)CC1,3673.0,-3.5650209283452936
O=C1Cc2cc(CCN3CCN(c4cccc5ccccc45)CC3)ccc2N1,20.0,-1.3010299956639813
CNCc1ccc(Cl)cc1Oc1ccc(Cl)c(Cl)c1,89.5,-1.951823035315912
O=S(=O)(c1ccc2ccccc2c1)N(CCCN1CCN(c2cccc(C(F)(F)F)c2)CC1)CC1CCCCC1,13.1,-1.1172712956557642
O=S(=O)(c1ccccc1)c1c[nH]c2cccc(CCN3CCCC3)c12,258.0,-2.41161970596323
Cc1nc2n(c(=O)c1CCN1CCC(c3noc4cc(F)ccc34)CC1)CCCC2,0.346,0.46092390120722343
CCCn1c(-c2ccncc2)cc(C(=O)NCCCN2CCN(c3cccc(Cl)c3Cl)CC2)c1C,34.0,-1.5314789170422551
C/C(=N\OC(=O)Nc1ccccc1)c1cccc(-c2cccs2)c1,10000.0,-4.0
COc1cc(/C=C/C(=O)O)cc(OC)c1OC,10000.0,-4.0
CNC(=O)c1cc(OCCCCN2CCN(c3nsc4ccccc34)CC2)ccc1F,35.0,-1.5440680443502757
CN(C)/C=N/N=C/c1cn(S(=O)(=O)c2ccc3ccccc3c2)c2cccc([N+](=O)[O-])c12,433.0,-2.6364878963533656
CN1CCN(c2nc(Nc3ccc(F)cc3)c3cn[nH]c3n2)CC1,24.2,-1.3838153659804313
Cl.Fc1ccc(Nc2nc(Cc3ccccc3)nc3c2CCNCC3)cc1,1.95,-0.290034611362518
CC(C)COc1ccc(CN(Cc2ccc(F)cc2)C(=O)NC2CCN(C)CC2)cc1,0.7943,0.100015437450609
O=S(=O)(c1cccc2cccnc12)N(CCCN1CCN(c2ccccc2)CC1)CC1CCCCC1,34.6,-1.5390760987927767
O=S(=O)(c1cccc2cccnc12)N(CCCN1CCN(c2cccc(C(F)(F)F)c2)CC1)CC1CCCCC1,29.1,-1.4638929889859074
O=S(=O)(c1cccc2cccnc12)N(CCCN1CCN(c2ccc(Cl)c(Cl)c2)CC1)CC1CCCCC1,7.7,-0.8864907251724818
O=S(=O)(c1ccc(F)cc1)N(CCCN1CCN(c2ccccc2)CC1)CC1CC1,142.0,-2.1522883443830563
O=C(N[C@H]1CC[C@H](CCN2CCN(c3nsc4ccccc34)CC2)CC1)c1ccco1,31.75,-1.5017437296279945
COc1ccccc1-n1c(C)nc(C(=O)NCCCN2CCN(c3cccc(Cl)c3C)CC2)c1C.Cl.Cl.Cl,12.8,-1.1072099696478683
CN1CCC(N(C)S(=O)(=O)c2cccc3ccsc23)CC1,10000.0,-4.0
CC(C)c1ccc(S(=O)(=O)N(C)C2CCN(C)CC2)cc1,161.0,-2.2068258760318495
CCCCNc1ccc(C(=O)OCCN(C)C)cc1,3415.0,-3.5333907080175515
NC(=O)C1CCN(CCCN2c3ccccc3Sc3ccc(Cl)cc32)CC1,1.938,-0.2873537727147465
Cc1cccc(N2CCN(CCCNC(=O)c3nc(C)n(CC(C)C)c3C)CC2)c1C,217.0,-2.3364597338485296
COc1c(C)nc(C)nc1C(=O)NCCN1CCN(c2cccc(Cl)c2Cl)CC1.Cl,263.0,-2.419955748489758
O=C(CNC(=O)c1cccc(C(F)(F)F)c1)N[C@@H]1CCN(CCC2CCN(C(=O)c3ccccc3Cl)CC2)C1,10000.0,-4.0
Cc1nc2n(c(=O)c1CCN1CCN(c3nsc4ccccc34)CC1)CCCC2(F)F,17.0,-1.2304489213782739
Cc1nc2n(c(=O)c1CCN1CCN(c3cccc4sccc34)CC1)CCC=C2.Cl,37.6,-1.575187844927661
CCNC(=O)N(CCCN(C)C)C(=O)[C@@H]1C[C@@H]2c3cccc4c3c(cn4C)C[C@H]2N(C)C1,11500.0,-4.060697840353612
COCCCOc1cc(C(=O)N(C[C@@H]2CNC[C@H]2Cc2ccccc2)C(C)C)ccc1OC.Cl,1000.0,-3.0
CCN(CC)CCOc1ccc(/C(=C(/Cl)c2ccccc2)c2ccccc2)cc1,3308.0,-3.519565500880509
O=C(c1ccc(F)cc1)C1CCN(CCn2c(=O)[nH]c3ccccc3c2=O)CC1,13.0,-1.1139433523068367
CNCc1ccccc1Oc1ccc(Cl)cc1,1050.0,-3.0211892990699383
CNC(C)c1ccc(OC)cc1Oc1ccc(Cl)c(Cl)c1,88.0,-1.9444826721501687
CC(=O)NC1CCN(Cc2ccc(OCCCc3ccc(Oc4ccccc4)nn3)cc2)CC1,9650.0,-3.9845273133437926
OC1CCN(Cc2ccc(NCCCc3ccc(Oc4ccccc4)nn3)cc2)CC1,10000.0,-4.0
O[C@@H]1CCCN(Cc2ccc(OCCCc3ccc(Oc4ccccc4)nn3)cc2)C1,10000.0,-4.0
OCC1CCN(Cc2ccc(OCCCc3ccc(Oc4ccccc4)nn3)cc2)CC1,10000.0,-4.0
Clc1ccc2c(c1)C(N1CCNCC1)=Nc1ccccc1O2,1.552,-0.19089171692216964
Oc1ccc(C2CCN(c3ccn4c(CC5CC5)nnc4c3Cl)CC2)cc1,720.0,-2.8573324964312685
COc1c(OCCOCCOCCOc2ccc(C3CCN(c4ccn5c(CC6CC6)nnc5c4Cl)CC3)cc2)cccc1C(=O)C1CCN(CCc2ccc(F)cc2)CC1,1200.0,-3.0791812460476247
COCCOc1cccc(C2CCN(c3ccn4c(CC5CC5)nnc4c3Cl)CC2)c1,6025.6,-3.780000298336571
COc1c(OCCOCCOCCOCCOCCOc2ccc(C3CCN(c4ccn5c(CC6CC6)nnc5c4Cl)CC3)cc2)cccc1C(=O)C1CCN(CCc2ccc(F)cc2)CC1,446.68,-2.6499965074660414
COc1c(OCCOCCOCCOCCOCCOCCOCCOCCOCCOCCOCCOCCOc2ccc(C3CCN(c4ccn5c(CC6CC6)nnc5c4Cl)CC3)cc2)cccc1C(=O)C1CCN(CCc2ccc(F)cc2)CC1,512.86,-2.7099988280251885
COc1cccc(C(=O)C2CCN(CCc3ccc(F)cc3)CC2)c1OC,0.81,0.09151498112135022
COCCOc1cccc(C(=O)C2CCN(CCc3ccc(F)cc3)CC2)c1OC,9.3,-0.9684829485539351
COc1c(OCCOCCOCCOCCOc2ccc(C3CCN(c4ccn5c(CC6CC6)nnc5c4Cl)CC3)cc2)cccc1C(=O)C1CCN(CCc2ccc(F)cc2)CC1,280.0,-2.4471580313422194
COc1c(O)cccc1C(=O)C1CCN(CCc2ccc(F)cc2)CC1,10.96,-1.0398105541483504
COc1ccc(C2CCN(c3ccn4c(CC5CC5)nnc4c3Cl)CC2)cc1,50118.72,-4.699999970860912
COCCOc1ccccc1C1CCN(c2ccn3c(CC4CC4)nnc3c2Cl)CC1,3981.07,-3.59999981394342
COc1c(OCCOCCOc2cn(CCOCCOc3cccc([C@H](O)C4CCN(CCc5ccc(F)cc5)CC4)c3OC)nn2)cccc1[C@H](O)C1CCN(CCc2ccc(F)cc2)CC1,36.31,-1.5600262489128924
Cc1c(C(=O)NCCCN2CCN(c3cccc(Cl)c3Cl)CC2)cc(-c2ccccc2)n1C,46.0,-1.662757831681574
Cc1c(C(=O)NCCCN2CCN(c3cccc4cccnc34)CC2)cc(-c2ccccc2)n1C,352.0,-2.546542663478131
Cc1c(C(=O)NCCCN2CCN(c3ccncc3)CC2)cc(-c2ccccc2)n1C.Cl.Cl,4559.0,-3.6588695922019623
CCCn1c(-c2ccccc2)cc(C(=O)NCCCN2CCN(c3cccc(C)c3C)CC2)c1C,129.0,-2.110589710299249
CCCn1c(C)c(C(=O)NCCN2CCN(c3cccc(Cl)c3Cl)CC2)c(C)c1-c1ccccc1.Cl,25.0,-1.3979400086720377
Cc1c(C(=O)NCCCN2CCN(c3cccc(Cl)c3Cl)CC2)cc(-c2ccncc2)n1C,39.0,-1.591064607026499
CN1CCC(N(C)S(=O)(=O)c2ccc(I)cc2)CC1,160.0,-2.204119982655925
CN1CCC(N(C)S(=O)(=O)c2cccc3ccccc23)CC1,502.0,-2.7007037171450192
COc1c(OCCOCCN=[N+]=[N-])cccc1[C@H](O)C1CCN(CCc2ccc(F)cc2)CC1,46.7,-1.6693168805661123
COc1c(OCCOCCOCCOCCOCCOCCOc2cccc(C(=O)C3CCN(CCc4ccc(F)cc4)CC3)c2OC)cccc1C(=O)C1CCN(CCc2ccc(F)cc2)CC1,39.81,-1.599992177584098
Cc1nc2n(c(=O)c1CCN1CCN(c3nsc4ccccc34)CC1)CCCC2F,89.0,-1.9493900066449128
CNC(=O)c1cc(OCCCCN2CCC(c3noc4cc(F)ccc34)CC2)ccc1F,15.0,-1.1760912590556813
Cc1nc(C(=O)NCCCN2CCN(c3cccc(Cl)c3Cl)CC2)c(C)n1-c1ccccc1F.Cl.Cl.Cl.Cl,16.8,-1.2253092817258628
Cc1nc2n(c(=O)c1CCN1CCC(c3noc4cc(F)ccc34)CC1)CCCC2F,25.0,-1.3979400086720377
Cc1nc2n(c(=O)c1CCN1CCC(c3noc4cc(F)ccc34)CC1)CCCC2(C)O,9.5,-0.9777236052888477
Cc1nc2n(c(=O)c1CCN1CCC(c3noc4cc(F)ccc34)CC1)CCCC2,4.67,-0.6693168805661122
Cc1nc2n(c(=O)c1CCN1CCC(c3cccc4sccc34)CC1)CCCC2.Cl,5.12,-0.7092699609758307
Cc1nc2n(c(=O)c1CCN1CCC(c3cccc4sccc34)CC1)CCCC2O,7.66,-0.8842287696326039
Cc1nc2ccccn2c(=O)c1CCN1CCN(c2cccc3sccc23)CC1,9.14,-0.9609461957338314
CCCn1c(C)nc(C(=O)NCCCN2CCN(c3cccc(Cl)c3Cl)CC2)c1C.Cl.Cl.Cl.Cl,26.0,-1.414973347970818
CN(C)Cc1ccccc1Oc1ccc(Cl)c(Cl)c1,144.0,-2.1583624920952498
CNC(C)c1ccccc1Oc1ccc(C)cc1,55.1,-1.741151598851785
CNC(C)c1ccccc1Oc1ccc(Cl)cc1,179.0,-2.2528530309798933
CNCc1cc(F)ccc1Oc1ccc(Cl)cc1,495.0,-2.694605198933569
CNCc1cc(F)ccc1Oc1ccc(-c2ccccc2)cc1,378.0,-2.577491799837225
COc1ccc(S(=O)(=O)NCCCN2CCN(c3ccc(F)cc3)CC2)cc1,74.0,-1.8692317197309762
O=S1(=O)CCc2ccc(O)cc2N1CCCCN1CCN(c2cccc3sccc23)CC1,18.62,-1.2699796766453237
CNC(=O)c1cccc(OCCCCN2CCN(c3nsc4ccccc34)CC2)c1,180.0,-2.255272505103306
OC[C@H](NC1CCN(CCCc2c[nH]c3ccc(-n4cnnc4)cc23)CC1)c1ccc(F)cc1,1100.0,-3.041392685158225
CN(C)CCC1CC2c3ccccc3Cc3ccccc3N2O1,91.2,-1.9599948383284163
Cc1cccc(N2CCN(CC(O)CNC(=O)c3nc(C)n(-c4ccc(F)cc4)c3C)CC2)c1C.Cl.Cl,78.3,-1.8937617620579434
CCCc1nc(C(=O)NCC(O)CN2CCN(c3cccc(C)c3C)CC2)c(C)n1-c1ccc(Cl)cc1.Cl.Cl.Cl,147.0,-2.167317334748176
Cc1cccc(N2CCN(CCCNC(=O)c3nc(-c4ccccc4)n(-c4ccc(F)cc4)c3C)CC2)c1C.Cl.Cl,27.8,-1.4440447959180762
O=C(c1ccc(F)cc1)C1CCN(CCn2c(=O)[nH]c3ccccc3c2=O)CC1,83.7,-1.92272545799326
CCN(C(=O)Cc1ccc(S(=O)(=O)N(C)C)cc1)C1CCN(CCC(c2ccccc2)c2ccccc2)CC1,800.0,-2.9030899869919438
Cc1cc(C#Cc2ccc(-c3ccc(Cl)cc3)cn2)ccc1OCCN1CCC[C@H]1CO,10000.0,-4.0
CN(C)/C=N/N=C/c1cn(S(=O)(=O)c2cccc3ccccc23)c2cccc([N+](=O)[O-])c12,555.0,-2.7442929831226763
COc1ccc(Cl)cc1S(=O)(=O)n1cc(/C=N/N=C/N(C)C)c2c([N+](=O)[O-])cccc21,1593.0,-3.2022157758011316
CN1CCN2c3c(cccc31)[C@@H]1CN(CCCC(=O)c3ccc(F)cc3)CC[C@@H]12.Cc1ccc(S(=O)(=O)O)cc1,7.0,-0.8450980400142568
CN1CCC(=C(F)c2cccc(NC(=O)c3c(F)cc(F)cc3F)n2)CC1,4871.0,-3.68761812957177
Cc1nc(C(=O)NCC(O)CN2CCN(c3cccc(Cl)c3Cl)CC2)c(C)n1-c1ccc2c(c1)OCCO2,9.86,-0.9938769149412112
Cc1cc(OCCN(C)C)nc2ccc(NC(=O)COc3ccc(Cl)cc3Cl)cc12,0.61,0.21467016498923297
CCCc1ccc(S(=O)(=O)N(C)C2CCN(C)CC2)cc1,329.0,-2.5171958979499744
Cc1cc(N2CCN(C)CC2)nc2ccc(NC(=O)COc3ccc(Cl)cc3)cc12,2180.0,-3.3384564936046046
COc1ccccc1N1CCN(CCOCCOc2cc(C)cc(C)c2C)CC1.Cl.Cl,4011.0,-3.6032526619816467
COc1c(OCCOCCOc2cn(CCOCCOc3cccc([C@H](O)C4CCN(CCc5ccc(F)cc5)CC4)c3OC)nn2)cccc1[C@H](O)C1CCN(CCc2ccc(F)cc2)CC1,36.5,-1.5622928644564746
O=C(CNC(=O)c1cccc(C(F)(F)F)c1)N[C@@H]1CCN(CCN2CCN(C(=O)c3ccccc3)CC2)C1,10000.0,-4.0
CCC[C@@H](CCO)Nc1nc(N)nc2cc(OC)ccc12,1780.0,-3.250420002308894
CCN(c1cccc(N2CCN(C)CC2)c1)S(=O)(=O)c1ccc2ccccc2c1,218.0,-2.3384564936046046
COc1ccc(S(=O)(=O)N(CCCN2CCN(c3ccccc3OC)CC2)CC2CC2)cc1,2210.0,-3.3443922736851106
O=C(c1ccc(F)cc1)C1CCN(CCn2c(=O)[nH]c3ccccc3c2=O)CC1,14.0,-1.146128035678238
CN(C)CCCN1c2ccccc2Sc2ccccc21,23.0,-1.3617278360175928
O=S(=O)(NCCCN1CCN(c2cccc(C(F)(F)F)c2)CC1)c1ccc2ccccc2c1,95.0,-1.9777236052888478
COCCOc1ccc(NC(=O)c2cccc(C(F)(F)F)c2)cc1-c1ccnn1C,4.4,-0.6434526764861874
Cc1cc(C(=O)NCCCN2CCN(c3cccc(Cl)c3Cl)CC2)nc(C)n1.Cl,166.0,-2.220108088040055
Cc1cc2c(s1)Nc1ccccc1N=C2N1CCN(C)CC1,5.016,-0.70035752782266
CC(CN1c2ccccc2Sc2ccccc21)N(C)C,67.0,-1.8260748027008264
CN1CCN(c2ccc3c(c2)N(S(=O)(=O)c2ccc4ccccc4c2)CCC3=O)CC1,366.0,-2.5634810853944106
Cc1cccc(N2CCN(CCCC(=O)NCc3nc4cc(F)ccc4c(=O)n3-c3ccccc3)CC2)c1C,1700.0,-3.230448921378274
O=C(CCCN1CCN(c2cccc(C(F)(F)F)c2)CC1)NCc1nc2cc(F)ccc2c(=O)n1-c1ccccc1,620.0,-2.792391689498254
COc1ccccc1N1CCN(CCCC(=O)NCc2nc3ccc(F)cc3c(=O)n2-c2ccccc2)CC1,10000.0,-4.0
N#Cc1ccc2[nH]cc(CCCN3CCN(c4ccc(-n5ccc6ncccc6c5=O)cc4)CC3)c2c1,10000.0,-4.0
Cc1nc2n(c(=O)c1CCN1CCN(c3csc4ccsc34)CC1)CCCC2O,651.0,-2.8135809885681917
Cc1nc2n(c(=O)c1CCN1CCN(c3cccc4sccc34)CC1)CCCC2(F)F.Cl,11.5,-1.0606978403536118
CN1CCC(N(C)S(=O)(=O)c2ccc(C(C)(C)C)cc2)CC1,519.0,-2.7151673578484576
CCCc1nc(C(=O)NCC(O)CN2CCN(c3cccc(C)c3C)CC2)cn1-c1ccccc1,504.0,-2.7024305364455254
Cc1cccc(N2CCN(CCCNC(=O)c3nc(C(C)C)n(-c4ccccc4)c3C)CC2)c1C,105.0,-2.0211892990699383
C#C[C@]1(O)CC[C@H]2[C@@H]3CCC4=Cc5oncc5C[C@]4(C)[C@H]3CC[C@@]21C,8850.0,-3.9469432706978256
OCC1CCN(Cc2ccc(OCCCc3ccc(-c4ccc(Cl)cc4)nn3)cc2)CC1,790.0,-2.8976270912904414
Cc1cccc(N2CCN(CC(O)CNC(=O)c3nc(-c4ccccc4)n(-c4ccccc4)c3C)CC2)c1C,58.6,-1.7678976160180906
CN1CCC(N(C)S(=O)(=O)c2ccc(C#N)cc2)CC1,10000.0,-4.0
CNC(=O)c1cccc(OCCCCN2CCC(c3noc4cc(F)ccc34)CC2)c1,46.0,-1.662757831681574
O=C1c2ccccc2C(=O)N1CCCCN1CCN(c2cccc3sccc23)CC1,683.0,-2.8344207036815323
CCOC(=O)Cc1nn(CNC(=O)CCN2CCN(c3ccccc3F)CC2)c(=O)c2ccccc12,10000.0,-4.0
CCOC(=O)Cc1nn(CNC(=O)CCN2CCN(c3ccc(C)c(C)c3)CC2)c(=O)c2c(F)cccc12,450.0,-2.6532125137753435
CCOC(=O)Cc1nn(CNC(=O)CCN2CCN(c3ccc(C)c(C)c3)CC2)c(=O)c2cc(F)ccc12,131.0,-2.1172712956557644
Cc1ccc(N2CCN(CCC(=O)NCc3nc4ccccc4c(=O)n3-c3ccccc3)CC2)cc1C,476.0,-2.677606952720493
CC/C(=C(/CC)c1ccc(O)cc1)c1ccc(O)cc1,4790.0,-3.680335513414563
C1=C(c2c[nH]c3ccccc23)CCN(Cc2ccccc2)C1,2618.0,-3.417969642214737
COc1c(O)cccc1C(=O)C1CCN(CCc2ccc(F)cc2)CC1,11.0,-1.041392685158225
COc1c(OCCOCCOCCOCCOCCOCCOc2ccc(C3CCN(c4ccn5c(CC6CC6)nnc5c4Cl)CC3)cc2)cccc1C(=O)C1CCN(CCc2ccc(F)cc2)CC1,270.0,-2.4313637641589874
COc1cccc(C(=O)C2CCN(CCc3ccc(F)cc3)CC2)c1OC,0.8128,0.09001630506015597
COc1cccc(C2CCN(c3ccn4c(CC5CC5)nnc4c3Cl)CC2)c1,4168.69,-3.619999600500459
COc1ccc(-c2ccc(CCCNc3ccc(CN(C)C)cc3)nn2)cc1,4580.0,-3.660865478003869
CCOc1ccccc1N1CCN(CCCC(=O)NCc2nc3ccc(F)cc3c(=O)n2-c2ccc(OC)cc2)CC1,7900.0,-3.8976270912904414
CC[C@@H]1O[C@](/C=C/C2CC2)(C(F)(F)F)c2c(ccc(F)c2F)NC1=O,15000.0,-4.176091259055681
COc1ccccc1N1CCN(CCC(C)NS(=O)(=O)c2ccc3ccccc3c2)CC1,664.0,-2.8221680793680175
CCN(CC)c1nc(Nc2ccc(C)c(C)c2)c2cn[nH]c2n1,2753.0,-3.4398062113933303
CCCN(CCC)CC1(N(CCC)CCC)COc2cccc(OC)c2C1,213796.21,-5.330000002132462
O=C1[C@@H]2[C@H](C(=O)N1CCCCN1CCN(c3cccc4c3OCCO4)CC1)[C@H]1C=C[C@@H]2C1,854.0,-2.931457870689005
CN(C)CC1CC2c3ccccc3Cc3ccncc3N2O1,389.05,-2.59000541965133
O=C(COc1ccc(-c2ccc(Cl)cc2)cc1)Nc1ccc(CN2CCCCC2)cc1,91.0,-1.9590413923210936
COc1ccc(-c2ccc(CCCNc3ccc(CN4CCCC(O)C4)cc3)nn2)cc1,10000.0,-4.0
O=c1n(CCCCN2CCN(c3cccc4scnc34)CC2)nc2ccccn12,2730.0,-3.436162647040756
CCc1nc(C(=O)NCCN2CCN(c3cccc(Cl)c3Cl)CC2)c(C)n1-c1ccccc1.Cl.Cl.Cl.Cl,27.0,-1.4313637641589874
Cc1nc(C(=O)NCCCN2CCN(c3cccc(Cl)c3Cl)CC2)c(C)n1C1CCCC1.Cl.Cl.Cl.Cl,55.0,-1.7403626894942439
CN(C)CCn1cc(S(=O)(=O)c2cccc(Cl)c2)c2cccnc21,131.0,-2.1172712956557644
Oc1ccc(C2CCN(c3ccn4c(CC5CC5)nnc4c3Cl)CC2)cc1,724.44,-2.8600024219010978
COc1c(OCCOCCOCCOc2ccc(C3CCN(c4ccn5c(CC6CC6)nnc5c4Cl)CC3)cc2)cccc1C(=O)C1CCN(CCc2ccc(F)cc2)CC1,1202.26,-3.0799983980783527
COc1c(OCCOCCOCCOCCOCCOCCOCCOCCOc2ccc(C3CCN(c4ccn5c(CC6CC6)nnc5c4Cl)CC3)cc2)cccc1C(=O)C1CCN(CCc2ccc(F)cc2)CC1,407.38,-2.6099997038422305
COc1ccc(C2CCN(c3ccn4c(CC5CC5)nnc4c3Cl)CC2)cc1,50000.0,-4.698970004336019
COCCOc1cccc(C2CCN(c3ccn4c(CC5CC5)nnc4c3Cl)CC2)c1,6000.0,-3.778151250383644
CCCc1nc(C(=O)NCCCN2CCN(c3cccc(C)c3C)CC2)c(C)n1-c1ccc(OC)cc1,70.8,-1.850033257689769
Cc1cccc(N2CCN(CCCNC(=O)c3nc(C)n(-c4ccccn4)c3C)CC2)c1C,297.0,-2.4727564493172123
COc1cccc(CN2CC=C(c3c[nH]c4ccccc34)CC2)c1,7943.28,-3.899999871665804
COc1cccc(CN2CC=C(c3c[nH]c4ccccc34)CC2)c1,7980.0,-3.902002891350729
Cc1[nH]nc(C(=O)N2CCN(CC(=O)c3ccc(F)cc3)CC2)c1F,11.0,-1.041392685158225
O=C1[C@@H]2[C@H](C(=O)N1CCCN1CCN(c3cccc4sccc34)CC1)[C@H]1C=C[C@@H]2C1,113.0,-2.05307844348342
CN(C)CCOC(c1ccccc1)c1ccccc1.Cn1c(=O)c2[nH]c(Cl)nc2n(C)c1=O,693.0,-2.8407332346118066
CN1CCC(N(C)S(=O)(=O)c2ccc(Cl)cc2)CC1,537.0,-2.7299742856995555
Cc1cccc(S(=O)(=O)N(C)C2CCN(C)CC2)c1,3450.0,-3.537819095073274
CC(C)OC(=O)C(C)(C)Oc1ccc(C(=O)c2ccc(Cl)cc2)cc1,2118.0,-3.325925955771466
Cc1[nH]c2ccccc2c1C1=CCNCC1,1500.0,-3.1760912590556813
Cc1nc2n(c(=O)c1CCN1CCN(c3ncnc4sccc34)CC1)CCCC2O,1110.0,-3.0453229787866576
COc1cccc2c1CC(CNCCCCN1C(=O)CC3(CCCC3)CC1=O)CO2,48.98,-1.6900187807886953
CCCCN1CCC(COc2nc3ccsc3n3cccc23)CC1,165.96,-2.2200034261569352
O=C1C2CCCCC2C(=O)N1CCCCN1CCN(c2cccc3sccc23)CC1,34.0,-1.5314789170422551
O=C1c2ccc(Cl)cc2C(=O)N1CCCCN1CCN(c2cccc3sccc23)CC1,7250.0,-3.8603380065709936
O=C1[C@@H]2[C@H]3CC[C@H](C3)[C@@H]2C(=O)N1CCCCN1CCN(c2cccc3sccc23)CC1,27.5,-1.4393326938302626
CN(C)CC1CC2c3ccccc3Cc3ccc(Cl)cc3N2O1,3.467,-0.5399538416563967
CC(C)COc1ccc(CNC(=O)N(Cc2ccc(F)cc2)C2CCN(C)CC2)cc1,1.862,-0.26997967664532385
O=C(Nc1ccc(Oc2cccnc2)nc1)c1c[nH]c2ccccc12,1000.0,-3.0
Cc1cc2c(cc1C(F)(F)F)N(C(=O)Nc1ccc(Oc3cccnc3C)nc1)CC2,32.4,-1.510545010206612
Cc1cccc2c1C1CC(CN(C)C)ON1c1ccccc1C2,47.86,-1.6799726942774185
CNCc1cc(OC)ccc1Oc1ccc(Cl)c(Cl)c1,1450.0,-3.161368002234975
CNCc1cc(OC)c(OC)cc1Oc1ccc(Cl)c(Cl)c1,249.0,-2.3961993470957363
CNCc1ccc(Cl)cc1Oc1ccc(C)cc1,1.18,-0.07188200730612536
CCc1cc(Oc2cc(Cl)ccc2CNC)ccc1Cl,47.1,-1.6730209071288962
CNCc1ccc(Cl)cc1Oc1cccc(Cl)c1,48.6,-1.6866362692622934
O=C1Cc2cc(CCN3CCN(c4nsc5ccccc45)CC3)c(Cl)cc2N1,0.42,0.37675070960209955
CCCn1c(-c2ccccc2)cc(C(=O)NCCCN2CCN(c3cccc(Br)c3)CC2)c1C,221.0,-2.3443922736851106
Cc1c(C(=O)N(C)CCCN2CCN(c3cccc(Cl)c3Cl)CC2)cc(-c2ccccc2)n1C,39.0,-1.591064607026499
Cc1cccc(N2CCN(CCCNC(=O)c3cc(-c4ccccc4)n(C)c3C)CC2)c1C,57.0,-1.7558748556724915
Cc1c(Cl)cccc1N1CCN(CCNC(=O)c2cc(-c3ccccc3)n(C)c2C)CC1,152.0,-2.1818435879447726
COc1cccc(C(=O)Nc2ccc(OCCO)c(-c3c(Cl)cnn3C)c2)c1,0.51,0.2924298239020636
CN1CCN(C2=Nc3cc(Cl)ccc3Nc3ccccc32)CC1,4.195,-0.6227319651647191
CN(C)[C@H]1CC[C@@H](c2c[nH]c3ccc(F)cc23)C1,28000.0,-4.447158031342219
CCNCCc1cccc2[nH]cc(S(=O)(=O)c3ccccc3)c12,1025.0,-3.010723865391773
CN1CCC(N(C)S(=O)(=O)c2ccc([N+](=O)[O-])cc2)CC1,10000.0,-4.0
Cc1ccccc1S(=O)(=O)N(C)C1CCN(C)CC1,1550.0,-3.1903316981702914
Cc1cccc(N2CCN(CCCC(=O)NCc3nc4ccc(F)cc4c(=O)n3-c3ccccc3)CC2)c1C,420.0,-2.6232492903979003
CCCc1nc(C(=O)NCCCN2CCN(c3cccc(Cl)c3Cl)CC2)c(C)n1-c1ccccc1,21.0,-1.3222192947339193
CCn1c(-c2ccccc2)cc(C(=O)NCCCN2CCN(c3cccc(Cl)c3)CC2)c1C,92.0,-1.9637878273455553
CCCc1nc(C(=O)NCCCN2CCN(c3cccc(C)c3C)CC2)cn1-c1ccc(Cl)cc1.Cl.Cl.Cl,32.4,-1.510545010206612
Cc1c(Cl)cccc1N1CCN(CC(O)CNC(=O)c2nc(-c3ccccc3)n(-c3ccc(F)cc3)c2C)CC1.Cl.Cl.Cl,26.7,-1.4265112613645752
Cc1cccc(N2CCN(CC(O)CNC(=O)c3nc(C)n(-c4ccc5c(c4)OCCO5)c3C)CC2)c1C.Cl.Cl,231.5,-2.364550995353972
CN(C)CC1CC2c3ccccc3Cc3cccc(Cl)c3N2O1,32.36,-1.5100085129402347
Cc1c(C(=O)NCCCN2CCN(c3cccc(Cl)c3)CC2)cc(-c2ccccc2)n1N1CCCCC1,441.0,-2.6444385894678386
Cc1c(C(=O)NCCCN2CCN(c3cccc(Cl)c3)CC2)cc(-c2ccccc2)n1Cc1ccccc1,179.0,-2.2528530309798933
Cc1c(C(=O)NCCCN2CCN(c3cccc(Cl)c3)CC2)cc(-c2ccccc2)n1CC1CCCCC1,1067.0,-3.0281644194244697
Cc1[nH]c(-c2ccccc2)cc1C(=O)NCCCN1CCN(c2cccc(Cl)c2Cl)CC1,300.0,-2.4771212547196626
CC(C)NCCCc1cccc2[nH]cc(S(=O)(=O)c3ccccc3)c12,5979.0,-3.7766285534201502
CC(=O)NC1CCN(Cc2ccc(OCCCc3ccc(-c4ccc(F)cc4)nn3)cc2)CC1,713.0,-2.8530895298518657
CB1C=Cc2c(cccc2OCC(O)CN(C)C)N1,5011.87,-3.6999997975545824
Cc1cc2c(s1)Nc1ccccc1N=C2N1CCN(C)CC1,100.0,-2.0
Cc1cccc(N2CCN(CC(O)CNC(=O)c3nc(C(C)C)n(-c4ccccc4)c3C)CC2)c1C,731.0,-2.8639173769578603
Cn1nccc1-c1cc(NC(=O)c2ccno2)ccc1OCCN,91.0,-1.9590413923210936
CC(C)N(c1cccc(N2CCN(C)CC2)c1)S(=O)(=O)c1cccc2ccccc12,122.0,-2.0863598306747484
CC(C)N(c1cccc(N2CCN(C)CC2)c1)S(=O)(=O)c1ccccc1,172.0,-2.2355284469075487
Clc1ccc(-c2ccc(C#Cc3ccc(OCCN4CCCC4)cc3)nc2)cc1,500.0,-2.6989700043360187
Clc1ccc(-c2ccc(CCCNc3ccc(CN4CCCCC4)cc3)cc2)cc1,680.0,-2.832508912706236
COc1ccc(-c2ccc(CCCNc3ccc(CN4CCC(NC(C)=O)CC4)cc3)nn2)cc1,10000.0,-4.0
CCCN1CCC(COc2nc3scc(C)c3n3cccc23)CC1,10000.0,-4.0
O=S(=O)(NCCCN1CCN(c2ccc(Cl)c(Cl)c2)CC1)c1ccc2ccccc2c1,19.0,-1.2787536009528289
CCCc1nc(C(=O)NCCCN2CCN(c3cccc(Cl)c3Cl)CC2)c(C)n1-c1ccc(OC)cc1,5.17,-0.7134905430939424
Cc1cccc(N2CCN(CC(O)CNC(=O)c3nc(C)n(CC(C)C)c3C)CC2)c1C,1011.0,-3.004751155591001
CCOc1nc(NC(=O)C(C)(C)NC(=O)c2ccc3c(C4CCCC4)c(-c4ccc(F)cn4)n(C)c3c2)ccc1/C=C/C(=O)O,6000.0,-3.778151250383644
O=C(Nc1ccc(Oc2cccnc2Cl)nc1)c1c[nH]c2ccccc12,1000.0,-3.0
Cc1c(C(=O)NCCCN2CCN(c3cccc(Cl)c3Cl)CC2)cc(-c2ccccc2)n1N1CCCCC1,67.1,-1.826722520168992
COc1ccccc1-n1c(C)nc(C(=O)NCCCN2CCN(c3cccc(C)c3C)CC2)c1C,144.0,-2.1583624920952498
COc1ccc(S(=O)(=O)N(CCCN2CCN(c3ccc(F)cc3)CC2)CC2CCCCC2)cc1,3.4,-0.5314789170422551
O=S(=O)(c1ccc(C(F)(F)F)cc1)N(CCCN1CCN(c2ccccc2)CC1)CC1CC1,70.8,-1.850033257689769
O=S(=O)(c1ccc2ccccc2c1)N(CCCN1CCN(c2cccc(C(F)(F)F)c2)CC1)CC1CC1,221.0,-2.3443922736851106
CCCN(CCC)CC1COc2cccc(OC)c2C1,15848.93,-4.199999947261554
COc1ccc(NC(=O)Nc2ccc(Cl)cc2)cc1-c1c(Br)cnn1C,0.7943,0.100015437450609
Cc1c(C(=O)NCCCN2CCN(c3cccc(Cl)c3Cl)CC2)cc(-c2ccccc2)n1CC(C)C,406.0,-2.6085260335771943
Cc1cccc(N2CCN(CCCCNC(=O)c3cc(-c4ccccc4)n(C)c3C)CC2)c1C,61.0,-1.7853298350107671
NCC1CC2c3ccccc3Cc3ccccc3N2O1,15.85,-1.2000292665537704
COc1ccc(NC(=O)Nc2ccc(F)cc2)cc1-c1c(Br)cnn1C,0.2512,0.5999803649348415
COc1ccc(NC(=O)Nc2cccc(C(F)(F)F)c2)cc1-c1c(Br)cnn1C,0.3981,0.40000782241590205
COc1ccc(NC(=O)Nc2ccc(N(C)C)cc2)cc1-c1c(Br)cnn1C,50.12,-1.7000110623221123
Cc1nc2n(c(=O)c1CCN1CCC(c3noc4cc(F)ccc34)CC1)CCCC2(F)F.Cl,7.1,-0.8512583487190752
Cc1nc2n(c(=O)c1CCN1CCC(c3noc4cc(F)ccc34)CC1)CCCC2O,5.2,-0.7160033436347992
Cc1nc2n(c(=O)c1CCN1CCN(c3nsc4ccccc34)CC1)CCCC2O,5.18,-0.7143297597452329
Cc1nc2n(c(=O)c1CCN1CCN(c3cccc4sccc34)CC1)CCCC2,1.19,-0.07554696139253074
Cc1nc2n(c(=O)c1CCN1CCN(c3cccc4c3CCS4)CC1)CCCC2O,26.4,-1.421603926869831
CCCn1c(-c2ccccc2)cc(C(=O)NCCCN2CCN(c3cccc(Cl)c3Cl)CC2)c1C,324.0,-2.510545010206612
CCCn1c(-c2ccccc2)cc(C(=O)NCCCN2CCN(c3ccc(Cl)c(Cl)c3)CC2)c1C.Cl,54.0,-1.7323937598229686
CCCn1c(-c2ccccc2)cc(C(=O)NCCCN2CCN(c3ccccc3OC)CC2)c1C,953.0,-2.979092900638326
CCCn1c(-c2ccccc2)cc(C(=O)N(C)CCCN2CCN(c3cccc(Cl)c3Cl)CC2)c1C.Cl,33.0,-1.5185139398778875
Cc1ccc(Oc2ccccc2CN(C)C)cc1,74.2,-1.8704039052790271
CNCc1ccccc1Oc1ccc(C)c(C)c1,66.4,-1.8221680793680175
CNCc1ccc(C(F)(F)F)cc1Oc1ccc(Cl)c(Cl)c1,362.0,-2.558708570533166
CNCc1ccc(F)cc1Oc1ccc(Cl)c(Cl)c1,651.0,-2.8135809885681917
CNC(C)c1ccccc1Oc1ccc(Cl)c(Cl)c1,379.0,-2.578639209968072
CNC(C)c1cc(F)ccc1Oc1ccc(Cl)cc1,206.0,-2.3138672203691533
Cc1ccc(Oc2ccc(Cl)c(Cl)c2)c(CN(C)C)c1,376.0,-2.575187844927661
CNCc1ccc(Br)cc1Oc1ccc(Cl)c(Cl)c1,66.8,-1.8247764624755456
CNCc1cc(C(F)(F)F)ccc1Oc1ccc(Cl)c(Cl)c1,1800.0,-3.255272505103306
CNCc1ccc(C(F)(F)F)cc1Oc1ccc(Cl)cc1,324.0,-2.510545010206612
O=C1[C@@H]2[C@H](C(=O)N1CCCCN1CCN(c3nsc4ccccc34)CC1)[C@H]1C=C[C@@H]2C1,35.8,-1.5538830266438743
O=C(/C=C/c1ccc(-c2ccc(Cl)cc2)cc1)Nc1ccc(CN2CCCCC2)cc1,1932.0,-3.2860071220794747
N#Cc1ccc(CCOC(=O)NC2CCN(CCCC(c3ccc(F)cc3)c3ccc(F)cc3)CC2)cc1,683.0,-2.8344207036815323
Cc1cc(C(=O)NCCCN2CCN(c3cccc(C)c3C)CC2)nc(C(C)(C)C)n1.Cl,274.0,-2.437750562820388
CN(C)CCOC(c1ccccc1)c1ccccc1,1295.0,-3.1122697684172707
CCCc1nc(C(=O)NCCN2CCN(c3cccc(Cl)c3Cl)CC2)c(C)n1-c1ccccc1.Cl.Cl.Cl.Cl,39.0,-1.591064607026499
CN(CC1CC2c3ccccc3Cc3ccccc3N2O1)C(=O)C(F)(F)F,1000.0,-3.0
CN(C)CCCC1CC2c3ccccc3Cc3ccccc3N2O1,3.89,-0.5899496013257077
CC(C)[C@H]1C(=O)N2CCC[C@H]2[C@]2(O)O[C@](NC(=O)[C@@H]3C=C4c5cccc6[nH]cc(c56)C[C@H]4N(C)C3)(C(C)C)C(=O)N12,28.0,-1.4471580313422192
CNCCC(Oc1ccc(C(F)(F)F)cc1)c1ccccc1,194.0,-2.287801729930226
CC(=O)N1CCN(Cc2ccc(CCNC(=O)c3ccc(-c4ccc(Cl)cc4)cc3)cc2)CC1,2330.0,-3.367355921026019
CCNC(=O)N(C)Cc1ccc(CCNC(=O)c2ccc(-c3ccc(Cl)cc3)cc2F)cc1,8150.0,-3.9111576087399764
CC1CCN(CCOc2ccc(C#Cc3ccc(-c4ccc(Cl)cc4)cn3)cc2)CC1,1354.0,-3.1316186643491255
NC(=O)C1CCN(CCOc2ccc(C#Cc3ccc(-c4ccc(Cl)cc4)cn3)cc2)CC1,10000.0,-4.0
CCOC(=O)Cc1nn(CNC(=O)CCCN2CCN(c3cccc(C)c3C)CC2)c(=O)c2c(F)cccc12,104.0,-2.0170333392987803
Cc1cccc(N2CCN(CCCC(=O)NCn3nc(CC(N)=O)c4ccccc4c3=O)CC2)c1C,256.0,-2.4082399653118496
CC(C)(C)CC(C)(C)c1ccc(OCCOCC[N+](C)(C)Cc2ccccc2)cc1.[Cl-],129.0,-2.110589710299249
CC(C)[C@@]1(NC(=O)[C@@H]2C[C@@H]3c4cccc5[nH]cc(c45)C[C@H]3N(C)C2)O[C@@]2(O)[C@@H]3CCCN3C(=O)[C@H](Cc3ccccc3)N2C1=O.CS(=O)(=O)O,15.0,-1.1760912590556813
O=C(CCCN1CCC(O)(c2ccc(Cl)cc2)CC1)c1ccc(F)cc1,75.0,-1.8750612633917
Clc1ccc(COC(Cn2ccnc2)c2ccc(Cl)cc2Cl)c(Cl)c1,3907.0,-3.5918434112247843
CN1CCN(c2cccc3c2C(=O)CCN3S(=O)(=O)c2ccc3ccccc3c2)CC1,760.0,-2.8808135922807914
CC(c1ccccc1Oc1ccc(Cl)c(Cl)c1)N(C)C,87.8,-1.9434945159061026
CNCc1cc(Cl)ccc1Oc1ccc(Cl)cc1,90.2,-1.9552065375419416
CNCc1ccc(Cl)cc1Oc1ccc(C)c(Cl)c1,9.11,-0.9595183769729982
N#Cc1ccc(CCOC(=O)N2CCN(CCCC(c3ccc(F)cc3)c3ccc(F)cc3)CC2)cc1,715.0,-2.8543060418010806
COc1ccccc1-n1c(C)nc(C(=O)NCC(O)CN2CCN(c3cccc(Cl)c3C)CC2)c1C.Cl.Cl.Cl,370.0,-2.568201724066995
Cc1c(Cl)cccc1N1CCN(CCCNC(=O)c2nc(C)n(-c3ccccc3Cl)c2C)CC1.Cl.Cl.Cl.Cl,29.0,-1.462397997898956
CCCc1nc(C(=O)NCC(O)CN2CCN(c3cccc(Cl)c3C)CC2)c(C)n1-c1ccc(OC)cc1.Cl.Cl.Cl,582.0,-2.7649229846498886
Cc1cccc(N2CCN(CC(O)CNC(=O)c3nc(C)n(-c4ccccc4Cl)c3C)CC2)c1C.Cl.Cl.Cl,318.0,-2.5024271199844326
Cc1c(Cl)cccc1N1CCN(CC(O)CNC(=O)c2nc(C)n(-c3ccc4c(c3)OCCO4)c2C)CC1.Cl.Cl.Cl,127.0,-2.103803720955957
Cc1c(Cl)cccc1N1CCN(C[C@@H](O)CNC(=O)c2nc(-c3ccccc3)n(-c3ccc(F)cc3)c2C)CC1.Cl.Cl.Cl,20.1,-1.3031960574204888
CC(C)COc1ccc(CNC(=O)N(Cc2ccc(F)cc2)C2CCN(S(C)(=O)=O)CC2)cc1,2018.0,-3.3049211619008916
Cc1cccc(N2CCN(CCCC(=O)NCc3nc4ccccc4c(=O)n3-c3ccccc3)CC2)c1C,1100.0,-3.041392685158225
CCCn1c(-c2ccccc2)cc(C(=O)NCCCN2CCN(c3cccc(C)c3C)CC2)c1C,129.0,-2.110589710299249
Cc1c(C(=O)NCCCN2CCN(c3cccc(Cl)c3)CC2)cc(-c2ccccc2)n1CC(C)C,333.0,-2.5224442335063197
Cc1cccc(N2CCN(CC(O)CNC(=O)c3nc(-c4ccccc4)n(-c4ccccc4)c3C)CC2)c1C.Cl.Cl,58.6,-1.7678976160180906
COc1ccccc1-n1c(C)nc(C(=O)NCC(O)CN2CCN(c3cccc(Cl)c3Cl)CC2)c1C.Cl.Cl.Cl.Cl,52.1,-1.7168377232995244
CCCc1nc(C(=O)NCC(O)CN2CCN(c3cccc(Cl)c3C)CC2)c(C)n1-c1ccc2c(c1)OCCO2.Cl.Cl.Cl,237.0,-2.374748346010104
Cc1c(Cl)cccc1N1CCN(C[C@H](O)CNC(=O)c2nc(-c3ccccc3)n(-c3ccc(F)cc3)c2C)CC1.Cl.Cl.Cl,95.0,-1.9777236052888478
Cc1cccc(N2CCN(CCCNC(=O)c3nc(C)n(-c4ccccc4)c3C)CC2)c1C.Cl.Cl,91.0,-1.9590413923210936
Cc1cccc(N2CCN(CCCNC(=O)c3cn(-c4ccccc4)c(-c4ccccc4)n3)CC2)c1C.Cl.Cl,13.2,-1.1205739312058498
Cc1c(C(=O)NCC(O)CN2CCN(c3cccc(Cl)c3Cl)CC2)nc(-c2ccccc2)n1-c1ccccc1.Cl.Cl.Cl.Cl,24.0,-1.380211241711606
CCCc1nc(C(=O)NCC(O)CN2CCN(c3cccc(Cl)c3C)CC2)cn1-c1ccc(Cl)cc1.Cl.Cl.Cl.Cl,107.0,-2.0293837776852097
CC(C)N(CCCN1CCN(c2cccc(Cl)c2Cl)CC1)C(=O)c1ccccc1,2008.0,-3.3027637084729817
Cc1ccccc1C(OCCN(C)C)c1ccccc1,436.0,-2.639486489268586
N=C(N)c1ccc(OCCCCCOc2ccc(C(=N)N)cc2)cc1,1639.0,-3.214578953570499
O=c1[nH]c2ccccc2n1CCCN1CCC(n2c(=O)[nH]c3cc(Cl)ccc32)CC1,37.0,-1.568201724066995
CCCc1nc(C(=O)NCCCN2CCN(c3cccc(C)c3C)CC2)c(C)n1-c1ccccc1Cl.Cl.Cl.Cl,90.0,-1.9542425094393248
c1ccc2c(c1)CN(CC1CC3c4ccccc4Cc4ccccc4N3O1)C2,1000.0,-3.0
Cc1cccc(N2CCN(CCCNC(=O)c3nc(-c4ccccc4)n(-c4ccc5c(c4)OCCO5)c3C)CC2)c1C.Cl.Cl,19.0,-1.2787536009528289
Cc1cccc(N2CCN(CCCNC(=O)c3nc(C(C)C)n(-c4ccccc4)c3C)CC2)c1C.Cl.Cl,105.0,-2.0211892990699383
Cn1ncc(Cl)c1-c1cc(NC(=O)c2ccc(F)c(C(F)(F)F)c2)ccc1OCCN,1.0,-0.0
COc1ccc(S(=O)(=O)NCCCN2CCN(c3ccccc3OC)CC2)cc1,5168.0,-3.7133225049870275
CCCc1nc(C(=O)NCC(O)CN2CCN(c3cccc(C)c3C)CC2)c(C)n1-c1ccc2c(c1)OCCO2.Cl.Cl,294.0,-2.4683473304121573
Cc1c(C(=O)NCCCN2CCN(c3ccccc3Br)CC2)cc(-c2ccccc2)n1C,221.0,-2.3443922736851106
COc1nc(N2CCN(C)CC2)nc2c1CCNCC2.Cl,10000.0,-4.0
CN1CCN(c2nc3c(c(N4CCOCC4)n2)CCNCC3)CC1.Cl,10000.0,-4.0
O=C(CNC(=O)c1cccc(C(F)(F)F)c1)N[C@@H]1CCN(CCN2CCN(C(=O)c3ccccc3Cl)CC2)C1,10000.0,-4.0
O=S(=O)(c1ccc(C(F)(F)F)cc1)N(CCCN1CCC(c2noc3cc(F)ccc23)CC1)C1COC1,92.7,-1.967079734144497
CC[C@@H](CO)NC(=O)[C@@H]1C=C2c3cccc4[nH]cc(c34)C[C@H]2N(C)C1,2.547,-0.40602894496361513
COc1ccc2[nH]cc(C(=O)Nc3ccc(Oc4cccnc4C)nc3)c2c1,10000.0,-4.0
CCC(C)(CC)NC1=NCCNC(c2ccccc2F)=C1,14.5,-1.1613680022349748
CN1CCC(N(C)S(=O)(=O)c2ccc(OC(F)(F)F)cc2)CC1,2448.0,-3.3888114134735234
C[C@@H]1C[C@H]2[C@@H]3CCC4=CC(=O)C=C[C@]4(C)C3=CC[C@]2(C)[C@H]1C(=O)CN1CCN(c2cc(N3CCCC3)nc(N3CCCC3)n2)CC1,2002.0,-3.3014640731432996
O=c1n(CCCN2CCN(c3cccc(Cl)c3)CC2)nc2ccccn12,20.0,-1.3010299956639813
CO[C@@H]1[C@@H](OC)[C@H](C)[C@@](O)(CC(=O)O)O[C@H]1[C@H](C)[C@H]1O[C@@]2(CC[C@@](C)([C@H]3CC[C@@](C)([C@@H]4O[C@@H]([C@H]5O[C@](C)(O)[C@H](C)C[C@@H]5C)C[C@@H]4O[C@@H]4C[C@H](OC)[C@@H](OC)[C@H](C)O4)O3)O2)C[C@H](O)[C@H]1C,8.694,-0.9392196358548183
CNCc1cc(F)ccc1Oc1ccccc1,670.0,-2.8260748027008264
CN(C)Cc1ccccc1Oc1ccc(Cl)cc1,1980.0,-3.296665190261531
CN(C)Cc1ccccc1Oc1ccc(F)c(F)c1,1000.0,-3.0
CNCc1ccc(OC)cc1Oc1ccc(Cl)c(Cl)c1,105.0,-2.0211892990699383
CNCc1ccc(Cl)cc1Oc1ccc(F)c(Cl)c1,60.9,-1.7846172926328754
Cl.Fc1cccc(Nc2nc(Cc3ccccc3)nc3c2CCNCC3)c1,4.92,-0.6919651027673603
OCCN1CCN(CCCN2c3ccccc3Sc3ccc(C(F)(F)F)cc32)CC1,5.104,-0.7079106657131059
CNC(C)c1cc(F)ccc1Oc1ccc(Cl)c(Cl)c1,301.0,-2.478566495593843
Cn1nccc1-c1cc(NC(=O)C(=O)c2ccc(F)cc2)ccc1OCCN,0.025,1.6020599913279623
Cc1[nH]nc(C(=O)N2CCN(CC(=O)c3ccc(F)cc3)CC2)c1Br,4.6,-0.6627578316815741
Cn1cc(Cl)c(C(=O)N2CCN(CCc3ccccc3F)CC2)n1,36.0,-1.5563025007672873
CCCc1nc(C(=O)NCCCN2CCN(c3cccc(Cl)c3Cl)CC2)cn1-c1ccc(Cl)cc1.Cl.Cl.Cl.Cl.Cl,70.9,-1.8506462351830666
C[C@@H](CO)NC(=O)[C@@H]1C=C2c3cccc4[nH]cc(c34)C[C@H]2N(C)C1,2.205,-0.34340859380385735
C[C@H]1Cc2c([nH]c3cc(Cl)c(F)cc23)[C@@]2(N1)C(=O)Nc1ccc(Cl)cc12,10000.0,-4.0
Cc1nc(C(=O)NCCCN2CCN(c3cccc(Cl)c3Cl)CC2)c(C)n1-c1ccccc1F,16.8,-1.2253092817258628
Cc1cccc(N2CCN(CCNC(=O)c3nc(C)n(-c4ccc5c(c4)OCO5)c3C)CC2)c1C,29.0,-1.462397997898956
Cc1cccc(N2CCN(CCCNC(=O)c3nc(C)n(-c4ccccc4Cl)c3C)CC2)c1C,80.0,-1.9030899869919435
Cn1ncc(Cl)c1-c1cc(NC(=O)C2CCC(C(F)(F)F)CC2)ccc1OCCN,0.26,0.585026652029182
COc1ccc2[nH]cc(C3=CCNCC3)c2c1,1000.0,-3.0
CN(C)Cc1cc(N)ccc1Oc1ccc(Cl)c(Cl)c1,724.0,-2.859738566197147
CNCc1cc(F)ccc1Oc1ccc(C)c(C)c1,52.4,-1.7193312869837265
CNCc1cc(C)c(C)cc1Oc1ccc(Cl)c(Cl)c1,79.4,-1.8998205024270962
CNCc1ccc(C#N)cc1Oc1ccc(Cl)c(Cl)c1,315.0,-2.4983105537896004
CNCc1cc(C(N)=O)ccc1Oc1ccc(Cl)c(Cl)c1,1550.0,-3.1903316981702914
CNCc1cc(F)ccc1Oc1ccc(Cl)c(F)c1,2010.0,-3.3031960574204886
CNC(C)c1cc(C(F)(F)F)ccc1Oc1ccc(Cl)c(Cl)c1,291.0,-2.4638929889859074
CNC(C)c1cc(C)ccc1Oc1ccc(Cl)c(Cl)c1,172.0,-2.2355284469075487
CN[C@H]1CC[C@@H](c2ccc(Cl)c(Cl)c2)c2ccccc21,2740.9,-3.4378931908695134
COc1ccccc1-n1c(C)nc(C(=O)NCCCN2CCN(c3cccc(Cl)c3Cl)CC2)c1C.Cl.Cl.Cl.Cl,10.3,-1.0128372247051722
CCNc1nc(N2CCN(C)CC2)nc2c1CCNCC2.Cl,10000.0,-4.0
O=S(=O)(c1cccc2cccnc12)N(CCCN1CCN(c2ccccc2)CC1)CC1CC1,292.0,-2.4653828514484184
COc1ccccc1N1CCN(CCCN(CC2CC2)S(=O)(=O)c2ccc3ccccc3c2)CC1,85.8,-1.9334872878487055
COc1ccc(NC(=O)Nc2cccc(C#N)c2)cc1-c1c(Br)cnn1C,6.31,-0.8000293592441343
Cn1ncc(Br)c1-c1cc(NC(=O)Nc2ccc(Cl)cc2)ccc1OCc1ccccc1,7.943,-0.899984562549391
COc1ccc(NC(=O)Nc2ccc(Cl)cc2)cc1-c1c(Cl)cnn1C,0.5012,0.29998893767788765
Cc1c(Cl)cccc1N1CCN(CCCNC(=O)c2nc(C)n(-c3ccc(F)cc3)c2C)CC1.Cl.Cl.Cl,38.0,-1.5797835966168101
CN1CCC(N(C)S(=O)(=O)c2ccccc2Cl)CC1,3180.0,-3.5024271199844326
COc1cccc(Nc2nc(N3CCN(C)CC3)nc3[nH]ncc23)c1,9.1,-0.9590413923210935
Cc1ccc(S(=O)(=O)N(C)C2CCN(C)CC2)cc1,2130.0,-3.3283796034387376
CN1[C@@H]2CC[C@H]1C[C@@H](OC(c1ccccc1)c1ccccc1)C2,24.0,-1.380211241711606
Cc1nc(C(=O)NCC(O)CN2CCN(c3cccc(Cl)c3Cl)CC2)c(C)n1-c1ccccc1F.Cl.Cl.Cl.Cl,104.0,-2.0170333392987803
Cc1cccc(N2CCN(C[C@@H](O)CNC(=O)c3nc(C)n(-c4ccccc4)c3C)CC2)c1C.Cl.Cl,646.0,-2.8102325179950842
Cc1nc2n(c(=O)c1CCN1CCN(c3cccc4c3OC(F)(F)O4)CC1)CCCC2.Cl,331.0,-2.519827993775719
O=C(NCCc1ccc(CN2CCCC2)cc1)c1ccc(-c2ccc(Cl)cc2)cc1,107.0,-2.0293837776852097
CCN(CC)CCCC(C)Nc1c2ccc(Cl)cc2nc2ccc(OC)cc12,2663.0,-3.425371166438941
Clc1ccc(CSC(Cn2ccnc2)c2ccc(Cl)cc2Cl)cc1,3929.0,-3.594282028811806
O=C(CCc1ccc(F)cc1)N1CCN(CCCC(c2ccc(F)cc2)c2ccc(F)cc2)CC1,1030.0,-3.012837224705172
Cc1c(Cl)cccc1N1CCN(CCCNC(=O)c2nc(C)n(C3CCCC3)c2C)CC1.Cl.Cl.Cl,80.6,-1.9063350418050906
Cc1c(Cl)cccc1N1CCN(CCCNC(=O)c2nc(-c3ccccc3)n(-c3ccccc3)c2C)CC1.Cl.Cl.Cl,13.9,-1.1430148002540952
Cc1cccc(N2CCN(CCCNC(=O)c3nc(-c4ccccc4)n(-c4ccccc4)c3C)CC2)c1C.Cl.Cl,29.4,-1.4683473304121573
CCCc1nc(C(=O)NCCCN2CCN(c3cccc(C)c3C)CC2)c(C)n1-c1ccccc1OC.Cl.Cl,253.0,-2.403120521175818
COc1ccc(-n2c(C)nc(C(=O)NCCCN3CCN(c4cccc(Cl)c4C)CC3)c2C)cc1.Cl.Cl.Cl,23.1,-1.3636119798921444
COc1ccc(-n2c(C)nc(C(=O)NCCCN3CCN(c4cccc(C)c4C)CC3)c2C)cc1.Cl.Cl,62.7,-1.7972675408307164
CCCc1nc(C(=O)NCCCN2CCN(c3cccc(C)c3C)CC2)c(C)n1-c1ccc(OC)cc1.Cl.Cl,70.8,-1.850033257689769
Cc1cccc(N2CCN(CCCNC(=O)c3nc(C)n(-c4cccc(Cl)c4)c3C)CC2)c1C.Cl.Cl.Cl,96.8,-1.9858753573083936
Cc1c(Cl)cccc1N1CCN(CCCNC(=O)c2nc(C)n(-c3ccc4c(c3)OCCO4)c2C)CC1.Cl.Cl.Cl,28.0,-1.4471580313422192
Cc1cccc(N2CCN(C[C@@H](O)CNC(=O)c3nc(C)n(-c4ccccc4F)c3C)CC2)c1C.Cl.Cl,244.0,-2.3873898263387296
N=C(N)NC(=O)Cc1c(Cl)cccc1Cl,3014.0,-3.479143247978613
Cc1cccc(N2CCN(CC(O)CNC(=O)c3nc(C)n(-c4cccc(Cl)c4)c3C)CC2)c1C.Cl.Cl.Cl,275.1,-2.4394905903896835
Cc1cccc(N2CCN(CCCNC(=O)c3nc(C)n(-c4ccccc4F)c3C)CC2)c1C.Cl.Cl,64.8,-1.8115750058705933
Cc1cccc(N2CCN(CCCNC(=O)c3nc(C)n(-c4ccccc4Cl)c3C)CC2)c1C.Cl.Cl.Cl,80.0,-1.9030899869919435
Cc1ccc(C2=CC(NC(C)(C)C)=NCCN2)c(F)c1,14.0,-1.146128035678238
CC(C)(C)NC1=NCCNC(c2ccccc2F)=C1,18.0,-1.255272505103306
CCC1(NC2=NCCNC(c3ccc(F)cc3)=C2)CCCC1,0.8,0.09691001300805639
CB1C=Cc2cccc(OCC(O)CN(C)C)c2N1,5011.87,-3.6999997975545824
Cc1cccc(N2CCN(C[C@H](O)CNC(=O)c3nc(C)n(-c4ccccc4F)c3C)CC2)c1C,270.0,-2.4313637641589874
COc1ccc(S(=O)(=O)NCCCN2CCN(c3cccc(C(F)(F)F)c3)CC2)cc1,352.0,-2.546542663478131
COc1ccc(S(=O)(=O)NC(C)CCN2CCN(c3cccc(C(F)(F)F)c3)CC2)cc1,1824.0,-3.2610248339923973
CCCN(c1cccc(N2CCN(C)CC2)c1)S(=O)(=O)c1ccc2ccccc2c1,389.0,-2.5899496013257077
Cc1c(C(=O)NCCN2CCN(c3cccc(Cl)c3Cl)CC2)cc(C(C)(C)C)n1C.Cl,50.0,-1.6989700043360187
CCc1nc(C(=O)NCCCN2CCN(c3cccc(Cl)c3Cl)CC2)c(C)n1-c1ccccc1,48.0,-1.6812412373755872
COc1ccccc1OCCNCC(O)COc1cccc2[nH]c3ccccc3c12,410.0,-2.6127838567197355
COC1Cc2ccccc2C2(CCN(Cc3ccccc3)CC2)O1,6600.0,-3.8195439355418688
O=C(CCCc1ccccc1)N1CCN(CCCC(c2ccc(F)cc2)c2ccc(F)cc2)CC1,950.0,-2.9777236052888476
CC(=O)c1sc(NC(=O)N[C@@H]2CN(C(C)=O)CC[C@H]2CN2CCC[C@@H](Cc3ccc(F)cc3)C2)nc1C,5300.0,-3.724275869600789
O=C(CCCN1CC=C(n2c(=O)[nH]c3ccccc32)CC1)c1ccc(F)cc1,2.584,-0.4122925093230465
Cc1c(C(=O)NCC(O)CN2CCN(c3cccc(Cl)c3Cl)CC2)nc(-c2ccccc2)n1-c1ccccc1,24.0,-1.380211241711606
CC(=O)c1cccc(NC(=O)N[C@@H]2CCCC[C@H]2CN2CCC[C@@H](Cc3ccc(F)cc3)C2)c1,920.0,-2.963787827345555
CNCc1ccc(Cl)cc1Oc1ccc(F)c(C(F)(F)F)c1,48.9,-1.6893088591236203
CC(CCN1CCN(c2ccccc2)CC1)NS(=O)(=O)c1ccc2ccccc2c1,12.7,-1.1038037209559568
Cc1c(Cl)cccc1N1CCN(CCCNC(=O)c2nc(C)n(CC(C)C)c2C)CC1,45.5,-1.6580113966571124
Clc1ccc2c(c1)CCc1cccnc1C2=C1CCNCC1,33.0,-1.5185139398778875
CN(C)CCCN1c2ccccc2CCc2ccc(Cl)cc21,67.0,-1.8260748027008264
CCOc1ccccc1N1CCN(CCCC(=O)NCc2nc3cc(F)ccc3c(=O)n2-c2ccc(OC)cc2)CC1,2100.0,-3.322219294733919
CC(C)NC(=O)N(C1CCCCCCC1)C1CCN(CCCOc2ccc(F)cc2)CC1,79.43,-1.899984562549391
COC1Cc2ccccc2C2(CCN(CCCc3ccccc3)CC2)O1,460.0,-2.6627578316815743
COc1ccccc1N1CCN(CCCN(CC2CC2)S(=O)(=O)c2cccc3cccnc23)CC1,561.0,-2.748962861256161
O=S(=O)(c1cccc2cccnc12)N(CCCN1CCN(c2ccc(F)cc2)CC1)CC1CC1,8.3,-0.919078092376074
NCCc1c[nH]c2ccc(O)cc12,27.9,-1.4456042032735976
O=C(CNC(=O)c1cccc(C(F)(F)F)c1)N[C@@H]1CCN(CCC2CCN(C(=O)c3cc(F)ccc3F)CC2)C1,10000.0,-4.0
Cc1nc(C(=O)NCCCN2CCN(c3cccc(Cl)c3Cl)CC2)c(C)n1-c1ccccc1.Cl.Cl.Cl.Cl,18.6,-1.2695129442179163
O=C1CCc2ccc(OCCCCN3CCN(c4cccc(Cl)c4Cl)CC3)cc2N1,2790.0,-3.4456042032735974
CNCCCC12CCC(c3ccccc31)c1ccccc12,64.0,-1.806179973983887
CCN(CC)C1=NCCNC(c2ccc(C)cc2)=C1,1000.0,-3.0
FC(F)(F)c1cc(COCC2(c3ccccc3)CCNCC2)cc(C(F)(F)F)c1,1000.0,-3.0
COc1cc2c3c(c1OCc1ccccc1)-c1cc4c(cc1CC3N(C)CC2)OCO4,4600.0,-3.662757831681574
CN(C)CC1CC2c3ccccc3Cc3ccc(F)cc3N2O1,1.148,-0.05994188806195468
CN(C)CC1CC2c3ccccc3Cc3ccccc3N2O1,22.91,-1.3600250891893975
CNC(=O)c1cc(OCCCCN2CCN(c3cccc(Cl)c3Cl)CC2)ccc1Cl,340.0,-2.531478917042255
Cc1nc(C(=O)NCCCN2CCN(c3cccc(Cl)c3Cl)CC2)c(C)n1-c1ccccc1Cl.Cl.Cl.Cl.Cl.Cl,30.0,-1.4771212547196624
CNC(=O)c1cc(F)cc(OCCCCN2CCN(c3cccc(Cl)c3Cl)CC2)c1,1320.0,-3.12057393120585
CCCc1nc(C(=O)NCCCN2CCN(c3cccc(Cl)c3Cl)CC2)c(C)n1-c1ccccc1OC.Cl.Cl.Cl.Cl,139.0,-2.143014800254095
CCN(CC)c1nc(Nc2ccccc2C)c2cn[nH]c2n1,4578.0,-3.660675788338524
CCN(CC)c1nc(Nc2ccc(F)cc2)c2cn[nH]c2n1,4535.0,-3.656577291396114
Fc1ccc(Nc2nc(NC3CCCC3)nc3[nH]ncc23)cc1,4499.0,-3.653115993165567
Cc1[nH]c2ccc(F)cc2c1C1=CCNCC1,950.0,-2.9777236052888476
Cl.Clc1cccc(Nc2nc(Cc3ccccc3)nc3c2CCNCC3)c1,3.0,-0.47712125471966244
CCN(CC)c1nc(N2CCN(C)CC2)nc2c1CCNCC2.Cl,10000.0,-4.0
Fc1ccc(Nc2nc(NCCN3CCOCC3)nc3[nH]ncc23)cc1,9741.0,-3.988603543345664
CN(C)c1nc(Nc2ccc(F)cc2)c2cn[nH]c2n1,4880.0,-3.6884198220027105
CCCc1nc(C(=O)NCCCN2CCN(c3cccc(C)c3C)CC2)cn1-c1ccc(Cl)cc1,32.4,-1.510545010206612
N=C(N)N/N=C/c1c(Cl)cccc1Cl,392.0,-2.593286067020457
COc1ccc2[nH]c(C)c(C3=CCNCC3)c2c1,1000.0,-3.0
COCCCNc1nc(Nc2ccc(F)cc2)c2cn[nH]c2n1,5283.0,-3.722880610686939
CN1CCN(c2nc3c(c(OCc4ccco4)n2)CCNCC3)CC1.Cl,2625.0,-3.4191293077419758
CCN(CC)c1nc(Nc2cccc(OC)c2)c2cn[nH]c2n1,2084.0,-3.3188977146274867
CNc1nc(Cc2ccccc2)nc2c1CCNC[C@@H]2C,360.0,-2.5563025007672873
Cn1ncc(Br)c1-c1cc(NC(=O)Nc2ccc(Cl)cc2)ccc1OC(F)(F)F,15.85,-1.2000292665537704
COc1ccc(NC(=O)Nc2ccc(Cl)cc2Cl)cc1-c1c(Br)cnn1C,1.259,-0.10002573010786256
CN(C)CC1CC2c3c(F)cccc3Cc3ccccc3N2O1,1000.0,-3.0
O=C(OCCc1ccc(F)cc1)N1CCN(CCCC(c2ccc(F)cc2)c2ccc(F)cc2)CC1,1060.0,-3.0253058652647704
OCCN1CCN(c2nc(Nc3ccc(Br)cc3)c3ccccc3n2)CC1,27720.0,-4.442793225939769
Cc1cccc(N2CCN(C[C@@H](O)CNC(=O)c3nc(C)n(-c4ccccc4F)c3C)CC2)c1C,244.0,-2.3873898263387296
COc1ccc(CCN(CCCc2ccccc2)CCc2ccc3c(c2)OCO3)cc1OC,5011.87,-3.6999997975545824
CN1CCN(c2nc(Nc3ccccc3)c3cn[nH]c3n2)CC1,25.1,-1.3996737214810382
CCN(CC)C(=O)[C@@H]1C=C2c3cccc4[nH]cc(c34)C[C@H]2NC1,6.0,-0.7781512503836436
CN1CCN(c2cccc(N(Cc3ccccc3)S(=O)(=O)c3ccc4ccccc4c3)c2)CC1,50.0,-1.6989700043360187
CN1CCN(c2cccc(N(C)S(=O)(=O)c3ccc4ccccc4c3)c2)CC1,1423.0,-3.153204900084284
Cc1ccc2cccc(N3CCN(CCCNC(=O)c4cc(-c5ccccc5)n(C)c4C)CC3)c2n1,832.0,-2.920123326290724
CCCn1c(-c2ccccc2)cc(C(=O)NCCCN2CCN(c3cccc(OC)c3)CC2)c1C,153.0,-2.184691430817599
CNC(=O)c1cc(OCCCCN2CCN(c3cccc4sccc34)CC2)ccc1F,80.0,-1.9030899869919435
CNC(=O)c1cccc(OCCCCN2CCN(c3cccc4c3OC(F)(F)O4)CC2)c1,10000.0,-4.0
OCCN1CCN(c2nc(Nc3ccc(F)cc3)c3ccccc3n2)CC1,21260.0,-4.3275632601872775
CC(C)(C)c1ccc(C(=O)CCCN2CCC(OC(c3ccccc3)c3ccccc3)CC2)cc1,90.4,-1.9561684304753633
CNC(=O)c1cc(OCCCCN2CCC(c3noc4cc(F)ccc34)CC2)ccn1,247.0,-2.392696953259666
Cc1ccc(S(=O)(=O)n2cc(/C=N/N=C/N(C)C)c3c([N+](=O)[O-])cccc32)cc1,253.0,-2.403120521175818
CC(C)COc1ccc(CNC(=O)N(Cc2ccc(F)cc2)C2CCN(C(=S)NC(C)C)CC2)cc1,1126.0,-3.0515383905153275
CSc1nc(C)cc(C(=O)NCCCN2CCN(c3cccc(C)c3C)CC2)n1.Cl,54.0,-1.7323937598229686
CNC(=O)c1cccc(OCCCCN2CCN(c3cccc(Cl)c3Cl)CC2)n1,910.0,-2.9590413923210934
COc1ccc2ncc(=O)n(CCCCN3CCN(c4cccc5sccc45)CC3)c2c1,20.89,-1.3199384399803087
COc1cccc(Nc2nc(N3CCN(C)CC3)nc3c2CCNCC3)c1.Cl,10000.0,-4.0
CN1CCN(c2nc3c(c(N(C)C)n2)CCNCC3)CC1.Cl,10000.0,-4.0
CCNc1nc(Nc2ccc(F)cc2)c2cn[nH]c2n1,10000.0,-4.0
CN1CCN(C(c2ccccc2)c2ccccc2)CC1,225.0,-2.3521825181113627
Cl.c1ccc(Cc2nc3c(c(N4CCSCC4)n2)CCNCC3)cc1,1271.0,-3.104145550554008
CN1C[C@H](C(=O)N[C@]2(C)O[C@@]3(O)[C@@H]4CCCN4C(=O)[C@H](Cc4ccccc4)N3C2=O)C[C@@H]2c3cccc4[nH]cc(c34)C[C@H]21,7.955,-0.9006401839826004
CN1CCC(N(Cc2ccc(F)cc2)C(=O)NCc2ccc(OCC(O)CN3CCN(C(=O)OC(C)(C)C)CC3)cc2)CC1,1.93,-0.2855573090077737
C1=C(c2c[nH]c3ccccc23)CCN(Cc2cccs2)C1,2398.83,-3.379999471528501
COc1ccc(NC(=O)Nc2ccc(F)c(F)c2)cc1-c1c(Cl)cnn1C,0.5012,0.29998893767788765
Cn1ncc(Br)c1-c1cc(NC(=O)Nc2ccc(Cl)cc2)ccc1O,1.585,-0.2000292665537703
COc1ccc(NC(=O)Nc2cc(C(F)(F)F)cc(C(F)(F)F)c2)cc1-c1c(Br)cnn1C,1.995,-0.2999429000227671
CC1CC(=O)c2c(N3CCN(C)CC3)cccc2N1S(=O)(=O)c1ccc2ccccc2c1,48.0,-1.6812412373755872
CC(C)NCCc1cccc2[nH]cc(S(=O)(=O)c3ccccc3)c12,650.0,-2.8129133566428557
CC1CCCCN1CCc1cccc2[nH]cc(S(=O)(=O)c3ccccc3)c12,92.0,-1.9637878273455553
CS(=O)(=O)O.CSc1ccc2c(c1)C(N1CCN(C)CC1)Cc1ccccc1S2,56.0,-1.7481880270062005
O=C(c1ccc(F)cc1)C1CCN(CCn2c(=O)[nH]c3ccccc3c2=O)CC1,0.77,0.11350927482751812
CCN(CC)C(=O)N[C@H]1C=C2c3cccc4[nH]cc(c34)C[C@H]2N(C)C1,3.04,-0.48287358360875376
COc1ccc(NC(=O)Nc2ccc(F)cc2F)cc1-c1c(Cl)cnn1C,1.0,-0.0
Cc1cccc(N2CCN(CCCNC(=O)c3nc(C)n(-c4ccc(F)cc4)c3C)CC2)c1C.Cl.Cl,117.9,-2.071513805095089
Cc1cccc(N2CCN(CCCNC(=O)c3nc(C)n(-c4ccc5c(c4)OCCO5)c3C)CC2)c1C.Cl.Cl,40.6,-1.608526033577194
CCCc1nc(C(=O)NCCCN2CCN(c3cccc(C)c3C)CC2)c(C)n1-c1ccc2c(c1)OCCO2.Cl.Cl,241.0,-2.3820170425748683
CCCc1nc(C(=O)NCC(O)CN2CCN(c3cccc(Cl)c3C)CC2)c(C)n1-c1ccccc1.Cl.Cl.Cl,201.0,-2.303196057420489
COc1ccc(-n2c(C)nc(C(=O)NCC(O)CN3CCN(c4cccc(C)c4C)CC3)c2C)cc1.Cl.Cl,174.9,-2.2427898094786767
CCCc1nc(C(=O)NCC(O)CN2CCN(c3cccc(Cl)c3Cl)CC2)c(C)n1-c1ccc(F)cc1.Cl.Cl.Cl.Cl,196.0,-2.292256071356476
Cc1cccc(N2CCN(CC(O)CNC(=O)c3nc(-c4ccccc4)n(-c4ccc(F)cc4)c3C)CC2)c1C.Cl.Cl,71.0,-1.8512583487190752
Cc1c(Cl)cccc1N1CCN(CC(O)CNC(=O)c2nc(C)n(-c3cccc(Cl)c3)c2C)CC1.Cl.Cl.Cl.Cl,182.1,-2.26030994579492
CCCNCCc1cccc2[nH]cc(S(=O)(=O)c3ccccc3)c12,1078.0,-3.03261876085072
CCCc1nc(C(=O)NCCN2CCN(c3cccc(Cl)c3Cl)CC2)c(C)n1-c1ccccc1,39.0,-1.591064607026499
CCCc1nc(C(=O)NC[C@H](O)CN2CCN(c3cccc(Cl)c3Cl)CC2)cn1-c1ccc(Cl)cc1,264.0,-2.4216039268698313
CN(C)CCn1cc(S(=O)(=O)c2cccc(F)c2)c2cccnc21,351.0,-2.545307116465824
CN(C)CCn1cc(S(=O)(=O)c2cccc3ccccc23)c2cccnc21,938.0,-2.9722028383790646
OCCN1CCN(c2nc(Nc3cccc(O)c3)c3ccccc3n2)CC1,9120.0,-3.959994838328416
Clc1ccc(Nc2nc(N3CCNCC3)nc3ccccc23)cc1,1660.0,-3.220108088040055
CCOc1ccc(CCNC(=O)N2CCN(CCCC(c3ccc(F)cc3)c3ccc(F)cc3)CC2)cc1,231.0,-2.3636119798921444
CC(=O)NC1CCN(Cc2ccc(CCN(C)C(=O)c3ccc(-c4ccc(F)cc4)cc3)cc2)CC1,10000.0,-4.0
O=C(c1ccc(F)cc1)C1CCN(CCn2c(=O)[nH]c3ccccc3c2=O)CC1,32.0,-1.505149978319906
CC(C)COc1ccc(CNC(=O)N(Cc2ccc(F)cc2)C2CCN(C)CC2)cc1,9.0,-0.9542425094393249
CCN(CC)c1nc(Nc2ccc(Cl)cc2)c2cn[nH]c2n1,1894.0,-3.2773799746672547
O=C(CCCN1CCC(O)(c2ccc(Cl)cc2)CC1)c1ccc(F)cc1,288.0,-2.459392487759231
CN1CCN(c2cccc(N(CC3CC3)S(=O)(=O)c3ccc4ccccc4c3)c2)CC1,88.0,-1.9444826721501687
CC(C)N(c1cccc(N2CCN(C)CC2)c1)S(=O)(=O)c1ccc2ccccc2c1,118.0,-2.0718820073061255
CNc1nc(C(F)(F)c2ccccc2)nc2c1CCNCC2,119.0,-2.075546961392531
Cc1nc(C(=O)NCCCN2CCN(c3cccc(C)c3C)CC2)cc(C(C)C)n1.Cl,490.0,-2.690196080028514
NCCn1cc(S(=O)(=O)c2ccccc2)c2cccnc21,5000.0,-3.6989700043360187
CN(C)C(=O)C1CC2c3ccccc3Cc3ccccc3N2O1,1000.0,-3.0
CC(=O)CNC1CCN(Cc2ccc(CCNC(=O)c3ccc(-c4ccc(F)cc4)cc3)cc2)CC1,528.0,-2.722633922533812
Cc1nc(C(=O)NCCN2CCN(c3cccc(Cl)c3Cl)CC2)c(C)n1-c1ccccc1,31.0,-1.4913616938342726
CCCc1nc(C(=O)NCC(O)CN2CCN(c3cccc(Cl)c3Cl)CC2)c(C)n1-c1ccc(OC)cc1,63.1,-1.8000293592441343
CCN(CC)CCNC(=O)c1cc(Cl)c(N)cc1OC,3675.0,-3.5652573434202135
CN(C)CCCN1c2ccccc2CCc2ccccc21,220.0,-2.342422680822206
O=S(=O)(c1cccc(F)c1)N1CCC(CCc2ccc(F)cc2F)CC1,319.0,-2.503790683057181
Cc1cc(C(C)(C)C)c(O)c(C)c1CC1=NCCN1,1285.0,-3.1089031276673134
O=C1N[C@@H](Cc2ccc3[nH]cc(CCN4CC[C@@H](CNCc5ccccc5)C4)c3c2)CO1,3000.0,-3.4771212547196626
CC(C)(C)c1ccc(C(O)CCCN2CCC(C(O)(c3ccccc3)c3ccccc3)CC2)cc1,255.0,-2.406540180433955
Cc1c(Cl)cccc1N1CCN(CCNC(=O)c2cc(C(C)(C)C)n(C)c2C)CC1,233.0,-2.367355921026019
Cc1coc(CNc2nc(N)nc3ccn(Cc4ccccn4)c23)n1,2300.0,-3.361727836017593
Cc1cc(CNc2nc(N)nc3ccn(Cc4ccccn4)c23)no1,6200.0,-3.792391689498254
CC1CCN(CCOc2ccc(C#Cc3ncc(-c4ccc(Cl)cc4)cc3F)cc2)CC1,3290.0,-3.5171958979499744
CCN(CC)CC1CC2c3ccccc3Cc3ccccc3N2O1,42.66,-1.63002085111341
Fc1ccc(Nc2nc(N3CCN(c4ccc(F)cc4)CC3)nc3[nH]ncc23)cc1,17.9,-1.252853030979893
CCCc1nc(C(=O)NCCCN2CCN(c3cccc(Cl)c3C)CC2)cn1-c1ccc(Cl)cc1.Cl.Cl.Cl.Cl,20.0,-1.3010299956639813
Cc1cccc(N2CCN(CC(O)CNC(=O)c3nc(C)n(-c4ccccc4)c3C)CC2)c1C.Cl.Cl,247.6,-2.39375064034808
CCCc1nc(C(=O)NCC(O)CN2CCN(c3cccc(Cl)c3Cl)CC2)c(C)n1-c1ccc(OC)cc1.Cl.Cl.Cl.Cl,63.1,-1.8000293592441343
CCCc1nc(C(=O)NCC(O)CN2CCN(c3cccc(C)c3C)CC2)c(C)n1-c1ccc(OC)cc1.Cl.Cl,126.0,-2.100370545117563
Cc1c(C(=O)NCC(O)CN2CCN(c3cccc(Cl)c3Cl)CC2)nc(-c2ccccc2)n1-c1ccc(F)cc1.Cl.Cl.Cl.Cl,94.0,-1.9731278535996986
Cc1nc(C(=O)NCC(O)CN2CCN(c3cccc(Cl)c3Cl)CC2)c(C)n1-c1ccc2c(c1)OCCO2.Cl.Cl.Cl.Cl,9.86,-0.9938769149412112
Cc1nc(C(=O)NCCCN2CCN(c3cccc(Cl)c3Cl)CC2)c(C)n1-c1ccccc1,18.6,-1.2695129442179163
Cc1cccc(N2CCN(CCNC(=O)c3nc(C(C)C)n(-c4ccccc4)c3C)CC2)c1C,16.0,-1.2041199826559248
CCc1nc(C(=O)NCCN2CCN(c3cccc(Cl)c3Cl)CC2)c(C)n1-c1ccccc1,27.0,-1.4313637641589874
CN1CCN(c2ncc3c(n2)CCNCC3)CC1.Cl,10000.0,-4.0
Cc1ccc(CNc2nc(Nc3ccc(F)cc3)c3cn[nH]c3n2)cc1,947.0,-2.9763499790032735
C[C@H](NC[C@@H]1CCN(CCc2c[nH]c3ccc(C[C@H]4COC(=O)N4)cc23)C1)c1ccccc1,2200.0,-3.342422680822206
CNC(=O)c1ccc2[nH]nc(Cc3ccc4c(cnn4C)c3)c2c1,240.0,-2.380211241711606
CNCC1CC2c3ccccc3Cc3ccccc3N2O1,13.18,-1.1199154102579911
OCCN1CCN(c2nc(Nc3ccc(F)cc3)c3cn[nH]c3n2)CC1,163.0,-2.2121876044039577
Cc1c(C(=O)NCCCN2CCN(c3cccc(Cl)c3)CC2)cc(-c2ccccc2)n1C,92.0,-1.9637878273455553
Cc1cccc(N2CCN(CCCNC(=O)c3cc(-c4ccccc4)[nH]c3C)CC2)c1C,300.0,-2.4771212547196626
CCCn1c(-c2ccc(Cl)cc2)cc(C(=O)NCCCN2CCN(c3cccc(Cl)c3Cl)CC2)c1C.Cl,333.0,-2.5224442335063197
CCn1c(-c2ccc(Cl)cc2)cc(C(=O)NCCCN2CCN(c3cccc(Cl)c3Cl)CC2)c1C.Cl,153.0,-2.184691430817599
Cc1[nH]c2ccc(-c3ccsc3)cc2c1C1=CCNCC1,1000.0,-3.0
CN(C)[C@H]1C[C@H](c2c[nH]c3ccc(CC4COC(=O)N4)cc32)C1,10000.0,-4.0
CC1CCCN(CCc2cccc3[nH]cc(S(=O)(=O)c4ccccc4)c23)C1,57.0,-1.7558748556724915
Cc1c(C(=O)NCCCN2CCN(c3cccc(Cl)c3Cl)CC2)cc(-c2ccccc2)n1CC1CCCCC1,4383.0,-3.6417714706539592
CC(C)COc1ccc(CNC(=O)N(Cc2ccc(F)cc2)C2CCN(C(=O)C[C@H](N)C(=O)O)CC2)cc1,34.65,-1.5397032389478256
OC1CCN(Cc2ccc(OCCCc3ccc(-c4ccc(Cl)cc4)nn3)cc2)CC1,1410.0,-3.1492191126553797
CNCCc1cccc2[nH]cc(S(=O)(=O)c3ccccc3)c12,1105.0,-3.0433622780211294
O=S(=O)(c1ccccc1)c1c[nH]c2cccc(CCN3CCCCC3)c12,180.0,-2.255272505103306
COc1ccc(NC(=O)Nc2ccc(Cl)cc2)cc1-c1ccnn1C,1.0,-0.0
Cc1cccc(N2CCN(CCCNC(=O)c3cc(-c4ccccc4)n(CC(C)C)c3C)CC2)c1C,897.0,-2.952792443044092
COc1ccc(-c2ccc(CCCNc3ccc(CN4CCC(O)CC4)cc3)nn2)cc1,8820.0,-3.94546858513182
CC(=O)NC1CCN(Cc2ccc(NCCCc3ccc(Oc4ccccc4)nn3)cc2)CC1,10000.0,-4.0
CNS(=O)(=O)Cc1ccc2[nH]cc(CCN3CC[C@@H](CNCc4ccccc4)C3)c2c1,5800.0,-3.7634279935629373
CC(C)(C)NC1=NCCNC(c2ccc(C#N)cc2)=C1,2800.0,-3.4471580313422194
Cc1cc(N2CCN(C)CC2)c2c(c1)N(S(=O)(=O)c1ccc3ccccc3c1)C(C)CC2=O,704.0,-2.847572659142112
CCN(CC)C(=O)[C@@H]1C=C2c3cccc4[nH]cc(c34)C[C@H]2N(C(=O)Nc2ccccc2)C1,750.0,-2.8750612633917
C1=C(c2c(-c3ccccc3)[nH]c3ccccc23)CCNC1,50.0,-1.6989700043360187
Cc1[nH]c2ccc(-c3ccccc3)cc2c1C1=CCNCC1,1000.0,-3.0
CN1C[C@H](CNC(=O)OCc2ccccc2)C[C@@H]2c3cccc4c3c(cn4C)C[C@H]21,0.395,0.40340290437353976
O=C1[C@@H]2[C@H](C(=O)N1CCCCN1CCN(c3cccc4sccc34)CC1)[C@H]1C=C[C@@H]2C1,24.6,-1.390935107103379
CC(=O)O[C@@H]1[C@@H]2C[C@H]([C@@H]1OC(C)=O)[C@H]1C(=O)N(CCCCN3CCN(c4cccc5sccc45)CC3)C(=O)[C@@H]21,546.0,-2.7371926427047373
Cc1ccc(C23CC2C(=O)N(CCCCN2CCN(c4cccc5sccc45)CC2)C3=O)cc1,1660.0,-3.220108088040055
C(=C/c1ccccc1)\CN1CCN(C(c2ccccc2)c2ccccc2)CC1,360.0,-2.5563025007672873
CNC(C)c1ccc(Cl)cc1Oc1ccc(C)c(C)c1,6.82,-0.8337843746564789
CNCc1cc(Cl)ccc1Oc1ccc(C)c(C)c1,51.0,-1.7075701760979363
CNCc1cc(Cl)ccc1Oc1ccc(Cl)c(Cl)c1,429.0,-2.632457292184724
CNCc1ccc(Cl)cc1Oc1ccc(Cl)c(C)c1,9.04,-0.9561684304753633
CCCn1c(-c2ccccc2)cc(C(=O)NCCCN2CCN(c3cccc4cccnc34)CC2)c1C,210.0,-2.322219294733919
CCCn1c(-c2ccccc2)cc(C(=O)N(C)CCCN2CCN(c3cccc(C)c3C)CC2)c1C,17.0,-1.2304489213782739
Cc1[nH]c(-c2ccccn2)cc1C(=O)NCCCN1CCN(c2cccc(Cl)c2Cl)CC1.Cl.Cl.Cl.Cl,21.0,-1.3222192947339193
Cc1ccccc1C1=CC(NC(C)(C)C)=NCCN1,112.0,-2.0492180226701815
CC(C)(Cc1ccccc1)NC1=NCCNC(c2ccccc2F)=C1,3.8,-0.5797835966168101
Cc1ccc(C2=CC(N3CCOCC3)=NCCN2)cc1,1000.0,-3.0
CC(C)(C)NC1=NCCNC(c2ccc(F)cc2)=C1,21.0,-1.3222192947339193
Cc1c(C(=O)NCCCN2CCN(c3cccc(Cl)c3)CC2)cc(-c2ccccc2)n1C,92.0,-1.9637878273455553
Cc1cccc(N2CCN(CCCNC(=O)c3cc(-c4ccccc4)n(Cc4ccccc4)c3C)CC2)c1C,224.0,-2.3502480183341627
Clc1ccc(COC(Cn2ccnc2)c2ccc(Cl)cc2Cl)cc1,4034.0,-3.6057358938767465
C1=C(c2c[nH]c3ccccc23)CCN(Cc2ccccc2)C1,2630.27,-3.4200003315663743
Cc1nc2n(c(=O)c1CCN1CCC(c3noc4cc(F)ccc34)CC1)CCCC2,0.72,0.14266750356873156
CC(CCN1CCN(c2ccc(F)cc2)CC1)NS(=O)(=O)c1ccc2ccccc2c1,6.2,-0.7923916894982539
COc1ccccc1N1CCN(CCCNS(=O)(=O)c2ccc3ccccc3c2)CC1,85.0,-1.9294189257142929
Cc1[nH]c(-c2ccccc2)cc1C(=O)NCCN1CCN(c2cccc(Cl)c2Cl)CC1,40.0,-1.6020599913279625
O=C(c1ccc(F)cc1)C1CCN(CCn2c(=O)[nH]c3ccccc3c2=O)CC1,80.0,-1.9030899869919435
CC1(C)CC(=O)N(CCCCN2CCN(c3cccc4sccc34)CC2)C(=O)C1,134.0,-2.1271047983648077
CC[C@]12CCCN3CC[C@@]4([C@H]5CCCC[C@H]5N[C@H]4[C@@H](C(=O)OC)C1)[C@@H]32.Cl.Cl,10000.0,-4.0
COc1ccc(NC(=O)Nc2cccc(Cl)c2)cc1-c1c(Br)cnn1C,0.3981,0.40000782241590205
COc1ccc(NC(=O)Nc2ccccc2F)cc1-c1c(Br)cnn1C,1.585,-0.2000292665537703
COc1ccc(NC(=O)Nc2ccc(OC)c(-c3c(Br)cnn3C)c2)cc1,0.3981,0.40000782241590205
COc1ccc(NC(=O)Nc2ccc(F)cc2)cc1-c1c(Br)cnn1C(C)C,1.0,-0.0
CC(C)Oc1ccc(NC(=O)Nc2ccc(Cl)cc2)cc1-c1c(Br)cnn1C,1.585,-0.2000292665537703
Cn1ncc(Br)c1-c1cc(NC(=O)Nc2ccc(Cl)cc2)ccc1OCc1ccc(Cl)cc1,12.59,-1.1000257301078626
COc1ccc(NC(=O)Nc2ccc(F)cc2F)cc1-c1c(Br)cnn1C,0.631,0.19997064075586568
Cc1c(C(=O)NCCN2CCN(c3cccc(Cl)c3Cl)CC2)cc(-c2ccccc2)n1C,175.0,-2.2430380486862944
O=S(=O)(c1ccccc1)c1c[nH]c2cccc(CCN3CCCCCC3)c12,69.0,-1.8388490907372552
O=S(=O)(c1ccccc1)c1c[nH]c2cccc(CCCN3CCCCC3)c12,7972.0,-3.90156729002845
CN(C)CC1CC2c3ccccc3Cc3ccccc3N2O1,1000.0,-3.0
c1ccc2c(c1)Cc1ccccc1N1OC(CN3CCCC3)CC21,25.12,-1.4000196350651586
CNC(=O)c1ccc(Cl)c(OCCCCN2CCN(c3cccc(Cl)c3Cl)CC2)c1,1380.0,-3.1398790864012365
COc1ccc(-n2c(-c3ccccc3)nc(C(=O)NCC(O)CN3CCN(c4cccc(C)c4C)CC3)c2C)cc1.Cl.Cl,185.0,-2.2671717284030137
Cc1cc2c(s1)Nc1ccccc1N=C2N1CCN(C)CC1,7.0,-0.8450980400142568
Cc1[nH]c(-c2ccccc2)c(C)c1C(=O)NCCN1CCN(c2cccc(Cl)c2Cl)CC1.Cl,37.0,-1.568201724066995
CCCn1c(-c2ccc(Cl)cc2)cc(C(=O)NCCCN2CCN(c3cccc(C)c3C)CC2)c1C.Cl,192.0,-2.2833012287035497
O=C1[C@@H]2[C@H](C(=O)N1CCCCN1CCN(c3cccc4ccsc34)CC1)[C@H]1C=C[C@@H]2C1,32.0,-1.505149978319906
O=C1c2cccc(F)c2C(=O)N1CCCCN1CCN(c2cccc3sccc23)CC1,318.0,-2.5024271199844326
CN(C)/C=N/N=C/c1cn(S(=O)(=O)c2ccc(I)cc2)c2cccc([N+](=O)[O-])c12,247.0,-2.392696953259666
CC1CC(=O)c2ccc(N3CCN(C)CC3)cc2N1S(=O)(=O)c1ccc2ccccc2c1,1462.0,-3.1649473726218416
CCCn1c(-c2ccccc2)cc(C(=O)NCCCN2CCN(c3cccc(OC)c3OC)CC2)c1C,874.0,-2.941511432634403
CCCn1c(-c2cccnc2)cc(C(=O)NCCCN2CCN(c3cccc(Cl)c3Cl)CC2)c1C,46.0,-1.662757831681574
c1ccc2c(c1)Cc1ccccc1N1OC(CN3CCNCC3)CC21,1000.0,-3.0
Cc1ccc(NC(=O)c2ccc(CN3CCN(C)CC3)cc2)cc1Nc1nccc(-c2cccnc2)n1,1891.0,-3.27669152884504
Cc1nc2n(c(=O)c1CCN1CCN(c3cccc4sccc34)CC1)CCCC2O,2.9,-0.4623979978989561
O=C(c1ccc(F)cc1)C1CCN(CCn2c(=O)[nH]c3ccccc3c2=O)CC1,0.35,0.4559319556497244
CN(C)CC[C@@H](c1ccc(Cl)cc1)c1ccccn1,3692.0,-3.5672616923538745
Clc1ccccc1C(c1ccccc1)(c1ccccc1)n1ccnc1,11142.0,-4.046963154123424
CSc1ccc2c(c1)N(CCC1CCCCN1C)c1ccccc1S2,4.366,-0.6400837313731204
O=S(=O)(c1ccc(C(F)(F)F)cc1)N(CCCN1CCN(c2ccccc2)CC1)CC1CCCCC1,7.1,-0.8512583487190752
COc1ccc(S(=O)(=O)N(CCCN2CCN(c3ccccc3)CC2)CC2CCCCC2)cc1,9.4,-0.9731278535996987
COc1ccccc1N1CCN(CCCN(CC2CCCCC2)S(=O)(=O)c2ccc3ccccc3c2)CC1,11.6,-1.0644579892269186
COc1ccccc1N1CCN(CCCN(CC2CCCCC2)S(=O)(=O)c2cccc3cccnc23)CC1,59.9,-1.7774268223893115
COc1ccc(S(=O)(=O)N(CCCN2CCN(c3cccc(C(F)(F)F)c3)CC2)CC2CC2)cc1,726.0,-2.8609366207000937
COc1ccc(S(=O)(=O)N(CCCN2CCN(c3ccc(F)cc3)CC2)CC2CC2)cc1,72.5,-1.8603380065709938
O=S(=O)(c1ccc2ccccc2c1)N(CCCN1CCN(c2ccc(F)cc2)CC1)CC1CC1,51.0,-1.7075701760979363
Cc1[nH]c2ccc(Br)cc2c1C1=CCNCC1,400.0,-2.6020599913279625
CCCc1nc(C(=O)NCCCN2CCN(c3cccc(Cl)c3C)CC2)c(C)n1-c1ccc(F)cc1.Cl.Cl.Cl,54.0,-1.7323937598229686
COc1ccc(-n2c(C)nc(C(=O)NCC(O)CN3CCN(c4cccc(Cl)c4C)CC3)c2C)cc1.Cl.Cl.Cl,56.0,-1.7481880270062005
Cc1cccc(N2CCN(C[C@H](O)CNC(=O)c3nc(C)n(-c4ccccc4F)c3C)CC2)c1C.Cl.Cl,270.0,-2.4313637641589874
CCCc1nc(C(=O)NCCCN2CCN(c3cccc(C)c3C)CC2)c(C)n1-c1ccc(F)cc1.Cl.Cl,31.0,-1.4913616938342726
Cc1c(Cl)cccc1N1CCN(CC(O)CNC(=O)c2nc(-c3ccccc3)n(-c3ccccc3)c2C)CC1.Cl.Cl.Cl,57.0,-1.7558748556724915
CCCc1nc(C(=O)NCCCN2CCN(c3cccc(Cl)c3Cl)CC2)c(C)n1-c1ccc2c(c1)OCCO2.Cl.Cl.Cl.Cl,106.0,-2.0253058652647704
COc1ccccc1-n1c(C)nc(C(=O)NCCCN2CCN(c3cccc(C)c3C)CC2)c1C.Cl.Cl,144.0,-2.1583624920952498
CNC(=O)c1cccc(OCCCCN2CCN(c3cccc(Cl)c3Cl)CC2)c1,1100.0,-3.041392685158225
Cc1cccc(N2CCN(CCCNC(=O)c3cc(-c4ccccc4)n(-c4ccc(F)cc4)c3C)CC2)c1C,6.9,-0.8388490907372553
Cc1ccc(F)cc1CO[C@H]1CCc2ccc(N3CCNC[C@H]3C)nc21,46.0,-1.662757831681574
Cc1c(C(=O)NCCCN2CCN(c3cccc(Cl)c3Cl)CC2)nc(-c2ccccc2)n1-c1ccccc1F.Cl.Cl.Cl.Cl,19.5,-1.290034611362518
CC(C)(C)NC1=NCCNC(c2cccc(C(F)(F)F)c2)=C1,514.0,-2.710963118995276
CC1(NC2=NCCNC(c3ccc(F)cc3)=C2)CCCCC1,1.6,-0.20411998265592482
CCC(C)(CC)NC1=NCCNC(c2ccc(C)cc2)=C1,14.9,-1.173186268412274
CC(C)(C)NC1=NCCNC(c2ccccc2)=C1,35.0,-1.5440680443502757
CN1CCN(C2=Nc3cc(Cl)ccc3Nc3ccccc32)CC1,12.0,-1.0791812460476249
COc1ccc(Nc2nc(N3CCN(c4ccc(F)cc4)CC3)nc3[nH]ncc23)cc1,696.0,-2.842609239610562
O=C1C2CC=CCC2C(=O)N1CCCCN1CCN(c2cccc3sccc23)CC1,0.6,0.22184874961635637
CN1CCC(N(C)S(=O)(=O)c2ccc(-c3ccccc3)cc2)CC1,281.0,-2.44870631990508
COc1cccc(N2CCN(CCCNC(=O)c3cc(-c4ccccc4)n(C)c3C)CC2)c1OC,666.0,-2.823474229170301
CCOC(=O)Cc1nn(CNC(=O)CCCN2CCN(c3cccc(C)c3C)CC2)c(=O)c2ccccc12,98.0,-1.9912260756924949
Cc1nc2n(c(=O)c1CCN1CCC(c3noc4cc(F)ccc34)CC1)CCCC2,0.7079,0.1500280876711499
Cc1cccc(N2CCN(CCCNC(=O)c3nc(C)n(CC(C)C)c3C)CC2)c1C.Cl.Cl,216.8,-2.336059277866349
CCCc1nc(C(=O)NCCCN2CCN(c3cccc(Cl)c3C)CC2)c(C)n1-c1ccccc1OC.Cl.Cl.Cl,171.0,-2.2329961103921536
COc1ccccc1C1CCN(c2ccn3c(CC4CC4)nnc3c2Cl)CC1,1288.25,-3.1100001511331126
Cl.O=C(NCCN1CCN(c2ncccn2)CC1)C12CC3CC(CC(C3)C1)C2,33.7,-1.5276299008713388
O=c1c(-c2ccc(O)cc2)coc2cc(O)cc(O)c12,10469.0,-4.019905199804614
CN1C[C@H](C(=O)N[C@]2(C)O[C@@]3(O)[C@@H]4CCCN4C(=O)[C@H](Cc4ccccc4)N3C2=O)C=C2c3cccc4[nH]cc(c34)C[C@H]21,6.486,-0.811976944336954
COc1ccc(S(=O)(=O)Nc2c(C)cc(C)cc2C)cc1,39810.72,-4.600000032123142
CCCc1nc(C(=O)NCCCN2CCN(c3cccc(C)c3C)CC2)cn1-c1ccc(F)cc1.Cl.Cl,141.0,-2.1492191126553797
COc1ccc(OC)c(S(=O)(=O)n2cc(/C=N/N=C/N(C)C)c3c([N+](=O)[O-])cccc32)c1,479.0,-2.680335513414563
CCCc1nc(C(=O)NCCCN2CCN(c3cccc(C)c3C)CC2)cn1-c1ccccc1,133.0,-2.123851640967086
CN(C)/C=N/N=C/c1cn(S(=O)(=O)c2ccc(F)cc2)c2cccc([N+](=O)[O-])c12,702.0,-2.846337112129805
Cc1cc(=O)oc2c(Cl)c(OCCCCN3CCC(c4noc5cc(F)ccc45)CC3)ccc12,39.2,-1.5932860670204572
O=C(CNC(=O)c1cccc(C(F)(F)F)c1)N[C@@H]1CCN(CCN2CCN(C(=O)c3ccccc3F)CC2)C1,10000.0,-4.0
O=C(CNC(=O)c1cccc(C(F)(F)F)c1)N[C@@H]1CCN(CCN2CCN(C(=O)c3cc(F)ccc3F)CC2)C1,10000.0,-4.0
O=C(c1ccc(F)cc1)C1CCN(CCn2c(=O)[nH]c3ccccc3c2=O)CC1,0.52,0.2839966563652008
Cl.c1ccc(Cc2nc3c(c(Nc4ccccc4)n2)CCNCC3)cc1,2.69,-0.42975228000240795
CNc1nc(N2CCN(C)CC2)nc2c1CCNCC2.Cl,10000.0,-4.0
CCNc1nc(Nc2ccccc2)c2cn[nH]c2n1,10000.0,-4.0
CN(C)CC1CC2c3ccccc3Cc3ccc(Cl)cc3N2O1,3.467,-0.5399538416563967
CN(C)CC1CC2c3cc(F)ccc3Cc3ccc(F)cc3N2O1,10.72,-1.0301947853567512
Cc1cccc(N2CCN(CCCNC(=O)c3cc(-c4ccc(Cl)cc4)[nH]c3C)CC2)c1C.Cl,92.0,-1.9637878273455553
Cc1c(C(=O)NCCCN2CCN(c3cccc(Cl)c3)CC2)cc(-c2ccccc2)n1-c1ccc(F)cc1,22.9,-1.359835482339888
COc1cccc(C(=O)Nc2ccc(OCCN3CCOCC3)c(-c3ccnn3C)c2)c1,5.2,-0.7160033436347992
CCCCc1oc2ccccc2c1C(=O)c1cc(I)c(OCCN(CC)CC)c(I)c1,3590.0,-3.555094448578319
Cc1cccc(N2CCN(CC(O)CNC(=O)c3nc(C)n(CC(C)C)c3C)CC2)c1C.Cl.Cl,1011.0,-3.004751155591001
CN(C)CCc1c[nH]c2ccc(Cn3cncn3)cc12,7943.28,-3.899999871665804
CC(CN1c2ccccc2Sc2ccccc21)N(C)C,23.0,-1.3617278360175928
CCNC(=O)c1cc(OCCCCN2CCC(c3noc4cc(F)ccc34)CC2)ccn1,95.5,-1.9800033715837464
CN(C)[C@@H]1CC[C@H](c2c[nH]c3ccc(C#N)cc23)C1,840.0,-2.9242792860618816
CCCc1nc(C(=O)NCCCN2CCN(c3cccc(Cl)c3Cl)CC2)c(C)n1-c1ccccc1.Cl.Cl.Cl.Cl,21.0,-1.3222192947339193
COc1ccc(NC(=O)Nc2ccc(Cl)c(C(F)(F)F)c2)cc1-c1c(Br)cnn1C,0.7943,0.100015437450609
O=S(=O)(c1cccc2ccccc12)N(CCCN1CCN(c2ccccc2)CC1)CC1CC1,171.0,-2.2329961103921536
Cc1cc(N(C)CCN(C)C)nc2ccc(NC(=O)/C=C/c3ccc(OC(F)(F)F)cc3)cc12,1900.0,-3.278753600952829
CSc1nc(C)cc(C(=O)NCCN2CCN(c3cccc(Cl)c3Cl)CC2)n1.Cl,55.0,-1.7403626894942439
Cc1nc(C(=O)NCCCN2CCN(c3cccc(Cl)c3Cl)CC2)cc(C(C)C)n1.Cl,113.0,-2.05307844348342
CCCNc1nc(Nc2ccccc2)c2cn[nH]c2n1,10000.0,-4.0
Cc1ccc2c(C(=O)Nc3ccc(Oc4cccnc4C)nc3)c[nH]c2c1,10000.0,-4.0
C=CCNc1nc(Nc2ccc(F)cc2)c2cn[nH]c2n1,6577.0,-3.8180278418592564
Fc1ccc(Nc2nc(NCc3ccccc3)nc3[nH]ncc23)cc1,1268.0,-3.1031192535457137
CC(C)N(CC1CC2c3ccccc3Cc3ccccc3N2O1)C(C)C,1000.0,-3.0
COc1cccc(C2CCN(c3ccn4c(CC5CC5)nnc4c3Cl)CC2)c1,4100.0,-3.6127838567197355
COCCOc1ccccc1C1CCN(c2ccn3c(CC4CC4)nnc3c2Cl)CC1,3900.0,-3.591064607026499
COCCOc1cccc(C(=O)C2CCN(CCc3ccc(F)cc3)CC2)c1OC,9.333,-0.9700212658283658
O=C1[C@@H]2[C@H]3CC[C@H](C3)[C@@H]2C(=O)N1CCCCN1CCN(c2ccc3ccsc3c2)CC1,130.0,-2.113943352306837
c1cnc2c(N3CCNCC3)cccc2c1,70.9,-1.8506462351830666
Cc1cc2c(s1)Nc1ccccc1N=C2N1CCN(C)CC1,9.0,-0.9542425094393249
Cc1ccccc1N1CCN(CCc2nnc3n2CCCC3)CC1,606.0,-2.782472624166286
CNCCC=C1c2ccccc2CCc2ccccc21,51.0,-1.7075701760979363
O=C(CNC(=O)c1cccc(C(F)(F)F)c1)N[C@@H]1CCN(CCC2CCN(C(=O)c3ccccc3)CC2)C1,10000.0,-4.0
O=S(=O)(c1ccccc1)c1c[nH]c2cccc(CCNC3CCCC3)c12,31.0,-1.4913616938342726
CN(C)CCc1cccc2[nH]cc(S(=O)(=O)c3ccccc3)c12,459.0,-2.661812685537261
Cc1nc(C(=O)NCCCN2CCN(c3cccc(C)c3C)CC2)cc(C(C)(C)C)n1.Cl,458.0,-2.660865478003869
COc1ccc(NC(=O)Nc2ccc(C(F)(F)F)cc2)cc1-c1c(Br)cnn1C,1.585,-0.2000292665537703
COc1ccc(NC(=O)Nc2cccc(C(C)=O)c2)cc1-c1c(Br)cnn1C,3.981,-0.599992177584098
COc1ccc(NC(=O)Nc2ccc(C(C)C)cc2)cc1-c1c(Br)cnn1C,2.512,-0.40001963506515853
Cc1nc(C(=O)NCCCN2CCN(c3cccc(Cl)c3Cl)CC2)cc(-c2ccccc2)n1.Cl,35.0,-1.5440680443502757
CNS(=O)(=O)Cc1ccc2[nH]cc(CCN(C)C)c2c1,10000.0,-4.0
CN(C)CC1CC2c3ccccc3Cc3ccccc3N2O1,22.91,-1.3600250891893975
Cc1c(Cl)cccc1N1CCN(CC(O)CNC(=O)c2nc(C)n(-c3ccccc3F)c2C)CC1.Cl.Cl.Cl,197.0,-2.294466226161593
COc1ccc(N2CCN(CC[C@@H](OC(N)=O)c3ccccc3)CC2)cc1,5800.0,-3.7634279935629373
CN1CCC(N(C)S(=O)(=O)c2ccc(F)cc2)CC1,5900.0,-3.7708520116421442
COc1ccc(S(=O)(=O)N(C)C2CCN(C)CC2)cc1,831.0,-2.919601023784111
CN(C(=O)/C=C/c1ccc(-c2ccc(Cl)cc2)cc1)c1ccc(CN2CCCCC2)cc1,362.0,-2.558708570533166
CN1CCC(=C2c3ccccc3C=Cc3ccccc32)CC1,0.973,0.0118871597316481
O=C(c1ccc(F)cc1)C1CCN(CCn2c(=O)[nH]c3ccccc3c2=O)CC1,2.6,-0.414973347970818
COc1cc(/C=C/C(=O)NCCn2c(C(F)(F)F)cc3ccccc32)cc(OC)c1OC,75000.0,-4.8750612633917
CSc1nc(C)cc(C(=O)NCCN2CCN(c3cccc(C)c3C)CC2)n1.Cl,47.0,-1.6720978579357175
COCCNc1nc(Nc2ccc(F)cc2)c2cn[nH]c2n1,10000.0,-4.0
CN1CCC(N(C)S(=O)(=O)c2ccccc2)CC1,1019.0,-3.0081741840064264
NCCn1cc(S(=O)(=O)c2cccc(Cl)c2)c2cccnc21,11.0,-1.041392685158225
Cc1nc(C(=O)NCCCN2CCN(c3cccc(Cl)c3Cl)CC2)c(C)n1-c1ccc2c(c1)OCCO2.Cl.Cl.Cl.Cl,8.63,-0.9360107957152096
COc1ccc2c(c1)C1CC(CN(C)C)ON1c1ccccc1C2,302.0,-2.4800069429571505
CCC(=O)N(C1CCCCCCC1)C1CCN(CCCOc2ccc(F)cc2)CC1,12.59,-1.1000257301078626
CCCN1C[C@H](CSC)C[C@@H]2c3cccc4[nH]cc(c34)C[C@H]21,14.0,-1.146128035678238
CN(C)CCC=C1c2ccccc2COc2ccccc21,38.0,-1.5797835966168101
CN1CCN2c3ccccc3Cc3ccccc3C2C1,1.764,-0.24649858079580092
CN(C)/C=N/N=C/c1cn(S(=O)(=O)c2ccccc2)c2cccc([N+](=O)[O-])c12,329.0,-2.5171958979499744
Cc1cc(C(=O)NCCCN2CCN(c3cccc(C)c3C)CC2)nc(C2CC2)n1.Cl,256.0,-2.4082399653118496
Cc1cc(C(=O)NCCN2CCN(c3cccc(C)c3C)CC2)nc(C(C)(C)C)n1.Cl,69.0,-1.8388490907372552
CC[C@]12CCCN3CC[C@]4(C(=C(C(=O)OC)C1)Nc1ccccc14)[C@@H]32.Cl,10000.0,-4.0
CCCn1c(C)nc(C(=O)NCC(O)CN2CCN(c3cccc(Cl)c3C)CC2)c1C,480.0,-2.681241237375587
COc1c(OCCOCCOCCOCCOCCOCCOCCOCCOCCOCCOc2ccc(C3CCN(c4ccn5c(CC6CC6)nnc5c4Cl)CC3)cc2)cccc1C(=O)C1CCN(CCc2ccc(F)cc2)CC1,300.0,-2.4771212547196626
COc1ccccc1N1CCN(CCOCCOc2c(C)cc(C)cc2C)CC1.Cl.Cl,18200.0,-4.260071387985075
O=C(c1ccc(F)cc1)C1CCN(CCn2c(=O)[nH]c3ccccc3c2=O)CC1,32.0,-1.505149978319906
N#Cc1ccn2c(=O)n(CCCCN3CCN(c4cccc5sccc45)CC3)nc2c1,726.0,-2.8609366207000937
CCOC(=O)Cc1nn(CNC(=O)CCN2CCN(c3cccc(C(F)(F)F)c3)CC2)c(=O)c2ccccc12,1080.0,-3.03342375548695
CCOC(=O)Cc1nn(CNC(=O)CCN2CCN(c3ccc(C)cc3C)CC2)c(=O)c2ccccc12,5520.0,-3.741939077729199
CCOC(=O)Cc1nn(CNC(=O)CCN2CCN(c3cccc(C)c3C)CC2)c(=O)c2c(F)cccc12,150.0,-2.1760912590556813
CCOC(=O)Cc1nn(CNC(=O)CCCN2CCN(c3ccc(C)c(C)c3)CC2)c(=O)c2ccccc12,9.0,-0.9542425094393249
CC(C)COc1ccc(CNC(=O)N(Cc2ccc(F)cc2)C2CCN(C)CC2)cc1,22.0,-1.3424226808222062
CNCc1ccc(Cl)cc1Oc1ccc(Cl)c(F)c1,58.1,-1.7641761323903307
COc1ccc(CCN2CCC(Nc3nc4ccccc4n3Cc3ccc(F)cc3)CC2)cc1,20.0,-1.3010299956639813
Cc1cnc(CNc2nc(N)nc3ccn(Cc4ccccn4)c23)o1,650.0,-2.8129133566428557
CNC(=O)c1cccc(OCCCCN2CCN(c3cccc(Cl)c3Cl)CC2)c1OC,720.0,-2.8573324964312685
CNC(=O)c1cccc(OCCCCN2CCN(c3cccc(Cl)c3Cl)CC2)c1F,30.3,-1.481442628502305
CCCCCNC(=O)c1cccc(OCCCCN2CCN(c3cccc(Cl)c3Cl)CC2)c1,1100.0,-3.041392685158225
CCc1c(C(=O)NCCCN2CCN(c3cccc(Cl)c3Cl)CC2)nc(-c2ccc(Cl)cc2Cl)n1-c1ccc(Br)cc1,2320.0,-3.3654879848909
CCCn1c(C)nc(C(=O)NCC(O)CN2CCN(c3cccc(C)c3C)CC2)c1C,840.0,-2.9242792860618816
O=C1CC2(CCCC2)CC(=O)N1CCCCN1CCN(c2ncccn2)CC1,2286.0,-3.359076226059263
CN1CCC(N(C)S(=O)(=O)c2cccc(F)c2)CC1,1859.0,-3.2692793897718984
OCCOCCN1CCN(C2=Nc3ccccc3Sc3ccccc32)CC1,117.8,-2.0711452904510828
CNS(=O)(=O)Cc1ccc2[nH]cc(CCN(C)C)c2c1,7943.28,-3.899999871665804
O=S(=O)(c1ccc(Cl)cc1)N(CCCN1CCC(c2noc3cc(F)ccc23)CC1)C1COC1,34.6,-1.5390760987927767
CN(C)CC1CC2c3cc(F)ccc3Cc3ccccc3N2O1,53.7,-1.7299742856995557
CCOc1ccc(CCOC(=O)N2CCN(CCCc3ccccc3)CC2)cc1,980.0,-2.991226075692495
CC1SC2(CCCC2)C(=O)N1CCCCN1CCN(c2csc3cc(F)ccc23)CC1,8.0,-0.9030899869919435
COc1c(C)nc(C)nc1C(=O)NCCN1CCN(c2cccc(C)c2C)CC1.Cl,842.0,-2.9253120914996495
Cc1c(Cl)cccc1N1CCN(CCCNC(=O)c2nc(-c3ccccc3)n(-c3ccccc3)c2Cn2cncn2)CC1.Cl.Cl.Cl,12.3,-1.089905111439398
Cc1c(Cl)cccc1N1CCN(CCCNC(=O)c2nc(-c3ccccc3)n(-c3ccc(F)cc3)c2C)CC1.Cl.Cl.Cl,12.2,-1.0863598306747482
CCC1CC(=O)c2c(N3CCN(C)CC3)cccc2N1S(=O)(=O)c1ccc2ccccc2c1,455.0,-2.6580113966571126
CN1CCN(CC2CC3c4ccccc4Cc4ccccc4N3O2)CC1,281.84,-2.450002630173186
OCCCNc1nc(Nc2ccc(F)cc2)c2cn[nH]c2n1,10000.0,-4.0
O=c1[nH]c(=O)n(CCCCN2CCN(c3cccc4sccc34)CC2)c2ccccc12,128.82,-2.109983294819892
CN(C)Cc1cc(CC(N)=O)ccc1Oc1ccc(Cl)c(Cl)c1,2240.0,-3.3502480183341627
CN(C)CC1CC2c3cccnc3Cc3ccccc3N2O1,1000.0,-3.0
COc1cc(OC)cc(-n2c(C)nc(C(=O)NCCCN3CCN(c4cccc(C)c4C)CC3)c2C)c1.Cl.Cl,32.0,-1.505149978319906
CCCc1nc(C(=O)NCCCN2CCN(c3cccc(Cl)c3C)CC2)c(C)n1-c1ccc2c(c1)OCCO2.Cl.Cl.Cl,47.0,-1.6720978579357175
Cc1cccc(N2CCN(C[C@H](O)CNC(=O)c3nc(C)n(-c4ccccc4)c3C)CC2)c1C.Cl.Cl,72.5,-1.8603380065709938
CC[C@]12CCCN3CC[C@@]4([C@H]5CCCC[C@H]5N[C@H]4[C@@H](C(=O)[O-])C1)[C@@H]32.[Na+],10000.0,-4.0
CCc1[nH]c2ccc(OC)cc2c1CCN(C)C,620.0,-2.792391689498254
CN1CCc2ccc(OCCCN3CCC(c4noc5cc(F)ccc45)CC3)cc2C1=O,46.3,-1.665580991017953
COc1ccc(NC(=O)Nc2ccc(F)c(F)c2)cc1-c1c(F)cnn1C,2.512,-0.40001963506515853
Oc1ccccc1C1=NC(Cc2c[nH]cn2)C(c2ccccc2)S1,13000.0,-4.113943352306837
Cc1cccc(N2CCN(CCCC(=O)NCn3nc(CC(N)=O)c4cccc(F)c4c3=O)CC2)c1C,144.0,-2.1583624920952498
CN(C)Cc1nc(-c2ccc(C(C)(C)C)cc2)n(-c2cccc(O)c2)n1,10000.0,-4.0
O=S(=O)(c1ccc2ccccc2c1)N(CCCN1CCN(c2ccccc2)CC1)CC1CCCCC1,0.7,0.1549019599857432
CC(C)N1CCN(c2ccc(OC[C@H]3CO[C@](Cn4cncn4)(c4ccc(Cl)cc4Cl)O3)cc2)CC1,8175.0,-3.912487761332324
O=C(c1ccccc1)N(CCCN1CCN(c2ccccn2)CC1)CC1CC1,7719.0,-3.887561040930009
Cc1c(O[C@@H](C)c2cccc(F)c2)cccc1C1CCNCC1,1000.0,-3.0
CN(C)CC1CC2c3ccccc3Cc3c(F)cccc3N2O1,23.99,-1.3800302479678306
CCN(C)CCc1cn(C)c2cccc(O)c12,133.0,-2.123851640967086
O=C(Nc1ccc(OC(F)F)nc1)NC1CCN(c2ncnc3c2nc(-c2ccccc2Cl)n3-c2ccc(Cl)cc2)CC1,10000.0,-4.0
O=C1NCN(c2ccccc2)C12CCN(CCCOc1ccc(F)cc1)CC2,0.3162,0.5000381344038098
COc1ccc(NC(=O)Nc2cc(C(F)(F)F)cc(C(F)(F)F)c2)cc1-c1c(Cl)cnn1C,3.981,-0.599992177584098
COCCNCCOc1ccc(NC(=O)c2cccc(C(F)(F)F)c2)cc1-c1c(Cl)cnn1C,0.082,1.0861861476162833
O=C(NC1CC1)c1ccnc(OCCCCN2CCC(c3noc4cc(F)ccc34)CC2)c1,53.9,-1.7315887651867388
Fc1cccc(CCN2CCN(CCCc3c[nH]c4ccc(-n5cnnc5)cc34)CC2)c1,370.0,-2.568201724066995
N#Cc1ccc(CCOC(=O)N2CCN(CCCc3ccccc3)CC2)cc1,854.0,-2.931457870689005
CN(C)CCCCC1CC2c3ccccc3Cc3ccccc3N2O1,1000.0,-3.0
CCCN1CCN(Cc2ccccc2)CC12COc1cccc(OC)c1C2,24547.09,-4.390000014917257
CCCN(CCCN1CCN(c2cccc(Cl)c2Cl)CC1)C(=O)c1ccccc1,3249.0,-3.511749711344983
O=C(c1ccccc1)N(CCCN1CCN(c2cccc(Cl)c2Cl)CC1)CC1CC1,768.1,-2.8854177651109363
CN1CCN(C[C@H](c2cccc(OC(F)(F)F)c2)C2(O)CCCCC2)CC1.Cl.Cl,10000.0,-4.0
Clc1ccc(CO/N=C(\Cn2ccnc2)c2ccc(Cl)cc2Cl)c(Cl)c1,4163.0,-3.619406410886777
O=C(c1ccc(OCCN2CCCCC2)cc1)c1c(-c2ccc(O)cc2)sc2cc(O)ccc12,1450.0,-3.161368002234975
Cc1nc2n(c(=O)c1CCN1CCN(c3nsc4ccccc34)CC1)CCCC2(C)O,3.4,-0.5314789170422551
Cc1c(C(=O)NCCCN2CCN(c3ccc(Cl)cc3Cl)CC2)cc(-c2ccccc2)n1C,213.0,-2.3283796034387376
Cc1c(C(=O)NCCCN2CCN(c3ccc(F)cc3)CC2)cc(-c2ccccc2)n1C,22.0,-1.3424226808222062
CCCn1c(-c2ccccc2)cc(C(=O)NCCCN2CCN(c3cccc(C(F)(F)F)c3)CC2)c1C.Cl,410.0,-2.6127838567197355
Cc1[nH]c(-c2ccccc2)cc1C(=O)NCCCN1CCN(c2cccc(Cl)c2Cl)CC1,300.0,-2.4771212547196626
Cc1c(C(=O)NCCCN2CCN(c3cccc(Cl)c3Cl)CC2)cc(-c2cccnc2)n1C,209.0,-2.320146286111054
N#Cc1ccc2[nH]cc(CCCCN3CCN(c4ccc(-n5ccc6ncccc6c5=O)cc4)CC3)c2c1,10000.0,-4.0
Fc1ccc2c(C3CCN(CCCOc4ccc(CCN5CCOCC5)cc4)CC3)noc2c1,185.5,-2.268343913951065
Cc1c(Cl)cccc1N1CCN(CC(O)CNC(=O)c2nc(C)n(-c3ccc(F)cc3)c2C)CC1.Cl.Cl.Cl,254.0,-2.404833716619938
CCOC(=O)Cc1nn(CNC(=O)CCN2CCN(c3c(C)cccc3C)CC2)c(=O)c2ccccc12,6110.0,-3.786041210242554
CCOC(=O)Cc1nn(CNC(=O)CCN2CCN(c3cccc(C)c3C)CC2)c(=O)c2cc(F)ccc12,435.0,-2.6384892569546374
CCCN1CCN(CCCCN2C(=O)CC3(CCCC3)CC2=O)CC12COc1cccc(OC)c1C2,11220.18,-4.049999824155409
O=S(=O)(c1cccc2ccccc12)N(CCCN1CCN(c2ccccc2)CC1)CC1CCCCC1,2.6,-0.414973347970818
O=S(=O)(c1ccc(F)cc1)N(CCCN1CCN(c2ccccc2)CC1)CC1CCCCC1,13.2,-1.1205739312058498
O=S(=O)(c1cccc2cccnc12)N(CCCN1CCN(c2ccc(F)cc2)CC1)CC1CCCCC1,5.1,-0.7075701760979364
O=S(=O)(c1cccc2cccnc12)N(CCCN1CCN(c2cccc(C(F)(F)F)c2)CC1)CC1CC1,75.0,-1.8750612633917
Cc1c(C(=O)NCCCCN2CCN(c3cccc(Cl)c3Cl)CC2)cc(-c2ccccc2)n1C,28.0,-1.4471580313422192
CCCCCCCCCCCCCCCC[n+]1ccccc1.[Br-],3173.0,-3.501470072100412
CNCc1cc(F)c(Cl)cc1Oc1ccc(Cl)c(Cl)c1,230.0,-2.361727836017593
CNCc1cc(C(F)(F)F)ccc1Oc1ccc(C)cc1,34.7,-1.5403294747908738
CCc1cc(Oc2ccc(F)cc2CNC)ccc1Cl,274.0,-2.437750562820388
CNCc1cc(Br)ccc1Oc1ccc(Cl)c(Cl)c1,787.0,-2.8959747323590648
COc1ccc(NC(=O)Nc2ccc(Cl)cc2)cc1-c1c(Br)cnn1C(C)C,1.259,-0.10002573010786256
CCOc1ccc(NC(=O)Nc2ccc(Cl)cc2)cc1-c1c(Br)cnn1C,1.585,-0.2000292665537703
Cn1ncc(Br)c1-c1cc(NC(=O)Nc2ccc(Cl)cc2)ccc1OCCc1ccccc1,50.12,-1.7000110623221123
COc1ccc(NC(=O)Nc2cc(F)cc(F)c2)cc1-c1c(Br)cnn1C,1.259,-0.10002573010786256
COc1ccc(NC(=O)Nc2ccc(Cl)cc2C(F)(F)F)cc1-c1c(Br)cnn1C,2.512,-0.40001963506515853
CNC(=O)c1ccnc(OCCCCN2CCC(c3noc4cc(F)ccc34)CC2)c1,62.4,-1.7951845896824241
CNC(=O)c1cccc(OCCCCN2CCN(c3ccc4ccsc4c3)CC2)n1,1280.0,-3.1072099696478683
CNCc1ccc(Cl)cc1Oc1ccc(Cl)cc1,6.59,-0.8188854145940099
CNCc1cc(F)ccc1Oc1ccc(Cl)c(Cl)c1,206.0,-2.3138672203691533
CNCc1ccccc1Oc1ccc(Cl)c(Cl)c1,721.0,-2.857935264719429
CSc1ccc(Oc2ccccc2CN(C)C)cc1,458.0,-2.660865478003869
COc1ccc(S(=O)(=O)N(CCCN2CCN(c3ccccc3)CC2)CC2CC2)cc1,136.0,-2.1335389083702174
CC(CCN1CCN(c2cccc(C(F)(F)F)c2)CC1)NS(=O)(=O)c1ccc2ccccc2c1,180.0,-2.255272505103306
CC(C)NCC(O)COc1cccc2ccccc12,1466.0,-3.166133970305109
CCCN1CCC(COc2nc3ccccc3c3c2CCCN3)CC1,5000.0,-3.6989700043360187
COc1ccc(NC(=O)Nc2cccc(F)c2)cc1-c1c(Br)cnn1C,0.7943,0.100015437450609
Cc1[nH]c(-c2ccccc2)cc1C(=O)NCCCN1CCN(c2cccc(Cl)c2)CC1,245.0,-2.3891660843645326
CCCn1c(-c2ccccc2)cc(C(=O)NCCCN2CCN(c3cccc(Cl)c3)CC2)c1C,191.0,-2.2810333672477277
Cc1cccc(N2CCN(CCCNC(=O)c3cc(-c4ccccc4)n(C)c3C)CC2)c1C,57.0,-1.7558748556724915
CCn1c(-c2ccccc2)cc(C(=O)NCCCN2CCN(c3cccc(Cl)c3Cl)CC2)c1C,376.0,-2.575187844927661
CCCn1c(-c2ccccc2)cc(C(=O)NCCCCN2CCN(c3cccc(C)c3C)CC2)c1C,792.0,-2.8987251815894934
COc1ccc(CN(C)C)c(Oc2ccc(Cl)c(Cl)c2)c1,36.8,-1.5658478186735176
CNCc1cc(C#N)ccc1Oc1ccc(Cl)c(Cl)c1,3180.0,-3.5024271199844326
CNCc1ccc(Cl)cc1Oc1ccc(F)c(C)c1,32.9,-1.5171958979499742
O=[N+]([O-])c1ccc(S(=O)(=O)N(CCCN2CCN(c3ccccc3)CC2)CC2CCCCC2)cc1,4.2,-0.6232492903979004
O=[N+]([O-])c1ccc(S(=O)(=O)N(CCCN2CCN(c3ccccc3)CC2)CC2CC2)cc1,180.0,-2.255272505103306
COc1ccc(-n2c(C)nc(C(=O)NCC(O)CN3CCN(c4cccc(C)c4C)CC3)c2C)cc1OC.Cl.Cl,204.5,-2.3106933123433606
Cc1cccc(N2CCN(CC(O)CNC(=O)c3nc(C)n(-c4ccccc4F)c3C)CC2)c1C.Cl.Cl,579.0,-2.762678563727436
CCCc1nc(C(=O)NCC(O)CN2CCN(c3cccc(Cl)c3Cl)CC2)cn1-c1ccc(Cl)cc1.Cl.Cl.Cl.Cl.Cl,176.6,-2.24699069924155
CCCc1nc(C(=O)NCCCN2CCN(c3cccc(Cl)c3C)CC2)c(C)n1-c1ccc(OC)cc1.Cl.Cl.Cl,15.2,-1.1818435879447726
COc1ccccc1-n1c(C)nc(C(=O)NCC(O)CN2CCN(c3cccc(C)c3C)CC2)c1C,389.0,-2.5899496013257077
CN1CCC(N(C)S(=O)(=O)c2cccc(Cl)c2)CC1,986.0,-2.9938769149412114
CCCc1nc(C(=O)NCC(O)CN2CCN(c3cccc(C)c3C)CC2)c(C)n1-c1ccc(OC)cc1,126.0,-2.100370545117563
CN1CCC[C@@H]1CCO[C@](C)(c1ccccc1)c1ccc(Cl)cc1,32.0,-1.505149978319906
CN(C)CCCN1c2ccccc2Sc2ccc(Cl)cc21,3.851,-0.5855735186227311
CCCn1c(C)nc(C(=O)NCC(O)CN2CCN(c3cccc(C)c3C)CC2)c1C.Cl.Cl,839.9,-2.9242275812601175
O=C(c1ccc(F)cc1)C1CCN(CCn2c(=O)[nH]c3ccccc3c2=O)CC1,19.6,-1.2922560713564761
CNC(=O)c1ccc(OCCCCN2CCN(c3cccc(Cl)c3Cl)CC2)cc1,820.0,-2.9138138523837167
CNC(=O)c1cccc(OCCCCN2CCN(c3cccc4sccc34)CC2)c1,216.0,-2.3344537511509307
COc1cc(NC(=O)c2ccc(-c3ccc(Cl)cc3)o2)cc(OC)c1,2000.0,-3.3010299956639813
OCCN1CCN(c2nc(Nc3ccccc3F)c3ccccc3n2)CC1,1370.0,-3.1367205671564067
NC(=O)c1cc(OCCCCN2CCN(c3nsc4ccccc34)CC2)ccn1,523.0,-2.718501688867274
CN(C)c1ccc(C(=C2C=CC(=[N+](C)C)C=C2)c2ccc(N(C)C)cc2)cc1.[Cl-],2627.0,-3.4194600727860704
COc1c(OCCOCCN=[N+]=[N-])cccc1[C@H](O)C1CCN(CCc2ccc(F)cc2)CC1,46.77,-1.669967369908504
C#CCOCCOCCOc1cccc([C@H](O)C2CCN(CCc3ccc(F)cc3)CC2)c1OC,56.6,-1.7528164311882715
COCCNC(=O)COc1ccc(NC(=O)c2cccc(C(F)(F)F)c2)cc1-c1c(Cl)cnn1C,52.0,-1.7160033436347992
S=C(NCCN1CCN(c2ncccn2)CC1)C12CC3CC(CC(C3)C1)C2,62.3,-1.7944880466591697
O=C(c1ccc2nc(N3CCN(C4CC4)CC3)ccc2c1)C1CC1,10000.0,-4.0
COc1ccc(-n2c(C)nc(C(=O)NCCCN3CCN(c4cccc(Cl)c4Cl)CC3)c2C)cc1,20.0,-1.3010299956639813
Cc1cccc(N2CCN(C[C@H](O)CNC(=O)c3nc(C)n(-c4ccccc4)c3C)CC2)c1C,72.5,-1.8603380065709938
CCCCCCCCCCNC(=O)/C=C/c1cc(OC)c(OC)c(OC)c1,6800.0,-3.832508912706236
O=C1CC2(CCCC2)CC(=O)N1CCCCNCC1COc2ccccc2C1,56.23,-1.749968083509403
COc1cccc(Nc2nc(Cc3ccccc3)nc3c2CCNCC3)c1.Cl,84.4,-1.9263424466256551
CN1CCN(c2nc(Nc3ccc(Cl)cc3)c3cn[nH]c3n2)CC1,28.8,-1.4593924877592308
CNCCC(Oc1ccc(C(F)(F)F)cc1)c1ccccc1,710.0,-2.8512583487190755
Fc1ccc(Nc2nc(N3CCOCC3)nc3[nH]ncc23)cc1,2618.0,-3.417969642214737
O=C(c1ccc(F)cc1)C1CCN(CCn2c(=O)[nH]c3ccccc3c2=O)CC1,0.35,0.4559319556497244
CN(C)CC1CC2c3ccccc3Cc3ccccc3N2O1,22.91,-1.3600250891893975
CCc1nc(C(=O)NCC(O)CN2CCN(c3cccc(C)c3C)CC2)c(C)n1-c1ccccc1,469.0,-2.6711728427150834
CC[C@@H](CO)NC(=O)[C@@H]1C=C2c3cccc4c3c(cn4C)C[C@H]2N(C)C1,13.0,-1.1139433523068367
CNC(=O)c1cc(C)cc(OCCCCN2CCN(c3cccc(Cl)c3Cl)CC2)c1,1400.0,-3.146128035678238
COc1c(OCCOCCOCCOCCOCCOc2cccc(C(=O)C3CCN(CCc4ccc(F)cc4)CC3)c2OC)cccc1C(=O)C1CCN(CCc2ccc(F)cc2)CC1,29.51,-1.4699692094999595
Cc1cccc(N2CCN(CCCC(=O)NCn3nc(CC(N)=O)c4ccc(F)cc4c3=O)CC2)c1C,158.0,-2.1986570869544226
O=C(NCc1ccc(-c2ccc(Cl)cc2)cc1)Nc1ccc(CN2CCCCC2)cc1,29.0,-1.462397997898956
OC1CCN(Cc2ccc(NCCCc3ccc(OCc4ccccc4)nn3)cc2)CC1,10000.0,-4.0
CCCCCCCCCCCCCCCC(=O)N[C@H](C(=O)N[C@H](C(=O)N[C@@H](CC(C)C)C(=O)N1CCC[C@H]1C(=O)N[C@@H](CC(C)C)C(=O)N[C@@H](Cc1c[nH]c2ccccc12)C(=O)N[C@@H](C)C(=O)N[C@H](C(=O)N[C@@H](Cc1ccc(O)cc1)C(=O)N[C@H](C(=O)N[C@@H](Cc1ccc(O)cc1)C(=O)N[C@@H](CCCNC(=N)N)C(N)=O)[C@@H](C)O)[C@@H](C)O)[C@@H](C)O)C(C)C,30000.0,-4.477121254719663
Cc1c(Cl)cccc1N1CCN(CCCNC(=O)c2nc(C)n(-c3ccccc3F)c2C)CC1,40.0,-1.6020599913279625
COc1cc(OC)cc(-n2c(C)nc(C(=O)NCCCN3CCN(c4cccc(C)c4C)CC3)c2C)c1,32.0,-1.505149978319906
Cc1nc(C(=O)NCCCN2CCN(c3cccc(Cl)c3Cl)CC2)c(C)n1-c1ccc(Cl)cc1,30.0,-1.4771212547196624
CCCc1nc(C(=O)NCCCN2CCN(c3cccc(Cl)c3C)CC2)c(C)n1-c1ccc(OC)cc1,15.2,-1.1818435879447726
OC[C@H]1CCCN1CCOc1ccc(C#Cc2ccc(-c3ccc(Cl)cc3)cn2)cc1,1640.0,-3.214843848047698
Cc1ccc(-n2c(C)nc(C(=O)NCC(O)CN3CCN(c4cccc(C)c4C)CC3)c2C)cc1,68.2,-1.833784374656479
CN(C)CCc1c[nH]c2cccc(O)c12,8.34,-0.9211660506377387
CN(CCCc1ccc(-c2ccc(Cl)cc2)cc1)c1ccc(CN2CCCCC2)cc1,646.0,-2.8102325179950842
Fc1ccc(-c2ccc(CCCNc3ccc(CN4CCCCC4)cc3)nn2)cc1,34.0,-1.5314789170422551
O[C@@H]1CCCN(Cc2ccc(OCCCc3ccc(-c4ccc(Cl)cc4)nn3)cc2)C1,595.0,-2.7745169657285498
OC1CCN(Cc2ccc(OCCCc3ccc(-c4ccc(F)cc4)nn3)cc2)CC1,242.0,-2.383815365980431
CC(=O)NC1CCN(Cc2ccc(OCCCc3ccc(Cc4ccccc4)nn3)cc2)CC1,10000.0,-4.0
CNC(=O)c1cc(OCCCCN2CCN(c3cccc4sccc34)CC2)ccn1,154.0,-2.187520720836463
CNC(=O)c1cccc(OCCCCN2CCN(c3nsc4cc(F)ccc34)CC2)n1,42.2,-1.6253124509616739
Cc1ccc(N(CC2=NCCN2)c2cccc(O)c2)cc1,359.0,-2.5550944485783194
O=C1NCC(=O)N(CCCCN2CCN(c3cccc4sccc34)CC2)c2cc(F)ccc21,24.55,-1.3900514964589874
Fc1ccc(Nc2nc(N3CCN(Cc4ccccc4)CC3)nc3[nH]ncc23)cc1,52.2,-1.717670503002262
CN1CCC(N(C)S(=O)(=O)c2ccc(C(F)(F)F)cc2)CC1,1683.0,-3.226084115975824
CC(=O)Nc1cccc(OCCCCN2CCN(c3cccc(Cl)c3Cl)CC2)c1,1050.0,-3.0211892990699383
CNC(=O)c1cc(OCCCCN2CCN(c3cccc4c3OC(F)(F)O4)CC2)ccc1F,1900.0,-3.278753600952829
Cc1nc(C(=O)NCCN2CCN(c3cccc(Cl)c3Cl)CC2)c(C)n1-c1ccccc1.Cl.Cl.Cl.Cl,31.0,-1.4913616938342726
COc1cccc([C@H](O)C2CCN(CCc3ccc(F)cc3)CC2)c1OC,4.786,-0.6799726942774185
CN1CCCC(CN2c3ccccc3Sc3ccccc32)C1,385.0,-2.5854607295085006
N#Cc1cccn2c(=O)n(CCCCN3CCN(c4cccc5sccc45)CC3)nc12,155.0,-2.1903316981702914
CN1CCC(N(Cc2ccc(F)cc2)C(=O)NCc2ccc(OCC(O)CN3CCN(c4nsc5ccccc45)CC3)cc2)CC1,0.87,0.060480747381381476
O=C(c1cccn2ccnc12)N1CCN(CCc2ccccc2Cl)CC1,4.0,-0.6020599913279624
CN(C)CC1CC2c3cccc(Cl)c3Cc3ccccc3N2O1,1000.0,-3.0
Clc1cc(Cl)c(OCC#CI)cc1Cl,2421.0,-3.383994789441733
O=c1cc(N2CCOCC2)oc2c(-c3ccccc3)cccc12,2796.0,-3.446537167073644
CN(C)CCN(Cc1cccs1)c1ccccn1,628.0,-2.797959643737196
Cn1ncc(Cl)c1-c1cc(NC(=O)C(=O)c2cc(Br)cs2)ccc1OCCN,1.2,-0.07918124604762482
COc1ccccc1N1CCN(c2nc(Nc3ccc(F)cc3)c3cn[nH]c3n2)CC1,1378.0,-3.139249217571607
COc1c(OCCOCCOCCOCCOCCOc2ccc(C3CCN(c4ccn5c(CC6CC6)nnc5c4Cl)CC3)cc2)cccc1C(=O)C1CCN(CCc2ccc(F)cc2)CC1,450.0,-2.6532125137753435
COc1c(OCCOCCOCCOCCOCCOCCOCCOCCOc2ccc(C3CCN(c4ccn5c(CC6CC6)nnc5c4Cl)CC3)cc2)cccc1C(=O)C1CCN(CCc2ccc(F)cc2)CC1,410.0,-2.6127838567197355
COc1c(OCCOCCOCCOCCOCCOCCOCCOCCOCCOCCOCCOCCOc2ccc(C3CCN(c4ccn5c(CC6CC6)nnc5c4Cl)CC3)cc2)cccc1C(=O)C1CCN(CCc2ccc(F)cc2)CC1,520.0,-2.716003343634799
COc1c(OCCOCCOCCOCCOCCOCCOc2ccc(C3CCN(c4ccn5c(CC6CC6)nnc5c4Cl)CC3)cc2)cccc1C(=O)C1CCN(CCc2ccc(F)cc2)CC1,275.42,-2.4399954739538083
CCOC(=O)Cc1nn(CNC(=O)CCN2CCN(c3ccc(C)c(C)c3)CC2)c(=O)c2ccccc12,433.0,-2.6364878963533656
O=c1n(CCCCN2CCN(c3cccc4sccc34)CC2)nc2c(Br)cccn12,131.0,-2.1172712956557644
CN1CCN(CCCN2c3ccccc3Sc3ccc(Cl)cc32)CC1,7.062,-0.8489277132270784
O=c1n(CCCN2CCN(c3cccc(Cl)c3)CC2)nc2ccccn12,243.0,-2.385606273598312
CCCc1nc(C(=O)NCCN2CCN(c3cccc(Cl)c3Cl)CC2)cn1-c1ccc(Cl)cc1,69.0,-1.8388490907372552
CS/C(=N/CC[N+]1(C)CCN(c2ncccn2)CC1)C12CC3CC(CC(C3)C1)C2.[I-],10000.0,-4.0
C1=C(c2c[nH]c3ccccc23)CCN(Cc2cccs2)C1,2415.0,-3.382917135087531
COc1ccc(-c2ccc(CCCNc3ccc(CN4CCCCC4)cc3)nn2)cc1,1810.0,-3.2576785748691846
N#Cc1ccc(-c2ccc(CCCNc3ccc(CN4CCCCC4)cc3)nn2)cc1,1460.0,-3.164352855784437
[Br-].c1ccc(CS/C(=N/CC[N+]2(Cc3ccccc3)CCN(c3ncccn3)CC2)C23CC4CC(CC(C4)C2)C3)cc1,10000.0,-4.0
Cc1nc2n(c(=O)c1CCN1CCC(c3noc4cc(F)ccc34)CC1)CCCC2=O,10.0,-1.0
Cc1nc2n(c(=O)c1CCN1CCN(c3cccc4sccc34)CC1)CCCC2F,10.2,-1.0086001717619175
Cc1nc2n(c(=O)c1CCN1CCN(c3cccc4sccc34)CC1)CCCC2(C)O,9.49,-0.9772662124272926
CNC(=O)c1cncc(OCCCCN2CCC(c3noc4cc(F)ccc34)CC2)c1,83.2,-1.920123326290724
CNC(=O)c1cc(OCCCCN2CCN(c3cccc4sc(F)cc34)CC2)ccn1,64.9,-1.8122446968003694
O=C1[C@@H]2[C@H](C(=O)N1CCCCN1CCN(c3cccc4c3OC(F)(F)O4)CC1)[C@H]1C=C[C@@H]2C1,2840.0,-3.4533183400470375
O=C1[C@@H]2[C@H](C(=O)N1CCCCCN1CCN(c3cccc4sccc34)CC1)[C@H]1C=C[C@@H]2C1,314.0,-2.496929648073215
Cc1nc2n(c(=O)c1CCN1CCN(c3cccc4sccc34)CC1)CCCC2=O,44.0,-1.6434526764861874
Cc1ccc(-n2c(C)nc(C(=O)NCCCN3CCN(c4cccc(C)c4C)CC3)c2C)cc1,33.0,-1.5185139398778875
Fc1ccc(Nc2nc(N3CCCCC3)nc3[nH]ncc23)cc1,2198.0,-3.3420276880874717
CNC(=O)c1ccc(OC)c(OCCCCN2CCN(c3cccc(Cl)c3Cl)CC2)c1,840.0,-2.9242792860618816
CNC(=O)c1cc(OCCCCN2CCN(c3cccc(Cl)c3Cl)CC2)cc(C(C)=O)c1,494.0,-2.693726948923647
COc1cc(OC)cc(-n2c(C)nc(C(=O)NCCN3CCN(c4cccc(C)c4C)CC3)c2C)c1,97.0,-1.9867717342662448
O=C(c1ccccc1)N(CCCN1CCC(c2noc3cc(F)ccc23)CC1)C1COC1,18.8,-1.2741578492636798
CCC1(C)CC(=O)N(CCCCN2CCN(c3cccc4sccc34)CC2)C(=O)C1,25.9,-1.413299764081252
CC1(C)C2C(=O)N(CCCCN3CCN(c4cccc5sccc45)CC3)C(=O)C21,10.4,-1.0170333392987803
O=C(c1ccc(F)cc1)C1CCN(CCn2c(=O)[nH]c3ccccc3c2=O)CC1,0.82,0.08618614761628333
O=C1[C@@H]2[C@H]3CC[C@H](C3)[C@@H]2C(=O)N1CCCCN1CCC(c2noc3cc(F)ccc23)CC1,5.2,-0.7160033436347992
O=C1[C@@H]2[C@H](C(=O)N1CCN1CCN(c3cccc4sccc34)CC1)[C@H]1C=C[C@@H]2C1,82.4,-1.9159272116971158
CC(C)CCO[C@@H]1[C@H]2OC(C)(C)O[C@H]2[C@H]2Cn3cc(nn3)COCCCCCCN(CCc3ccc4ccccc4c3)CC[C@H]1O2,1800.0,-3.255272505103306
CC(C)CCO[C@@H]1[C@H]2OC(C)(C)O[C@H]2[C@H]2COCc3cn(nn3)C[C@H]3O[C@H](CCN(CCc4ccc5ccccc5c4)CC[C@H]1O2)[C@H](OCCC(C)C)[C@H]1OC(C)(C)O[C@H]13,8700.0,-3.9395192526186187
CN1CCN(c2nc3c(c(N4CCSCC4)n2)CCNCC3)CC1.Cl,10000.0,-4.0
CC1CC(C)CN(c2nc(Nc3ccc(F)cc3)c3cn[nH]c3n2)C1,5866.0,-3.7683420586445333
Fc1ccc(Nc2nc(NC3CCCCC3)nc3[nH]ncc23)cc1,3666.0,-3.564192460626198
CN1CCc2nc(N3CCN(C)CC3)nc(Nc3ccc(F)cc3)c2CC1.Cl,684.0,-2.835056101720116
CNC(=O)c1cccc(OCCCCN2CCN(c3cccc4sccc34)CC2)n1,106.0,-2.0253058652647704
CNC(=O)c1cc(OCCCCN2CCN(c3cccc(Cl)c3Cl)CC2)ccn1,476.0,-2.677606952720493
Cc1nc2n(c(=O)c1CCN1CCC(c3noc4cc(F)ccc34)CC1)CCCC2Cl,21.46,-1.3316297176299323
Cc1nc2n(c(=O)c1CCN1CCN(c3cccc4scnc34)CC1)CCCC2O,2300.0,-3.361727836017593
Cc1nc2n(c(=O)c1CCN1CCN(c3ncnc4sccc34)CC1)CCCC2,814.0,-2.910624404889201
Cc1nc2n(c(=O)c1CCN1CCN(c3cccc4sccc34)CC1)CCCC2Cl,12.2,-1.0863598306747482
Cc1cn([C@H](C)CC#N)c(=O)c2cc(Cn3nc(C(F)F)cc3Cl)nn12,10000.0,-4.0
COc1cccn2c(=O)n(CCCCN3CCN(c4cccc5sccc45)CC3)nc12,85.2,-1.9304395947667001
CC(C)COc1ccc(CNC(=O)N(Cc2ccc(F)cc2)C2CCN(C)CC2)cc1,50.0,-1.6989700043360187
Clc1ccc(-c2ccc(CCCNc3ccc(CN4CCCCC4)cc3)nn2)cc1,138.0,-2.1398790864012365
COc1ccc(-c2ccc(CCCNc3ccc(CN4CCOCC4)cc3)nn2)cc1,10000.0,-4.0
COc1c(OCCOCCOCCOCCOCCOc2cccc(C(=O)C3CCN(CCc4ccc(F)cc4)CC3)c2OC)cccc1C(=O)C1CCN(CCc2ccc(F)cc2)CC1,29.5,-1.469822015978163
CCCCOc1c(OC)cc(C(=O)NCC2(N(C)C)CCOCC2)cc1OC,1300.0,-3.113943352306837
O=C1c2ccc(F)cc2C(=O)N1CCCCN1CCN(c2cccc3sccc23)CC1,254.0,-2.404833716619938
O=C1CC2(CCCC2)CC(=O)N1CCCCN1CCN(c2cccc3sccc23)CC1,29.1,-1.4638929889859074
Cc1cccc(N2CCN(CCCCNC(=O)c3nc(C)n(-c4ccccc4Cl)c3C)CC2)c1C,12.0,-1.0791812460476249
Cc1cc(OCCCN2CCN(c3ccccc3)CC2)ccc1Cl.Cl.Cl,85800.0,-4.933487287848705
Cc1cccc(OCCOCCN2CCN(CCc3ccccc3)CC2)c1C.Cl.Cl,6970.0,-3.8432327780980096
CC(C)N(CCCN1CCC(c2noc3cc(F)ccc23)CC1)C(=O)c1ccccc1,11.6,-1.0644579892269186
O=C(NC1CC1)c1cc(OCCCCN2CCN(c3nsc4ccccc34)CC2)ccn1,324.0,-2.510545010206612
O=C1C2CCCC2C(=O)N1CCCCN1CCN(c2cccc3sccc23)CC1,1.1,-0.04139268515822507
O=C1CC2(CCCCC2)CC(=O)N1CCCCN1CCN(c2cccc3sccc23)CC1,103.0,-2.012837224705172
O=C1[C@@H]2[C@H](C(=O)N1CCCCN1CCN(c3cccc4scnc34)CC1)[C@H]1C=C[C@@H]2C1,956.0,-2.9804578922761
Cc1nc2n(c(=O)c1CCN1CCN(c3cccc4c3OC(F)(F)O4)CC1)CCCC2O,244.0,-2.3873898263387296
O=C(NC1CC1)c1cc(OCCCCN2CCC(c3noc4cc(F)ccc34)CC2)ccn1,167.0,-2.2227164711475833
O=C1[C@@H]2[C@H](C(=O)N1CCCCN1CCN(c3cccc4sc(F)cc34)CC1)[C@H]1C=C[C@@H]2C1,82.3,-1.9153998352122699
O=C1[C@@H]2[C@@H]3C[C@@H]([C@@H](O)[C@H]3O)[C@@H]2C(=O)N1CCCCN1CCN(c2cccc3sccc23)CC1,81.5,-1.9111576087399766
O=c1n(CCCCN2CCN(c3cccc4scnc34)CC2)nc2c(F)cccn12,77.8,-1.890979596989689
CCOC(=O)Cc1nn(CNC(=O)CCN2CCN(c3ccccc3Cl)CC2)c(=O)c2ccccc12,4780.0,-3.6794278966121188
CCOC(=O)Cc1nn(CNC(=O)CCCN2CCN(c3ccc(C)c(C)c3)CC2)c(=O)c2cc(F)ccc12,12.0,-1.0791812460476249
CCOC(=O)Cc1nn(CNC(=O)CCCN2CCN(c3cccc(C)c3C)CC2)c(=O)c2cc(F)ccc12,123.0,-2.089905111439398
Cn1nc(C(=O)N2CCN(CC(=O)c3ccc(F)cc3)CC2)cc1-c1ccco1,4.8,-0.6812412373755872
O=C1COc2ccccc2N1CCCCN1CCN(c2cccc3sccc23)CC1,1.64,-0.21484384804769785
CC(=O)NC1CCN(Cc2ccc(CCNC(=O)c3ccc(-c4ccc(F)cc4)cc3)cc2)CC1,360.0,-2.5563025007672873
Cc1nc2n(c(=O)c1CCN1CCN(c3nccc4sccc34)CC1)CCCC2,34.4,-1.5365584425715302
Cc1ccc(Sc2ccccc2N2CCN(CCc3c(C)nc4n(c3=O)CCCC4O)CC2)c(C)c1.Cl,1160.0,-3.0644579892269186
CCCN(CCCN1CCN(c2ccccn2)CC1)C(=O)c1ccccc1,7549.0,-3.877889425371484
O=S(=O)(c1ccccc1)N(CCCN1CCC(c2noc3cc(F)ccc23)CC1)C1COC1,9.3,-0.9684829485539351
O=C1C2CC(O)C(O)CC2C(=O)N1CCCCN1CCN(c2cccc3sccc23)CC1,84.9,-1.9289076902439528
CC(C)COc1ccc(CNC(=O)N(Cc2ccc(F)cc2)C2CCN(C(=O)CCC(=O)O)CC2)cc1,317.3,-2.501470072100412
CC(C)COc1ccc(CNC(=O)N(Cc2ccc(F)cc2)C2CCN(C(=O)CC[C@H](N)C(=O)O)CC2)cc1,8.35,-0.921686475483602
CN1CCC(N(Cc2ccc(F)cc2)C(=O)NCc2ccc(OCC(O)CN3CCC(c4noc5cc(F)ccc45)CC3)cc2)CC1,0.39,0.4089353929735008
O=C(c1ccccc1)N(CCCN1CCC(c2noc3cc(F)ccc23)CC1)CC1CC1,40.8,-1.61066016308988
NC(=O)c1cccc(OCCCCN2CCN(c3cccc(Cl)c3Cl)CC2)c1,1100.0,-3.041392685158225
CCOc1nc(NC(=O)C(C)(C)NC(=O)c2ccc3c(C4CCCC4)c(-c4ncc(Cl)cn4)n(C)c3c2)cnc1/C=C/C(=O)O,5200.0,-3.716003343634799
CCNC(=O)c1cccc(OCCCCN2CCN(c3cccc(Cl)c3Cl)CC2)c1,670.0,-2.8260748027008264
OCCN1CCN(c2nc(Nc3ccc(Cl)cc3)c3ccccc3n2)CC1,7430.0,-3.870988813760575
CCNC(=O)c1ccnc(OCCCCN2CCC(c3noc4cc(F)ccc34)CC2)c1,67.5,-1.8293037728310249
O=C1CCc2ccc(OCCCCN3CCN(c4cccc(Cl)c4Cl)CC3)cc2N1,1100.0,-3.041392685158225
Cc1sc2ccccc2c1[C@@H]1C=CN=CN1,356.0,-2.5514499979728753
CN1CCN(c2nc3c(c(Nc4ccc(F)cc4)n2)CCNCC3)CC1.Cl,215.0,-2.3324384599156054
COc1ccccc1-n1c(C)nc(C(=O)NCCCN2CCN(c3cccc(Cl)c3Cl)CC2)c1C,10.3,-1.0128372247051722
CCCc1nc(C(=O)NCC(O)CN2CCN(c3cccc(C)c3C)CC2)cn1-c1ccc(Cl)cc1,147.0,-2.167317334748176
CCCCCCCCNC(=O)/C=C/c1cc(OC)c(OC)c(OC)c1,10000.0,-4.0
COCCOc1ccc(C2CCN(c3ccn4c(CC5CC5)nnc4c3Cl)CC2)cc1,50000.0,-4.698970004336019
COc1c(OCCOCCOCCOCCOCCOCCOCCOCCOCCOCCOc2ccc(C3CCN(c4ccn5c(CC6CC6)nnc5c4Cl)CC3)cc2)cccc1C(=O)C1CCN(CCc2ccc(F)cc2)CC1,302.0,-2.4800069429571505
CN1CCC(N(Cc2ccc(F)cn2)C(=O)NCc2ccc(OCC(F)(F)F)c(C(F)(F)F)c2)CC1,30.49,-1.4841574243653808
CC(C)(C)NS(=O)(=O)c1ccc(-c2sc(C(=O)N[C@H]3C[C@H](C(=O)O)C3)nc2CC2CCCCC2)c2ccccc12,0.64,0.1938200260161128
Cc1nc2n(c(=O)c1CCN1CCN(c3nsc4ccccc34)CC1)CCCC2Cl,60.0,-1.7781512503836436
Cc1nc2c(O)cccn2c(=O)c1CCN1CCN(c2cccc3sccc23)CC1,71.3,-1.8530895298518655
Cc1cccc(N2CCN(CCNC(=O)c3nc(C)n(-c4ccc(F)cc4)c3C)CC2)c1C,23.0,-1.3617278360175928
O=C(c1ccccc1)N(CCCN1CCN(c2cccc(Cl)c2Cl)CC1)C1COC1,2177.0,-3.3378584290410944
O=S(=O)(c1ccc(F)cc1)N(CCCN1CCC(c2noc3cc(F)ccc23)CC1)C1COC1,15.1,-1.1789769472931695
N#Cc1ccc(S(=O)(=O)N(CCCN2CCC(c3noc4cc(F)ccc34)CC2)C2COC2)cc1,11.3,-1.0530784434834197
COc1ccccc1-n1c(C)nc(C(=O)NCCCN2CCN(c3cccc(Cl)c3C)CC2)c1C,12.8,-1.1072099696478683
CN1CCN2c3c(cccc31)[C@@H]1CN(CCCC(=O)c3ccc(F)cc3)CC[C@@H]12,0.54,0.2676062401770315
CN1CCC(N(Cc2ccc(F)cn2)C(=O)NCc2ccc(OCCCC(F)F)cc2)CC1,4.29,-0.6324572921847242
CN1CCC(N(Cc2ccc(F)cn2)C(=O)NCc2ccc3c(c2)C=CC(C)(C)O3)CC1,17.27,-1.2372923375674587
COc1c(OCCOCCOCCOCCOc2ccc(C3CCN(c4ccn5c(CC6CC6)nnc5c4Cl)CC3)cc2)cccc1C(=O)C1CCN(CCc2ccc(F)cc2)CC1,288.4,-2.4599952560473914
Cl.O=C(c1ccc(F)cc1)C1CCN(CCn2c(=S)[nH]c3ccccc3c2=O)CC1,1.51,-0.17897694729316943
CC(C)CCc1ccc(CNC(=O)N(Cc2ccc(F)cn2)C2CCN(C)CC2)cc1,42.74,-1.6308345178280506
CN1CCC(N(Cc2ccc(F)cn2)C(=O)NCc2ccc(OCC(F)F)cc2)CC1,6.01,-0.7788744720027395
CNC(=O)c1ccnc(OCCCCN2CCN(c3nsc4cc(F)ccc34)CC2)c1,52.4,-1.7193312869837265
O=C(NC1CC1)c1cncc(OCCCCN2CCC(c3noc4cc(F)ccc34)CC2)c1,89.9,-1.9537596917332287
COc1cccc([C@H](O)C2CCN(CCc3ccc(F)cc3)CC2)c1OC,4.8,-0.6812412373755872
C#CCOCCOCCOc1cccc([C@H](O)C2CCN(CCc3ccc(F)cc3)CC2)c1OC,56.23,-1.749968083509403
COc1c(OCCOCCOCCOCCOCCOCCOc2cccc(C(=O)C3CCN(CCc4ccc(F)cc4)CC3)c2OC)cccc1C(=O)C1CCN(CCc2ccc(F)cc2)CC1,39.8,-1.5998830720736879
Nc1ccc2c(c1)N(CCCCN1CCN(c3cccc4sccc34)CC1)S(=O)(=O)CC2,2.818,-0.44994098877333766
COc1ccc(-n2cc(C(=O)NCC(O)CN3CCN(c4cccc(Cl)c4Cl)CC3)nc2-c2ccccc2)cc1,137.0,-2.1367205671564067
O=C1c2cccc(Cl)c2C(=O)N1CCCCN1CCN(c2cccc3sccc23)CC1,282.0,-2.450249108319361
CNC(=O)c1cncc(OCCCCN2CCN(c3nsc4cc(F)ccc34)CC2)c1,152.0,-2.1818435879447726
CCNC(=O)c1cncc(OCCCCN2CCC(c3noc4cc(F)ccc34)CC2)c1,94.2,-1.9740509027928774
CCCN(CCCN1CCC(c2noc3cc(F)ccc23)CC1)C(=O)c1ccccc1,73.1,-1.8639173769578603
O=c1n(CCCCN2CCN(c3cccc4sccc34)CC2)nc2ccc(F)cn12,46.3,-1.665580991017953
O=c1n(CCCCN2CCN(c3cccc4sccc34)CC2)nc2c(Cl)cc(Cl)cn12,652.0,-2.81424759573192
O=c1n(CCCCN2CCN(c3cccc4sc(F)cc34)CC2)nc2c(F)cccn12,1070.0,-3.0293837776852097
CCn1cc(CCN(C)C)c2c(O)cccc21,196.0,-2.292256071356476
O=c1n(CCCCN2CCC(c3cc(F)cc4oncc34)CC2)nc2ccccn12,15.2,-1.1818435879447726
O=c1n(CCCCN2CCN(c3cccc4sccc34)CC2)nc2ccccn12,34.2,-1.534026106056135
CC(C)COc1ccc(CNC(=O)N(Cc2ccc(F)cc2)C2CCN(CC(=O)N(C)C)CC2)cc1,86.4,-1.9365137424788932
CN1CCC(N(Cc2ccc(F)cn2)C(=O)NCc2ccc(CCC(F)(F)F)cc2)CC1,872.4,-2.940715656906663
CC(C)COc1ccc(CNC(=O)N(Cc2ccc(F)cc2)C2CCN(C)CC2)cc1,27.3,-1.436162647040756
CC(C)COc1ccc(CNC(=O)N(Cc2ccc(F)cc2)C2CCN(CC(=O)N(C)C)CC2)cc1,252.0,-2.401400540781544
CN1CCC(N(Cc2ccc(F)cn2)C(=O)NCc2ccc3c(c2)CCC(C)(C)O3)CC1,21.25,-1.3273589343863303
COc1ccccc1-n1c(C)nc(C(=O)NCC(O)CN2CCN(c3cccc(Cl)c3Cl)CC2)c1C,52.1,-1.7168377232995244
CC(C)C1Cc2cc(CNC(=O)N(Cc3ccc(F)cn3)C3CCN(C)CC3)ccc2O1,4.29,-0.6324572921847242
CC(C)c1cc2cc(CNC(=O)N(Cc3ccc(F)cn3)C3CCN(C)CC3)ccc2o1,64.94,-1.8125122842899826
CC(C)COc1ccc(CNC(=O)N(Cc2cccc3sccc23)C2CCN(C)CC2)cc1,500.0,-2.6989700043360187
Cc1noc(C)c1CN(C(=O)NCc1ccc(OCC(C)C)cc1)C1CCN(C)CC1,500.0,-2.6989700043360187
COc1cc2c(cc1OC)-c1c(OC)c(OCc3ccccc3)cc3c1[C@H](C2)N(C)CC3,137.0,-2.1367205671564067
CNC(=O)c1cccc(OCCCCN2CCC(c3noc4cc(F)ccc34)CC2)n1,134.0,-2.1271047983648077
CN(C)CC/C=C/c1cccnc1,10000.0,-4.0
CN1CCC(N(Cc2ccc(F)cn2)C(=O)NCc2ccc(OCCC(F)(F)F)cc2)CC1,2.23,-0.34830486304816066
CN1CCC(N(Cc2ccc(F)cn2)C(=O)NCc2ccc(OCCC(F)F)cc2)CC1,4.64,-0.6665179805548809
CN1CCC(N(Cc2ccc(F)cn2)C(=O)NCc2ccc(OCC(C)(C)F)cc2)CC1,3.13,-0.49554433754644844
CC(C)Cc1ccc(CNC(=O)N(Cc2ccc(F)cn2)C2CCN(C)CC2)cc1,26.4,-1.421603926869831
CC(C)COc1ccc(CNC(=O)N(Cc2cccc3[nH]cnc23)C2CCN(C)CC2)cc1,500.0,-2.6989700043360187
CNC(=O)c1cc(OCCCCN2CCN(c3nsc4ccccc34)CC2)ccn1,113.0,-2.05307844348342
CN1CCC(N(Cc2ccc(F)cn2)C(=O)NCc2ccc(OCC(F)(F)F)c(Cl)c2)CC1,125.0,-2.0969100130080562
CCOC(=O)Cc1nn(CNC(=O)CCN2CCN(c3ccc(F)cc3)CC2)c(=O)c2ccccc12,5450.0,-3.7363965022766426
CCOC(=O)Cc1nn(CNC(=O)CCN2CCN(c3cccc(Cl)c3)CC2)c(=O)c2ccccc12,1210.0,-3.0827853703164503
CC(C)COc1ccc(CNC(=O)N(Cc2ccc(F)cc2)C2CCNCC2)cc1.Cl,0.6,0.22184874961635637
CN(C)CCc1cn(C)c2cccc(O)c12,86.3,-1.9360107957152095
CN1CCC(N(Cc2ccc(F)cn2)C(=O)NCc2ccc(OCC(F)(F)F)cc2)CC1,2.1,-0.3222192947339193
Cc1nc2n(c(=O)c1CCN1CCN(c3nccc4sccc34)CC1)CCCC2O,26.2,-1.4183012913197455
CC(C)COc1ccc(CNC(=O)N(Cc2ccc(F)cc2)C2CCC(N(C)C)C2)cc1,101.0,-2.0043213737826426
Cc1noc(C)c1CN(C(=O)NCc1ccc(OCC(C)C)cc1)C1CCN(C)CC1,500.0,-2.6989700043360187
CC(C)COc1ccc(CNC(=O)N(Cc2ccc(F)cc2)C2CC(N(C)C)C2)cc1,159.2,-2.20194306340165
CC(C)COc1ccc(CNC(=O)N(Cc2ccc(F)cc2)C2CCN(CCN(C)C)CC2)cc1,500.0,-2.6989700043360187
CN1CCC(N(Cc2ccc(F)cn2)C(=O)NCc2ccc(OCCCF)cc2)CC1,3.05,-0.4842998393467858
CC(C)COc1ccc(CNC(=O)N(Cc2ccc(F)cn2)C2CCN(C)CC2)cc1,8.64,-0.9365137424788933
CN1CCC(N(Cc2ccc(F)cn2)C(=O)NCc2ccc(OCCCC(F)(F)F)cc2)CC1,3.78,-0.5774917998372253
CN1CCC(N(Cc2ccc(F)cn2)C(=O)NCc2ccc(CCC(F)(F)F)cc2)CC1,18.3,-1.2624510897304295
CC(C)CCc1ccc(CNC(=O)N(Cc2ccc(F)cn2)C2CCN(C)CC2)cc1,67.2,-1.8273692730538253
CC(C)C1Cc2cc(CNC(=O)N(Cc3ccc(F)cn3)C3CCN(C)CC3)ccc2O1,9.98,-0.9991305412873711
CN1CCC(N(Cc2ccc(F)cn2)C(=O)NCc2ccc(OCC(F)(F)F)c(F)c2)CC1,6.86,-0.8363241157067517
CC(C)N(C)CCc1cn(C)c2cccc(O)c12,112.0,-2.0492180226701815
CC(C)COc1ccc(CNC(=O)N(Cc2ccc(F)cn2)C2CCN(C)CC2)cc1,22.8,-1.3579348470004537
CN1CCC(N(Cc2ccc(F)cn2)C(=O)NCc2ccc(OCCCC(F)(F)F)cc2)CC1,1.95,-0.290034611362518
CN1CCC(N(Cc2ccc(F)cn2)C(=O)NCc2ccc(OCC(F)(F)F)c(Br)c2)CC1,8.85,-0.9469432706978254
CC(C)COc1ccc(CNC(=O)N(Cc2cccc3[nH]cnc23)C2CCN(C)CC2)cc1,500.0,-2.6989700043360187
CC(C)COc1ccc(CNC(=O)N(Cc2cn[nH]c2)C2CCN(C)CC2)cc1,500.0,-2.6989700043360187
CN1CCC(N(Cc2ccc(F)cn2)C(=O)NCc2ccc(OCCC(F)(F)F)cc2)CC1,4.7,-0.6720978579357175
COc1cc2c(cc1OC)-c1c(OC)c(OCc3ccc(Br)cc3)cc3c1[C@H](C2)N(C)CC3,162.0,-2.2095150145426308
CC(C)OCc1ccc(CNC(=O)N(Cc2ccc(F)cn2)C2CCN(C)CC2)cc1,42.78,-1.6312407802355091
CC(C)COc1ccc(CNC(=O)N(Cc2ccc(F)nn2)C2CCN(C)CC2)cc1,500.0,-2.6989700043360187
CN1CCC(N(Cc2ccc(F)cn2)C(=O)NCc2ccc(OC(F)(F)C(F)(F)F)cc2)CC1,10.04,-1.0017337128090005
CN1CCC(N(Cc2ccc(F)cn2)C(=O)NCc2ccc3c(c2)CC(C)(C)O3)CC1,2.54,-0.40483371661993806
CN1CCC(N(Cc2ccc(F)cn2)C(=O)NCc2ccc(OCCCCF)cc2)CC1,2.35,-0.37106786227173627
CN1CCC(N(Cc2ccc(F)cn2)C(=O)NCc2ccc(OCCF)cc2)CC1,2.11,-0.3242824552976926
O=c1n(CCCCN2CCN(c3cccc4sccc34)CC2)nc2c(F)cc(F)cn12,27.0,-1.4313637641589874
CC(C)COc1ccc(CNC(=O)N(Cc2ccc(F)cc2)C2CCN(CCN(C)C)CC2)cc1,75.4,-1.877371345869774
CC(C)COc1ccc(CNC(=O)N(Cc2ccc(F)nn2)C2CCN(C)CC2)cc1,14.7,-1.167317334748176
CC(C)COc1ccc(CNC(=O)N(Cc2ncc(F)cc2F)C2CCN(C)CC2)cc1,43.2,-1.6354837468149122
CN1CCC(N(Cc2ccc(F)cn2)C(=O)NCc2ccc(OCCCF)cc2)CC1,1.93,-0.2855573090077737
CC(C)OCc1ccc(CNC(=O)N(Cc2ccc(F)cn2)C2CCN(C)CC2)cc1,2.05,-0.31175386105575426
CN1CCC(N(Cc2ccc(F)cn2)C(=O)NCc2ccc(OCC(F)(F)F)c(C(F)(F)F)c2)CC1,27.3,-1.436162647040756
COCCOc1ccc(C2CCN(c3ccn4c(CC5CC5)nnc4c3Cl)CC2)cc1,50118.72,-4.699999970860912
CC(C)COc1ccc(CNC(=O)N(Cc2ccc(F)cc2)C2CCC(N(C)C)C2)cc1,110.2,-2.042181594515766
CN1CCC(N(Cc2ccc(F)cn2)C(=O)NCc2ccc(OCC(F)(F)F)c(Br)c2)CC1,12.0,-1.0791812460476249
Cc1nc(C)n(CC(=O)N2CCN(c3sc(C(F)(F)F)nc3-c3nc4ccc(-c5noc(C)n5)cc4[nH]3)C[C@H]2C)n1,16000.0,-4.204119982655925
CN(CCc1cn(C)c2cccc(O)c12)CC1CC1,140.0,-2.146128035678238
CC(C)Cc1ccc(CNC(=O)N(Cc2ccc(F)cn2)C2CCN(C)CC2)cc1,8.3,-0.919078092376074
CN1CCC(N(Cc2ccc(F)cn2)C(=O)NCc2ccc(OCC(F)(F)F)c(F)c2)CC1,9.79,-0.9907826918031378
CC(C)COc1ccc(CNC(=O)N(Cc2ccc(F)nc2)C2CCN(C)CC2)cc1,500.0,-2.6989700043360187
Cc1nc2n(c(=O)c1CCN1CCN(c3nsc4ccccc34)CC1)CCCC2=O,6.4,-0.8061799739838872
CN1CCC(N(Cc2ccc(F)cn2)C(=O)NCc2ccc(OCCCCF)cc2)CC1,32.8,-1.515873843711679
CN1CCC(N(Cc2ccc(F)cn2)C(=O)NCc2ccc3c(c2)CCC(C)(C)O3)CC1,127.0,-2.103803720955957
CN1CCC(N(Cc2ccc(F)cn2)C(=O)NCc2ccc(OCC(F)(F)F)c(Cl)c2)CC1,134.1,-2.127428777851599
CC(C)(O)c1ccc(N2Cc3c(ccnc3-c3ccc(F)cc3OCC(F)(F)F)C2=O)cc1,10000.0,-4.0
CN1CCC(N(Cc2ccc(F)cn2)C(=O)NCc2ccc(OCCF)cc2)CC1,16.4,-1.2148438480476977
CN1CCC(N(Cc2ccc(F)cn2)C(=O)NCc2ccc(OCCC(F)F)cc2)CC1,6.54,-0.8155777483242672
CN1CCC(N(Cc2ccc(F)cn2)C(=O)NCc2ccc(OCC(C)(C)F)cc2)CC1,9.22,-0.9647309210536293
N#Cc1ccc2[nH]cc(CCCCN3CCN(c4ccc(-n5ccc6occc6c5=O)cc4)CC3)c2c1,10000.0,-4.0
CNC(=O)c1cc(C(=O)NC2CC2)cn(Cc2ccccc2)c1=O,25118.86,-4.399999925393822
CN1CCC(N(Cc2ccc(F)cn2)C(=O)NCc2ccc(OC(F)(F)C(F)(F)F)cc2)CC1,33.4,-1.5237464668115646
CC(C)COc1ccc(CNC(=O)N(Cc2ccc(F)nc2)C2CCN(C)CC2)cc1,500.0,-2.6989700043360187
CN(C)CCc1cn(CCF)c2cccc(O)c12,188.0,-2.27415784926368
CC(C)COc1ccc(CNC(=O)N(Cc2cn[nH]c2)C2CCN(C)CC2)cc1,500.0,-2.6989700043360187
CN1CCC(N(Cc2ccc(F)cn2)C(=O)NCc2ccc3c(c2)CC(C)(C)O3)CC1,3.49,-0.5428254269591799
CC(C)c1cc2cc(CNC(=O)N(Cc3ccc(F)cn3)C3CCN(C)CC3)ccc2o1,20.9,-1.320146286111054
CC(C)COc1ccc(CNC(=O)N(Cc2cccc3sccc23)C2CCN(C)CC2)cc1,500.0,-2.6989700043360187
CN1CCC(N(Cc2ccc(F)cn2)C(=O)NCc2ccc(OCC(F)(F)F)cc2)CC1,0.54,0.2676062401770315
CC(C)COc1ccc(CNC(=O)N(Cc2ccc(F)cc2)C2CCCC(N(C)C)C2)cc1,500.0,-2.6989700043360187
CN1CCC(N(Cc2ccc(F)cn2)C(=O)NCc2ccc(OCC(F)F)cc2)CC1,2.17,-0.3364597338485295
CN1CCC(N(Cc2ccc(F)cn2)C(=O)NCc2ccc(OCCCC(F)F)cc2)CC1,7.59,-0.8802417758954804
CN1CCC(N(Cc2ccc(F)cn2)C(=O)NCc2ccc3c(c2)C=CC(C)(C)O3)CC1,33.34,-1.5229655954919865
CC(C)COc1ccc(CNC(=O)N(Cc2ccc(F)cc2)C2CC(N(C)C)C2)cc1,138.8,-2.142389466118836
CC(C)COc1ccc(CNC(=O)N(Cc2ccc(F)cc2)C2CCCC(N(C)C)C2)cc1,500.0,-2.6989700043360187
COCc1nc2cnc3cc(-c4c(C)noc4C)c(OC[C@H]4CCNC4)cc3c2n1[C@H](C)c1ccccc1,25118.86,-4.399999925393822
CN(C)CCc1cn(CC2CC2)c2cccc(O)c12,28.0,-1.4471580313422192
