smiles,IC50
CN(C)CCC=C1c2ccccc2CCc2ccccc21,15.0
CC(C)(C)NC1=NCCNC(c2ccccc2Cl)=C1,76.0
CCC1(NC2=NCCNC(c3ccc(F)cc3F)=C2)CCCC1,1.1
CN(C)CC1CC2c3ccccc3Oc3ccc(Cl)cc3N2O1,1.905
Cc1cccc(N2CCN(CCCNC(=O)c3cc(-c4ccccc4)[nH]c3C)CC2)c1C,300.0
CCCn1c(-c2ccccc2)cc(C(=O)NCCCN2CCN(c3cccc(Cl)c3Cl)CC2)c1C,324.0
Cc1c(C(=O)NCCCN2CCN(c3cccc(Cl)c3Cl)CC2)cc(-c2ccccc2)n1-c1ccc(F)cc1,4.1
Cc1c(C(=O)NCCCN2CCN(c3cccc(Cl)c3Cl)CC2)cc(-c2ccccc2)n1Cc1ccccc1,354.0
Cc1[nH]c(-c2ccccc2)cc1C(=O)NCCN1CCN(c2cccc(Cl)c2Cl)CC1,40.0
CCCn1c(-c2ccccc2)cc(C(=O)NCCCCN2CCN(c3cccc(Cl)c3Cl)CC2)c1C,104.0
Cc1ccc(C2=CC(NC(C)(C)C)=NCCN2)c(C)c1,71.0
Cc1ccc(C2=CC(NC(C)(C)Cc3ccccc3)=NCCN2)cc1,2.4
CC1SC(C)(C)C(=O)N1CCCCN1CCN(c2csc3cc(F)ccc23)CC1,17.0
COc1cccc(NC(=O)NCCCN2CCCC(CCc3ccccc3)C2)c1,787.0
COc1ccc(Nc2nc(Cc3ccccc3)nc3c2CCNCC3)cc1.Cl,57.4
c1ccc2c(N3CCNCC3)cccc2c1,62.0
CCCn1c(-c2ccccc2)cc(C(=O)NCCN2CCN(c3cccc(Cl)c3Cl)CC2)c1C,408.0
Cc1[nH]c(-c2ccc(Cl)cc2)cc1C(=O)NCCCN1CCN(c2cccc(Cl)c2Cl)CC1.Cl,105.0
COc1ccc(S(=O)(=O)n2cc(/C=N/N=C/N(C)C)c3c([N+](=O)[O-])cccc32)cc1,205.0
Cc1nc(C(=O)NCCCN2CCN(c3cccc(Cl)c3Cl)CC2)c(C)n1-c1ccccc1C(F)(F)F.Cl.Cl.Cl.Cl,58.0
CCCc1nc(C(=O)NCCCN2CCN(c3cccc(Cl)c3C)CC2)c(C)n1-c1ccccc1.Cl.Cl.Cl,154.0
CCCc1nc(C(=O)NCCCN2CCN(c3cccc(C)c3C)CC2)cn1-c1ccccc1.Cl.Cl,133.0
Cc1c(Cl)cccc1N1CCN(CCCNC(=O)c2nc(C)n(CC(C)C)c2C)CC1.Cl.Cl.Cl,45.5
Fc1ccc(Nc2nc(N3CCN(c4ccccc4)CC3)nc3[nH]ncc23)cc1,27.2
Cc1[nH]c2ccc([N+](=O)[O-])cc2c1C1=CCNCC1,1000.0
COc1ccc(CCN(C)CCCC(C#N)(c2ccc(OC)c(OC)c2)C(C)C)cc1OC,442.0
CCc1c(C(=O)NCCCN2CCN(c3cccc(C)c3C)CC2)nc(-c2ccc(Cl)cc2Cl)n1-c1ccc(Br)cc1,127.0
COc1ccc(-c2ccc(CCCNc3ccc(CN4CCCC4)cc3)nn2)cc1,4540.0
O=c1n(CCCCN2CCN(c3cccc4sccc34)CC2)nc2c(Cl)cccn12,368.0
CN1CCC(=C2c3ccccc3CC(=O)c3sccc32)CC1,31.0
CCCn1c(-c2ccccc2)cc(C(=O)NCCCN2CCN(c3cccc(Cl)c3)CC2)c1C,191.0
Cc1c(C(=O)NCCCN2CCN(c3cccc(Cl)c3Cl)CC2)cc(-c2ccccn2)n1C.Cl.Cl.Cl.Cl,43.0
CCCN1CCN(CCC)C2(COc3cccc(OC)c3C2)C1,10000.0
COc1ccc(-n2c(C)nc(C(=O)NCCCN3CCN(c4cccc(Cl)c4Cl)CC3)c2C)cc1.Cl.Cl.Cl.Cl,20.0
Cc1c(C(=O)NCCCN2CCN(c3cccc(Cl)c3Cl)CC2)nc(-c2ccccc2)n1-c1ccccc1.Cl.Cl.Cl.Cl,14.2
CN(C)CC1CC2c3cccc(C(F)(F)F)c3Cc3ccccc3N2O1,1000.0
CC/C(=C(\c1ccccc1)c1ccc(OCCN(C)C)cc1)c1ccccc1,4801.0
c1ccc(CNC[C@@H]2CCN(CCc3c[nH]c4ccc(-n5cnnc5)cc34)C2)cc1,4400.0
COc1ccc(NC(=O)Nc2ccc(Br)cc2)cc1-c1c(Br)cnn1C,0.5012
CN1CCN2c3ccccc3Cc3ccccc3C2C1,10.47
Cc1[nH]c2ccc(Cl)cc2c1C1=CCNCC1,240.0
Cc1cccc(N2CCN(CCCNC(=O)c3nc(C)n(-c4ccc(Cl)cc4)c3C)CC2)c1C.Cl.Cl.Cl,67.0
CN(C)CC1CC2c3ccccc3Cc3cc(F)ccc3N2O1,6.918
CNC(=O)c1cc(OCCCCN2CCN(c3cccc(Cl)c3Cl)CC2)ccc1C,460.0
CNC(=O)c1cc(OCCCCN2CCN(c3cccc(Cl)c3Cl)CC2)ccc1F,360.0
Cc1nc(C(=O)NCCCN2CCN(c3cccc(Cl)c3Cl)CC2)c(C)n1-c1ccc2c(c1)OCCO2,8.63
COc1ccc(-n2cc(C(=O)NCCCN3CCN(c4cccc(C)c4C)CC3)nc2-c2ccccc2)cc1,19.0
CN(C)CCCN1c2ccccc2Sc2ccc(Cl)cc21,3.4
CN(C)CC1(C)CC2c3ccccc3Cc3ccccc3N2O1,57.54
COc1ccccc1C1CCN(c2ccn3c(CC4CC4)nnc3c2Cl)CC1,1300.0
CN1CC(=O)N(CCCCN2CCN(c3cccc4sccc34)CC2)c2ccccc2C1=O,42.66
Cc1ccc(C2=CC(NC(C)(C)C)=NCCN2)cc1,11.0
COc1ccc(-n2c(-c3ccccc3)nc(C(=O)NCCCN3CCN(c4cccc(Cl)c4C)CC3)c2C)cc1.Cl.Cl.Cl,21.0
COc1ccc(-n2c(-c3ccccc3)nc(C(=O)NCCCN3CCN(c4cccc(C)c4C)CC3)c2C)cc1.Cl.Cl,24.0
COc1ccc(-n2cc(C(=O)NCCCN3CCN(c4cccc(C)c4C)CC3)nc2-c2ccccc2)cc1.Cl.Cl,19.0
Cc1c(Cl)cccc1N1CCN(CCCNC(=O)c2nc(C)n(-c3ccccc3F)c2C)CC1.Cl.Cl.Cl,40.0
COc1ccc(-n2c(-c3ccccc3)nc(C(=O)NCC(O)CN3CCN(c4cccc(Cl)c4C)CC3)c2C)cc1.Cl.Cl.Cl,170.0
CCCc1nc(C(=O)NCC(O)CN2CCN(c3cccc(C)c3C)CC2)c(C)n1-c1ccc(F)cc1.Cl.Cl,327.0
O=C(CCc1ccc(-c2ccc(Cl)cc2)cc1)Nc1ccc(CN2CCCCC2)cc1,138.0
Cc1c(Cl)cccc1N1CCN(CC(O)CNC(=O)c2nc(C)n(C3CCCC3)c2C)CC1.Cl.Cl.Cl,97.6
Cc1c(Cl)cccc1N1CCN(C[C@@H](O)CNC(=O)c2nc(-c3ccccc3)n(-c3ccc(F)cc3)c2C)CC1,20.1
CCCN(CCCCN1C(=O)CC2(CCCC2)CC1=O)C1COc2cccc(OC)c2C1,1000.0
CCCN(CCCCN1C(=O)CC2(CCCC2)CC1=O)CC1COc2cccc(OC)c2C1,7762.47
COc1cc(NC(=O)c2ccc(-c3ccc(Cl)cc3)o2)cc(OC)c1,3000.0
Cc1cccc2c1Cc1ccccc1C1CC(CN(C)C)ON21,91.2
CCN1CCC(COc2nc3ccsc3n3cccc23)CC1,8128.31
Cc1c(C(=O)NCCN2CCN(c3cccc(Cl)c3Cl)CC2)c(C)n(C)c1-c1ccccc1.Cl,33.0
CCn1c(-c2ccccc2)cc(C(=O)NCCCN2CCN(c3cccc(C)c3C)CC2)c1C,75.0
CCn1c(-c2ccc(Cl)cc2)cc(C(=O)NCCCN2CCN(c3cccc(C)c3C)CC2)c1C.Cl,151.0
Cc1cccc(N2CCN(CCCNC(=O)c3cc(C(C)(C)C)n(C)c3C)CC2)c1C,386.0
Cc1[nH]c(C(C)(C)C)cc1C(=O)NCCCN1CCN(c2cccc(Cl)c2Cl)CC1.Cl,107.0
Cc1c(C(=O)NCCCN2CCN(c3cccc(Cl)c3Cl)CC2)cc(C(C)(C)C)n1C,163.0
O=C(CCCCN1CCC(c2noc3cc(F)ccc23)CC1)c1cc2c3c(c1)CCN3C(=O)CC2,257.4
Cc1c(C(=O)NCCCN2CCN(c3cccc(Cl)c3Cl)CC2)cc(-c2ccccc2)n1C,46.2
CCn1c(-c2ccccc2)cc(C(=O)NCCCN2CCN(c3cccc(C)c3C)CC2)c1C,75.0
O=c1n(CCCCN2CCN(c3cccc4sccc34)CC2)nc2c(F)cccn12,35.5
CCC(CC)(CC)NC1=NCCNC(c2ccc(F)cc2F)=C1,3.7
CCc1nc(C(=O)NCCCN2CCN(c3cccc(Cl)c3Cl)CC2)c(C)n1-c1ccccc1.Cl.Cl.Cl.Cl,48.0
CCCc1nc(C(=O)NCCCN2CCN(c3cccc(Cl)c3Cl)CC2)c(C)n1-c1ccccc1F.Cl.Cl.Cl.Cl,21.0
Cc1cccc(N2CCN(CCCNC(=O)c3cc(-c4ccc(Cl)cc4)n(C)c3C)CC2)c1C.Cl,213.0
CC(C)(NC1=NCCNC(c2ccc(F)cc2F)=C1)C1CCC1,1.4
CCC1(NC2=NCCNC(c3ccccc3F)=C2)CCCC1,3.6
CCC(C)(CC)NC1=NCCNC(c2ccc(F)cc2)=C1,1.5
CN(C)Cc1ccc(C(F)(F)F)cc1Oc1ccc(Cl)c(Cl)c1,41.5
CNCc1ccc(Cl)cc1Oc1ccc(C)c(C)c1,3.42
CNC(C)c1ccc(Cl)cc1Oc1ccc(C)cc1,3.54
CC(C)NC[C@H](O)COc1cccc2ccccc12,1883.0
O=S(=O)(c1ccc2ccccc2c1)N(CCCN1CCN(c2ccc(F)cc2)CC1)CC1CCCCC1,0.5
O=S(=O)(c1ccc2ccccc2c1)N(CCCN1CCN(c2ccccc2)CC1)CC1CC1,35.9
COc1cccc(Nc2nc(N3CCN(c4ccc(F)cc4)CC3)nc3[nH]ncc23)c1,350.0
Cc1ccc2c(c1)N1OC(CN(C)C)CC1c1ccccc1C2,3.09
Cc1c(C(=O)NCCN2CCN(c3cccc(Cl)c3Cl)CC2)cc(-c2ccccc2)n1C.Cl,175.0
CCCn1c(-c2ccccn2)cc(C(=O)NCCCN2CCN(c3cccc(Cl)c3Cl)CC2)c1C.Cl.Cl.Cl.Cl,58.0
Cc1cccc(N2CCN(CCNC(=O)c3cc(C(C)(C)C)n(C)c3C)CC2)c1C,36.0
CN(C)CC1CC2c3c(cccc3C(F)(F)F)Cc3ccccc3N2O1,67.61
CN1CCN2c3ccccc3Cc3ccccc3C2C1,20.89
CC(C)(C)NC1=NCCNC(c2ccc(F)cc2F)=C1,11.0
CCN(C)CCc1cccc2[nH]cc(S(=O)(=O)c3ccccc3)c12,832.0
CCN(C)CCCc1cccc2[nH]cc(S(=O)(=O)c3ccccc3)c12,477.0
O=C(c1ccc(F)cc1)C1CCN(CCn2c(=O)[nH]c3ccccc3c2=O)CC1,0.9
Cc1ccc2c(c1)Cc1ccccc1N1OC(CN(C)C)CC21,10.47
CN(C)CC1CC2c3cccc(F)c3Cc3ccccc3N2O1,31.62
CNCc1cc(S(=O)(=O)NC)ccc1Oc1ccc(Cl)c(Cl)c1,5570.0
CNCc1cc(F)ccc1Oc1ccc(F)c(Cl)c1,575.0
CNCc1cc(F)c(OC)cc1Oc1ccc(Cl)c(Cl)c1,74.6
CN(C)CC1CC2c3ccccc3Cc3ccc(-c4ccccc4)cc3N2O1,22.39
Fc1ccc(C(c2ccc(F)cc2)N2CCN(C/C=C/c3ccccc3)CC2)cc1,407.0
COc1ccc(CN(CCN(C)C)c2ccccn2)cc1,997.0
CC(C)C[C@H]1C(=O)N2CCC[C@H]2[C@]2(O)O[C@](NC(=O)[C@@H]3C=C4c5cccc6[nH]c(Br)c(c56)C[C@H]4N(C)C3)(C(C)C)C(=O)N12,36.0
CCCNCC(O)COc1ccccc1C(=O)CCc1ccccc1,654.0
COc1cccc2nn(CCCCN3CCN(c4cccc5sccc45)CC3)c(=O)n12,13.0
N#Cc1cccc2nn(CCCCN3CCN(c4cccc5sccc45)CC3)c(=O)n12,104.0
N#Cc1ccc2nn(CCCCN3CCN(c4cccc5sccc45)CC3)c(=O)n2c1,11.0
CCCc1nc(C(=O)NCCCN2CCN(c3cccc(Cl)c3Cl)CC2)c(C)n1-c1ccc(OC)cc1.Cl.Cl.Cl.Cl,5.17
O=C(c1ccc(F)cc1)C1CCN(CCn2c(=O)[nH]c3ccccc3c2=O)CC1,2.5
c1ccc2c(c1)Cc1ccccc1N1OC(CN3CCOCC3)CC21,141.25
Cc1nc2n(c(=O)c1CCN1CCN(c3noc4cc(F)ccc34)CC1)CCCC2O,2.87
Cc1nc2n(c(=O)c1CCN1CCN(c3cncc4sccc34)CC1)CCCC2O,65.4
CC(C)C[C@H]1C(=O)N2CCC[C@H]2[C@]2(O)O[C@](NC(=O)[C@@H]3C=C4c5cccc6[nH]cc(c56)C[C@H]4N(C)C3)(C(C)C)C(=O)N12,47.0
CCCn1c(-c2ccccc2)cc(C(=O)NCCCN2CCN(c3cc(F)ccc3F)CC2)c1C,135.0
Cc1[nH]c(-c2ccccc2)c(C)c1C(=O)NCCCN1CCN(c2cccc(Cl)c2Cl)CC1.Cl,39.0
Cc1c(C(=O)NCCCN2CCN(c3cccc(Cl)c3Cl)CC2)cc(-c2ccc(Cl)cc2)n1C,232.0
Cc1cc2c(OCC(CNC(C)(C)C)OC(=O)c3ccccc3)cccc2[nH]1,1581.0
CCOC(=O)Cc1nn(CNC(=O)CCN2CCN(c3ccccc3OCC)CC2)c(=O)c2ccccc12,6380.0
CCOC(=O)Cc1nn(CNC(=O)CCN2CCN(c3cccc(C)c3C)CC2)c(=O)c2ccccc12,442.0
CCOC(=O)Cc1nn(CNC(=O)CCCN2CCN(c3ccc(C)c(C)c3)CC2)c(=O)c2c(F)cccc12,37.0
O=c1n(CCCCN2CCN(c3cccc4sccc34)CC2)nc2ccc(Cl)cn12,144.0
CCCc1nc(C(=O)NCCCN2CCN(c3cccc(C)c3C)CC2)c(C)n1-c1ccccc1.Cl.Cl,75.0
Cc1ccc(S(=O)(=O)N(C)C2CCN(C)CC2)cc1C,5980.0
O=C(CCCN1CCC2(CC1)C(=O)NCN2c1ccccc1)c1ccc(F)cc1,5.67
O=C(c1ccc(F)cc1)C1CCN(CCn2c(=O)[nH]c3ccccc3c2=O)CC1,11.0
OC(CCCN1CCCCC1)(c1ccccc1)c1ccccc1,2586.0
COc1ccc(-n2c(-c3ccccc3)nc(C(=O)NCCCN3CCN(c4cccc(Cl)c4Cl)CC3)c2C)cc1.Cl.Cl.Cl.Cl,13.0
CNC(=O)c1cccc(OCCCCN2CCN(c3cccc(Cl)c3Cl)CC2)c1C,860.0
Cn1ncc(Br)c1-c1cc(NC(=O)Nc2ccc(Cl)cc2)ccc1OCCN1CCCC1,1.9
COc1ccc(S(=O)(=O)N(CCCN2CCN(c3ccccc3OC)CC2)CC2CCCCC2)cc1,16.3
COc1ccc(S(=O)(=O)N(CCCN2CCN(c3cccc(C(F)(F)F)c3)CC2)CC2CCCCC2)cc1,19.5
COc1ccc(C2=CC(NC(C)(C)C)=NCCN2)cc1,534.0
CC(C)(C)CNC1=NCCNC(c2ccccc2F)=C1,1515.0
COc1c(C)nc(C)nc1C(=O)NCCCN1CCN(c2cccc(C)c2C)CC1.Cl,744.0
Fc1ccc(OC[C@@H]2CC[C@H]3CN(c4ncc(F)cn4)CCN3C2)cc1,150.0
COc1ccc(-n2c(C)nc(C(=O)NCCCN3CCN(c4cccc(Cl)c4C)CC3)c2C)cc1,23.1
Cc1cccc(N2CCN(C[C@@H](O)CNC(=O)c3nc(C)n(-c4ccccc4)c3C)CC2)c1C,646.0
CCc1c(C(=O)NCCCN2CCN(c3cccc(Cl)c3)CC2)nc(-c2ccc(Cl)cc2Cl)n1-c1ccc(Br)cc1,1262.0
Cc1cccc(N2CCN(CCCNC(=O)c3cc(-c4ccccc4)n(N4CCCCC4)c3C)CC2)c1C,133.0
Cc1cccc(N2CCN(CCCNC(=O)c3cc(-c4ccccc4)n(CC4CCCCC4)c3C)CC2)c1C,1233.0
CCCn1c(-c2ccccc2)cc(C(=O)NCCN2CCN(c3cccc(Cl)c3Cl)CC2)c1C,408.0
Cc1cccc(N2CCN(CCCCNC(=O)c3cc(-c4ccccc4)[nH]c3C)CC2)c1C,10.0
CN1CCN(c2cccc(NS(=O)(=O)c3ccc4ccccc4c3)c2)CC1,1616.0
CCc1ccc(S(=O)(=O)N(C)C2CCN(C)CC2)cc1,452.0
CCCCOc1ccc(S(=O)(=O)N(C)C2CCN(C)CC2)cc1,77.0
COc1cc(N)c(Cl)cc1C(=O)NC1CCN(CCCOc2ccc(F)cc2)CC1OC,3.856
CCN(CC)CCOC(=O)C1(C2CCCCC2)CCCCC1,240.0
Cn1nccc1-c1cc(NC(=O)c2cccc(C(F)(F)F)c2)ccc1OCCN1CCCC1,23.0
CNC(=O)c1ccccc1OCCCCN1CCN(c2cccc(Cl)c2Cl)CC1,2200.0
CC1CCN(c2nc(Nc3ccc(F)cc3)c3cn[nH]c3n2)CC1,3673.0
O=C1Cc2cc(CCN3CCN(c4cccc5ccccc45)CC3)ccc2N1,20.0
CNCc1ccc(Cl)cc1Oc1ccc(Cl)c(Cl)c1,89.5
O=S(=O)(c1ccc2ccccc2c1)N(CCCN1CCN(c2cccc(C(F)(F)F)c2)CC1)CC1CCCCC1,13.1
O=S(=O)(c1ccccc1)c1c[nH]c2cccc(CCN3CCCC3)c12,258.0
Cc1nc2n(c(=O)c1CCN1CCC(c3noc4cc(F)ccc34)CC1)CCCC2,0.346
CCCn1c(-c2ccncc2)cc(C(=O)NCCCN2CCN(c3cccc(Cl)c3Cl)CC2)c1C,34.0
CNC(=O)c1cc(OCCCCN2CCN(c3nsc4ccccc34)CC2)ccc1F,35.0
CN(C)/C=N/N=C/c1cn(S(=O)(=O)c2ccc3ccccc3c2)c2cccc([N+](=O)[O-])c12,433.0
CN1CCN(c2nc(Nc3ccc(F)cc3)c3cn[nH]c3n2)CC1,24.2
Cl.Fc1ccc(Nc2nc(Cc3ccccc3)nc3c2CCNCC3)cc1,1.95
CC(C)COc1ccc(CN(Cc2ccc(F)cc2)C(=O)NC2CCN(C)CC2)cc1,0.7943
O=S(=O)(c1cccc2cccnc12)N(CCCN1CCN(c2ccccc2)CC1)CC1CCCCC1,34.6
O=S(=O)(c1cccc2cccnc12)N(CCCN1CCN(c2cccc(C(F)(F)F)c2)CC1)CC1CCCCC1,29.1
O=S(=O)(c1cccc2cccnc12)N(CCCN1CCN(c2ccc(Cl)c(Cl)c2)CC1)CC1CCCCC1,7.7
O=S(=O)(c1ccc(F)cc1)N(CCCN1CCN(c2ccccc2)CC1)CC1CC1,142.0
O=C(N[C@H]1CC[C@H](CCN2CCN(c3nsc4ccccc34)CC2)CC1)c1ccco1,31.75
COc1ccccc1-n1c(C)nc(C(=O)NCCCN2CCN(c3cccc(Cl)c3C)CC2)c1C.Cl.Cl.Cl,12.8
CC(C)c1ccc(S(=O)(=O)N(C)C2CCN(C)CC2)cc1,161.0
CCCCNc1ccc(C(=O)OCCN(C)C)cc1,3415.0
NC(=O)C1CCN(CCCN2c3ccccc3Sc3ccc(Cl)cc32)CC1,1.938
Cc1cccc(N2CCN(CCCNC(=O)c3nc(C)n(CC(C)C)c3C)CC2)c1C,217.0
COc1c(C)nc(C)nc1C(=O)NCCN1CCN(c2cccc(Cl)c2Cl)CC1.Cl,263.0
Cc1nc2n(c(=O)c1CCN1CCN(c3nsc4ccccc34)CC1)CCCC2(F)F,17.0
Cc1nc2n(c(=O)c1CCN1CCN(c3cccc4sccc34)CC1)CCC=C2.Cl,37.6
CCNC(=O)N(CCCN(C)C)C(=O)[C@@H]1C[C@@H]2c3cccc4c3c(cn4C)C[C@H]2N(C)C1,11500.0
COCCCOc1cc(C(=O)N(C[C@@H]2CNC[C@H]2Cc2ccccc2)C(C)C)ccc1OC.Cl,1000.0
CCN(CC)CCOc1ccc(/C(=C(/Cl)c2ccccc2)c2ccccc2)cc1,3308.0
O=C(c1ccc(F)cc1)C1CCN(CCn2c(=O)[nH]c3ccccc3c2=O)CC1,13.0
CNCc1ccccc1Oc1ccc(Cl)cc1,1050.0
CNC(C)c1ccc(OC)cc1Oc1ccc(Cl)c(Cl)c1,88.0
CC(=O)NC1CCN(Cc2ccc(OCCCc3ccc(Oc4ccccc4)nn3)cc2)CC1,9650.0
Clc1ccc2c(c1)C(N1CCNCC1)=Nc1ccccc1O2,1.552
Oc1ccc(C2CCN(c3ccn4c(CC5CC5)nnc4c3Cl)CC2)cc1,720.0
COc1c(OCCOCCOCCOc2ccc(C3CCN(c4ccn5c(CC6CC6)nnc5c4Cl)CC3)cc2)cccc1C(=O)C1CCN(CCc2ccc(F)cc2)CC1,1200.0
COCCOc1cccc(C2CCN(c3ccn4c(CC5CC5)nnc4c3Cl)CC2)c1,6025.6
COc1c(OCCOCCOCCOCCOCCOc2ccc(C3CCN(c4ccn5c(CC6CC6)nnc5c4Cl)CC3)cc2)cccc1C(=O)C1CCN(CCc2ccc(F)cc2)CC1,446.68
COc1c(OCCOCCOCCOCCOCCOCCOCCOCCOCCOCCOCCOCCOc2ccc(C3CCN(c4ccn5c(CC6CC6)nnc5c4Cl)CC3)cc2)cccc1C(=O)C1CCN(CCc2ccc(F)cc2)CC1,512.86
COc1cccc(C(=O)C2CCN(CCc3ccc(F)cc3)CC2)c1OC,0.81
COCCOc1cccc(C(=O)C2CCN(CCc3ccc(F)cc3)CC2)c1OC,9.3
COc1c(OCCOCCOCCOCCOc2ccc(C3CCN(c4ccn5c(CC6CC6)nnc5c4Cl)CC3)cc2)cccc1C(=O)C1CCN(CCc2ccc(F)cc2)CC1,280.0
COc1c(O)cccc1C(=O)C1CCN(CCc2ccc(F)cc2)CC1,10.96
COCCOc1ccccc1C1CCN(c2ccn3c(CC4CC4)nnc3c2Cl)CC1,3981.07
COc1c(OCCOCCOc2cn(CCOCCOc3cccc([C@H](O)C4CCN(CCc5ccc(F)cc5)CC4)c3OC)nn2)cccc1[C@H](O)C1CCN(CCc2ccc(F)cc2)CC1,36.31
Cc1c(C(=O)NCCCN2CCN(c3cccc(Cl)c3Cl)CC2)cc(-c2ccccc2)n1C,46.0
Cc1c(C(=O)NCCCN2CCN(c3cccc4cccnc34)CC2)cc(-c2ccccc2)n1C,352.0
Cc1c(C(=O)NCCCN2CCN(c3ccncc3)CC2)cc(-c2ccccc2)n1C.Cl.Cl,4559.0
CCCn1c(-c2ccccc2)cc(C(=O)NCCCN2CCN(c3cccc(C)c3C)CC2)c1C,129.0
CCCn1c(C)c(C(=O)NCCN2CCN(c3cccc(Cl)c3Cl)CC2)c(C)c1-c1ccccc1.Cl,25.0
Cc1c(C(=O)NCCCN2CCN(c3cccc(Cl)c3Cl)CC2)cc(-c2ccncc2)n1C,39.0
CN1CCC(N(C)S(=O)(=O)c2ccc(I)cc2)CC1,160.0
CN1CCC(N(C)S(=O)(=O)c2cccc3ccccc23)CC1,502.0
COc1c(OCCOCCN=[N+]=[N-])cccc1[C@H](O)C1CCN(CCc2ccc(F)cc2)CC1,46.7
COc1c(OCCOCCOCCOCCOCCOCCOc2cccc(C(=O)C3CCN(CCc4ccc(F)cc4)CC3)c2OC)cccc1C(=O)C1CCN(CCc2ccc(F)cc2)CC1,39.81
Cc1nc2n(c(=O)c1CCN1CCN(c3nsc4ccccc34)CC1)CCCC2F,89.0
CNC(=O)c1cc(OCCCCN2CCC(c3noc4cc(F)ccc34)CC2)ccc1F,15.0
Cc1nc(C(=O)NCCCN2CCN(c3cccc(Cl)c3Cl)CC2)c(C)n1-c1ccccc1F.Cl.Cl.Cl.Cl,16.8
Cc1nc2n(c(=O)c1CCN1CCC(c3noc4cc(F)ccc34)CC1)CCCC2F,25.0
Cc1nc2n(c(=O)c1CCN1CCC(c3noc4cc(F)ccc34)CC1)CCCC2(C)O,9.5
Cc1nc2n(c(=O)c1CCN1CCC(c3noc4cc(F)ccc34)CC1)CCCC2,4.67
Cc1nc2n(c(=O)c1CCN1CCC(c3cccc4sccc34)CC1)CCCC2.Cl,5.12
Cc1nc2n(c(=O)c1CCN1CCC(c3cccc4sccc34)CC1)CCCC2O,7.66
Cc1nc2ccccn2c(=O)c1CCN1CCN(c2cccc3sccc23)CC1,9.14
CCCn1c(C)nc(C(=O)NCCCN2CCN(c3cccc(Cl)c3Cl)CC2)c1C.Cl.Cl.Cl.Cl,26.0
CN(C)Cc1ccccc1Oc1ccc(Cl)c(Cl)c1,144.0
CNC(C)c1ccccc1Oc1ccc(C)cc1,55.1
CNC(C)c1ccccc1Oc1ccc(Cl)cc1,179.0
CNCc1cc(F)ccc1Oc1ccc(Cl)cc1,495.0
CNCc1cc(F)ccc1Oc1ccc(-c2ccccc2)cc1,378.0
COc1ccc(S(=O)(=O)NCCCN2CCN(c3ccc(F)cc3)CC2)cc1,74.0
O=S1(=O)CCc2ccc(O)cc2N1CCCCN1CCN(c2cccc3sccc23)CC1,18.62
CNC(=O)c1cccc(OCCCCN2CCN(c3nsc4ccccc34)CC2)c1,180.0
OC[C@H](NC1CCN(CCCc2c[nH]c3ccc(-n4cnnc4)cc23)CC1)c1ccc(F)cc1,1100.0
CN(C)CCC1CC2c3ccccc3Cc3ccccc3N2O1,91.2
Cc1cccc(N2CCN(CC(O)CNC(=O)c3nc(C)n(-c4ccc(F)cc4)c3C)CC2)c1C.Cl.Cl,78.3
CCCc1nc(C(=O)NCC(O)CN2CCN(c3cccc(C)c3C)CC2)c(C)n1-c1ccc(Cl)cc1.Cl.Cl.Cl,147.0
Cc1cccc(N2CCN(CCCNC(=O)c3nc(-c4ccccc4)n(-c4ccc(F)cc4)c3C)CC2)c1C.Cl.Cl,27.8
O=C(c1ccc(F)cc1)C1CCN(CCn2c(=O)[nH]c3ccccc3c2=O)CC1,83.7
CCN(C(=O)Cc1ccc(S(=O)(=O)N(C)C)cc1)C1CCN(CCC(c2ccccc2)c2ccccc2)CC1,800.0
CN(C)/C=N/N=C/c1cn(S(=O)(=O)c2cccc3ccccc23)c2cccc([N+](=O)[O-])c12,555.0
COc1ccc(Cl)cc1S(=O)(=O)n1cc(/C=N/N=C/N(C)C)c2c([N+](=O)[O-])cccc21,1593.0
CN1CCN2c3c(cccc31)[C@@H]1CN(CCCC(=O)c3ccc(F)cc3)CC[C@@H]12.Cc1ccc(S(=O)(=O)O)cc1,7.0
CN1CCC(=C(F)c2cccc(NC(=O)c3c(F)cc(F)cc3F)n2)CC1,4871.0
Cc1nc(C(=O)NCC(O)CN2CCN(c3cccc(Cl)c3Cl)CC2)c(C)n1-c1ccc2c(c1)OCCO2,9.86
Cc1cc(OCCN(C)C)nc2ccc(NC(=O)COc3ccc(Cl)cc3Cl)cc12,0.61
CCCc1ccc(S(=O)(=O)N(C)C2CCN(C)CC2)cc1,329.0
Cc1cc(N2CCN(C)CC2)nc2ccc(NC(=O)COc3ccc(Cl)cc3)cc12,2180.0
COc1ccccc1N1CCN(CCOCCOc2cc(C)cc(C)c2C)CC1.Cl.Cl,4011.0
COc1c(OCCOCCOc2cn(CCOCCOc3cccc([C@H](O)C4CCN(CCc5ccc(F)cc5)CC4)c3OC)nn2)cccc1[C@H](O)C1CCN(CCc2ccc(F)cc2)CC1,36.5
CCC[C@@H](CCO)Nc1nc(N)nc2cc(OC)ccc12,1780.0
CCN(c1cccc(N2CCN(C)CC2)c1)S(=O)(=O)c1ccc2ccccc2c1,218.0
COc1ccc(S(=O)(=O)N(CCCN2CCN(c3ccccc3OC)CC2)CC2CC2)cc1,2210.0
O=C(c1ccc(F)cc1)C1CCN(CCn2c(=O)[nH]c3ccccc3c2=O)CC1,14.0
CN(C)CCCN1c2ccccc2Sc2ccccc21,23.0
O=S(=O)(NCCCN1CCN(c2cccc(C(F)(F)F)c2)CC1)c1ccc2ccccc2c1,95.0
COCCOc1ccc(NC(=O)c2cccc(C(F)(F)F)c2)cc1-c1ccnn1C,4.4
Cc1cc(C(=O)NCCCN2CCN(c3cccc(Cl)c3Cl)CC2)nc(C)n1.Cl,166.0
Cc1cc2c(s1)Nc1ccccc1N=C2N1CCN(C)CC1,5.016
CC(CN1c2ccccc2Sc2ccccc21)N(C)C,67.0
CN1CCN(c2ccc3c(c2)N(S(=O)(=O)c2ccc4ccccc4c2)CCC3=O)CC1,366.0
Cc1cccc(N2CCN(CCCC(=O)NCc3nc4cc(F)ccc4c(=O)n3-c3ccccc3)CC2)c1C,1700.0
O=C(CCCN1CCN(c2cccc(C(F)(F)F)c2)CC1)NCc1nc2cc(F)ccc2c(=O)n1-c1ccccc1,620.0
Cc1nc2n(c(=O)c1CCN1CCN(c3csc4ccsc34)CC1)CCCC2O,651.0
Cc1nc2n(c(=O)c1CCN1CCN(c3cccc4sccc34)CC1)CCCC2(F)F.Cl,11.5
CN1CCC(N(C)S(=O)(=O)c2ccc(C(C)(C)C)cc2)CC1,519.0
CCCc1nc(C(=O)NCC(O)CN2CCN(c3cccc(C)c3C)CC2)cn1-c1ccccc1,504.0
Cc1cccc(N2CCN(CCCNC(=O)c3nc(C(C)C)n(-c4ccccc4)c3C)CC2)c1C,105.0
C#C[C@]1(O)CC[C@H]2[C@@H]3CCC4=Cc5oncc5C[C@]4(C)[C@H]3CC[C@@]21C,8850.0
OCC1CCN(Cc2ccc(OCCCc3ccc(-c4ccc(Cl)cc4)nn3)cc2)CC1,790.0
Cc1cccc(N2CCN(CC(O)CNC(=O)c3nc(-c4ccccc4)n(-c4ccccc4)c3C)CC2)c1C,58.6
CNC(=O)c1cccc(OCCCCN2CCC(c3noc4cc(F)ccc34)CC2)c1,46.0
O=C1c2ccccc2C(=O)N1CCCCN1CCN(c2cccc3sccc23)CC1,683.0
CCOC(=O)Cc1nn(CNC(=O)CCN2CCN(c3ccc(C)c(C)c3)CC2)c(=O)c2c(F)cccc12,450.0
CCOC(=O)Cc1nn(CNC(=O)CCN2CCN(c3ccc(C)c(C)c3)CC2)c(=O)c2cc(F)ccc12,131.0
Cc1ccc(N2CCN(CCC(=O)NCc3nc4ccccc4c(=O)n3-c3ccccc3)CC2)cc1C,476.0
CC/C(=C(/CC)c1ccc(O)cc1)c1ccc(O)cc1,4790.0
C1=C(c2c[nH]c3ccccc23)CCN(Cc2ccccc2)C1,2618.0
COc1c(O)cccc1C(=O)C1CCN(CCc2ccc(F)cc2)CC1,11.0
COc1c(OCCOCCOCCOCCOCCOCCOc2ccc(C3CCN(c4ccn5c(CC6CC6)nnc5c4Cl)CC3)cc2)cccc1C(=O)C1CCN(CCc2ccc(F)cc2)CC1,270.0
COc1cccc(C(=O)C2CCN(CCc3ccc(F)cc3)CC2)c1OC,0.8128
COc1cccc(C2CCN(c3ccn4c(CC5CC5)nnc4c3Cl)CC2)c1,4168.69
COc1ccc(-c2ccc(CCCNc3ccc(CN(C)C)cc3)nn2)cc1,4580.0
CCOc1ccccc1N1CCN(CCCC(=O)NCc2nc3ccc(F)cc3c(=O)n2-c2ccc(OC)cc2)CC1,7900.0
CC[C@@H]1O[C@](/C=C/C2CC2)(C(F)(F)F)c2c(ccc(F)c2F)NC1=O,15000.0
COc1ccccc1N1CCN(CCC(C)NS(=O)(=O)c2ccc3ccccc3c2)CC1,664.0
CCN(CC)c1nc(Nc2ccc(C)c(C)c2)c2cn[nH]c2n1,2753.0
CCCN(CCC)CC1(N(CCC)CCC)COc2cccc(OC)c2C1,213796.21
O=C1[C@@H]2[C@H](C(=O)N1CCCCN1CCN(c3cccc4c3OCCO4)CC1)[C@H]1C=C[C@@H]2C1,854.0
CN(C)CC1CC2c3ccccc3Cc3ccncc3N2O1,389.05
O=C(COc1ccc(-c2ccc(Cl)cc2)cc1)Nc1ccc(CN2CCCCC2)cc1,91.0
O=c1n(CCCCN2CCN(c3cccc4scnc34)CC2)nc2ccccn12,2730.0
CCc1nc(C(=O)NCCN2CCN(c3cccc(Cl)c3Cl)CC2)c(C)n1-c1ccccc1.Cl.Cl.Cl.Cl,27.0
Cc1nc(C(=O)NCCCN2CCN(c3cccc(Cl)c3Cl)CC2)c(C)n1C1CCCC1.Cl.Cl.Cl.Cl,55.0
CN(C)CCn1cc(S(=O)(=O)c2cccc(Cl)c2)c2cccnc21,131.0
Oc1ccc(C2CCN(c3ccn4c(CC5CC5)nnc4c3Cl)CC2)cc1,724.44
COc1c(OCCOCCOCCOc2ccc(C3CCN(c4ccn5c(CC6CC6)nnc5c4Cl)CC3)cc2)cccc1C(=O)C1CCN(CCc2ccc(F)cc2)CC1,1202.26
COc1c(OCCOCCOCCOCCOCCOCCOCCOCCOc2ccc(C3CCN(c4ccn5c(CC6CC6)nnc5c4Cl)CC3)cc2)cccc1C(=O)C1CCN(CCc2ccc(F)cc2)CC1,407.38
COCCOc1cccc(C2CCN(c3ccn4c(CC5CC5)nnc4c3Cl)CC2)c1,6000.0
CCCc1nc(C(=O)NCCCN2CCN(c3cccc(C)c3C)CC2)c(C)n1-c1ccc(OC)cc1,70.8
Cc1cccc(N2CCN(CCCNC(=O)c3nc(C)n(-c4ccccn4)c3C)CC2)c1C,297.0
COc1cccc(CN2CC=C(c3c[nH]c4ccccc34)CC2)c1,7943.28
COc1cccc(CN2CC=C(c3c[nH]c4ccccc34)CC2)c1,7980.0
Cc1[nH]nc(C(=O)N2CCN(CC(=O)c3ccc(F)cc3)CC2)c1F,11.0
O=C1[C@@H]2[C@H](C(=O)N1CCCN1CCN(c3cccc4sccc34)CC1)[C@H]1C=C[C@@H]2C1,113.0
CN(C)CCOC(c1ccccc1)c1ccccc1.Cn1c(=O)c2[nH]c(Cl)nc2n(C)c1=O,693.0
CN1CCC(N(C)S(=O)(=O)c2ccc(Cl)cc2)CC1,537.0
Cc1cccc(S(=O)(=O)N(C)C2CCN(C)CC2)c1,3450.0
CC(C)OC(=O)C(C)(C)Oc1ccc(C(=O)c2ccc(Cl)cc2)cc1,2118.0
Cc1[nH]c2ccccc2c1C1=CCNCC1,1500.0
Cc1nc2n(c(=O)c1CCN1CCN(c3ncnc4sccc34)CC1)CCCC2O,1110.0
COc1cccc2c1CC(CNCCCCN1C(=O)CC3(CCCC3)CC1=O)CO2,48.98
CCCCN1CCC(COc2nc3ccsc3n3cccc23)CC1,165.96
O=C1C2CCCCC2C(=O)N1CCCCN1CCN(c2cccc3sccc23)CC1,34.0
O=C1c2ccc(Cl)cc2C(=O)N1CCCCN1CCN(c2cccc3sccc23)CC1,7250.0
O=C1[C@@H]2[C@H]3CC[C@H](C3)[C@@H]2C(=O)N1CCCCN1CCN(c2cccc3sccc23)CC1,27.5
CN(C)CC1CC2c3ccccc3Cc3ccc(Cl)cc3N2O1,3.467
CC(C)COc1ccc(CNC(=O)N(Cc2ccc(F)cc2)C2CCN(C)CC2)cc1,1.862
Cc1cc2c(cc1C(F)(F)F)N(C(=O)Nc1ccc(Oc3cccnc3C)nc1)CC2,32.4
Cc1cccc2c1C1CC(CN(C)C)ON1c1ccccc1C2,47.86
CNCc1cc(OC)ccc1Oc1ccc(Cl)c(Cl)c1,1450.0
CNCc1cc(OC)c(OC)cc1Oc1ccc(Cl)c(Cl)c1,249.0
CNCc1ccc(Cl)cc1Oc1ccc(C)cc1,1.18
CCc1cc(Oc2cc(Cl)ccc2CNC)ccc1Cl,47.1
CNCc1ccc(Cl)cc1Oc1cccc(Cl)c1,48.6
O=C1Cc2cc(CCN3CCN(c4nsc5ccccc45)CC3)c(Cl)cc2N1,0.42
CCCn1c(-c2ccccc2)cc(C(=O)NCCCN2CCN(c3cccc(Br)c3)CC2)c1C,221.0
Cc1c(C(=O)N(C)CCCN2CCN(c3cccc(Cl)c3Cl)CC2)cc(-c2ccccc2)n1C,39.0
Cc1cccc(N2CCN(CCCNC(=O)c3cc(-c4ccccc4)n(C)c3C)CC2)c1C,57.0
Cc1c(Cl)cccc1N1CCN(CCNC(=O)c2cc(-c3ccccc3)n(C)c2C)CC1,152.0
COc1cccc(C(=O)Nc2ccc(OCCO)c(-c3c(Cl)cnn3C)c2)c1,0.51
CN1CCN(C2=Nc3cc(Cl)ccc3Nc3ccccc32)CC1,4.195
CN(C)[C@H]1CC[C@@H](c2c[nH]c3ccc(F)cc23)C1,28000.0
CCNCCc1cccc2[nH]cc(S(=O)(=O)c3ccccc3)c12,1025.0
Cc1ccccc1S(=O)(=O)N(C)C1CCN(C)CC1,1550.0
Cc1cccc(N2CCN(CCCC(=O)NCc3nc4ccc(F)cc4c(=O)n3-c3ccccc3)CC2)c1C,420.0
CCCc1nc(C(=O)NCCCN2CCN(c3cccc(Cl)c3Cl)CC2)c(C)n1-c1ccccc1,21.0
CCn1c(-c2ccccc2)cc(C(=O)NCCCN2CCN(c3cccc(Cl)c3)CC2)c1C,92.0
CCCc1nc(C(=O)NCCCN2CCN(c3cccc(C)c3C)CC2)cn1-c1ccc(Cl)cc1.Cl.Cl.Cl,32.4
Cc1c(Cl)cccc1N1CCN(CC(O)CNC(=O)c2nc(-c3ccccc3)n(-c3ccc(F)cc3)c2C)CC1.Cl.Cl.Cl,26.7
Cc1cccc(N2CCN(CC(O)CNC(=O)c3nc(C)n(-c4ccc5c(c4)OCCO5)c3C)CC2)c1C.Cl.Cl,231.5
CN(C)CC1CC2c3ccccc3Cc3cccc(Cl)c3N2O1,32.36
Cc1c(C(=O)NCCCN2CCN(c3cccc(Cl)c3)CC2)cc(-c2ccccc2)n1N1CCCCC1,441.0
Cc1c(C(=O)NCCCN2CCN(c3cccc(Cl)c3)CC2)cc(-c2ccccc2)n1Cc1ccccc1,179.0
Cc1c(C(=O)NCCCN2CCN(c3cccc(Cl)c3)CC2)cc(-c2ccccc2)n1CC1CCCCC1,1067.0
Cc1[nH]c(-c2ccccc2)cc1C(=O)NCCCN1CCN(c2cccc(Cl)c2Cl)CC1,300.0
CC(C)NCCCc1cccc2[nH]cc(S(=O)(=O)c3ccccc3)c12,5979.0
CC(=O)NC1CCN(Cc2ccc(OCCCc3ccc(-c4ccc(F)cc4)nn3)cc2)CC1,713.0
Cc1cc2c(s1)Nc1ccccc1N=C2N1CCN(C)CC1,100.0
Cc1cccc(N2CCN(CC(O)CNC(=O)c3nc(C(C)C)n(-c4ccccc4)c3C)CC2)c1C,731.0
Cn1nccc1-c1cc(NC(=O)c2ccno2)ccc1OCCN,91.0
CC(C)N(c1cccc(N2CCN(C)CC2)c1)S(=O)(=O)c1cccc2ccccc12,122.0
CC(C)N(c1cccc(N2CCN(C)CC2)c1)S(=O)(=O)c1ccccc1,172.0
Clc1ccc(-c2ccc(C#Cc3ccc(OCCN4CCCC4)cc3)nc2)cc1,500.0
Clc1ccc(-c2ccc(CCCNc3ccc(CN4CCCCC4)cc3)cc2)cc1,680.0
O=S(=O)(NCCCN1CCN(c2ccc(Cl)c(Cl)c2)CC1)c1ccc2ccccc2c1,19.0
CCCc1nc(C(=O)NCCCN2CCN(c3cccc(Cl)c3Cl)CC2)c(C)n1-c1ccc(OC)cc1,5.17
Cc1cccc(N2CCN(CC(O)CNC(=O)c3nc(C)n(CC(C)C)c3C)CC2)c1C,1011.0
CCOc1nc(NC(=O)C(C)(C)NC(=O)c2ccc3c(C4CCCC4)c(-c4ccc(F)cn4)n(C)c3c2)ccc1/C=C/C(=O)O,6000.0
Cc1c(C(=O)NCCCN2CCN(c3cccc(Cl)c3Cl)CC2)cc(-c2ccccc2)n1N1CCCCC1,67.1
COc1ccccc1-n1c(C)nc(C(=O)NCCCN2CCN(c3cccc(C)c3C)CC2)c1C,144.0
COc1ccc(S(=O)(=O)N(CCCN2CCN(c3ccc(F)cc3)CC2)CC2CCCCC2)cc1,3.4
O=S(=O)(c1ccc(C(F)(F)F)cc1)N(CCCN1CCN(c2ccccc2)CC1)CC1CC1,70.8
O=S(=O)(c1ccc2ccccc2c1)N(CCCN1CCN(c2cccc(C(F)(F)F)c2)CC1)CC1CC1,221.0
CCCN(CCC)CC1COc2cccc(OC)c2C1,15848.93
COc1ccc(NC(=O)Nc2ccc(Cl)cc2)cc1-c1c(Br)cnn1C,0.7943
Cc1c(C(=O)NCCCN2CCN(c3cccc(Cl)c3Cl)CC2)cc(-c2ccccc2)n1CC(C)C,406.0
Cc1cccc(N2CCN(CCCCNC(=O)c3cc(-c4ccccc4)n(C)c3C)CC2)c1C,61.0
NCC1CC2c3ccccc3Cc3ccccc3N2O1,15.85
COc1ccc(NC(=O)Nc2ccc(F)cc2)cc1-c1c(Br)cnn1C,0.2512
COc1ccc(NC(=O)Nc2cccc(C(F)(F)F)c2)cc1-c1c(Br)cnn1C,0.3981
COc1ccc(NC(=O)Nc2ccc(N(C)C)cc2)cc1-c1c(Br)cnn1C,50.12
Cc1nc2n(c(=O)c1CCN1CCC(c3noc4cc(F)ccc34)CC1)CCCC2(F)F.Cl,7.1
Cc1nc2n(c(=O)c1CCN1CCC(c3noc4cc(F)ccc34)CC1)CCCC2O,5.2
Cc1nc2n(c(=O)c1CCN1CCN(c3nsc4ccccc34)CC1)CCCC2O,5.18
Cc1nc2n(c(=O)c1CCN1CCN(c3cccc4sccc34)CC1)CCCC2,1.19
Cc1nc2n(c(=O)c1CCN1CCN(c3cccc4c3CCS4)CC1)CCCC2O,26.4
CCCn1c(-c2ccccc2)cc(C(=O)NCCCN2CCN(c3cccc(Cl)c3Cl)CC2)c1C,324.0
CCCn1c(-c2ccccc2)cc(C(=O)NCCCN2CCN(c3ccc(Cl)c(Cl)c3)CC2)c1C.Cl,54.0
CCCn1c(-c2ccccc2)cc(C(=O)NCCCN2CCN(c3ccccc3OC)CC2)c1C,953.0
CCCn1c(-c2ccccc2)cc(C(=O)N(C)CCCN2CCN(c3cccc(Cl)c3Cl)CC2)c1C.Cl,33.0
Cc1ccc(Oc2ccccc2CN(C)C)cc1,74.2
CNCc1ccccc1Oc1ccc(C)c(C)c1,66.4
CNCc1ccc(C(F)(F)F)cc1Oc1ccc(Cl)c(Cl)c1,362.0
CNCc1ccc(F)cc1Oc1ccc(Cl)c(Cl)c1,651.0
CNC(C)c1ccccc1Oc1ccc(Cl)c(Cl)c1,379.0
CNC(C)c1cc(F)ccc1Oc1ccc(Cl)cc1,206.0
Cc1ccc(Oc2ccc(Cl)c(Cl)c2)c(CN(C)C)c1,376.0
CNCc1ccc(Br)cc1Oc1ccc(Cl)c(Cl)c1,66.8
CNCc1cc(C(F)(F)F)ccc1Oc1ccc(Cl)c(Cl)c1,1800.0
CNCc1ccc(C(F)(F)F)cc1Oc1ccc(Cl)cc1,324.0
O=C1[C@@H]2[C@H](C(=O)N1CCCCN1CCN(c3nsc4ccccc34)CC1)[C@H]1C=C[C@@H]2C1,35.8
O=C(/C=C/c1ccc(-c2ccc(Cl)cc2)cc1)Nc1ccc(CN2CCCCC2)cc1,1932.0
N#Cc1ccc(CCOC(=O)NC2CCN(CCCC(c3ccc(F)cc3)c3ccc(F)cc3)CC2)cc1,683.0
Cc1cc(C(=O)NCCCN2CCN(c3cccc(C)c3C)CC2)nc(C(C)(C)C)n1.Cl,274.0
CN(C)CCOC(c1ccccc1)c1ccccc1,1295.0
CCCc1nc(C(=O)NCCN2CCN(c3cccc(Cl)c3Cl)CC2)c(C)n1-c1ccccc1.Cl.Cl.Cl.Cl,39.0
CN(C)CCCC1CC2c3ccccc3Cc3ccccc3N2O1,3.89
CC(C)[C@H]1C(=O)N2CCC[C@H]2[C@]2(O)O[C@](NC(=O)[C@@H]3C=C4c5cccc6[nH]cc(c56)C[C@H]4N(C)C3)(C(C)C)C(=O)N12,28.0
CNCCC(Oc1ccc(C(F)(F)F)cc1)c1ccccc1,194.0
CC(=O)N1CCN(Cc2ccc(CCNC(=O)c3ccc(-c4ccc(Cl)cc4)cc3)cc2)CC1,2330.0
CCNC(=O)N(C)Cc1ccc(CCNC(=O)c2ccc(-c3ccc(Cl)cc3)cc2F)cc1,8150.0
CC1CCN(CCOc2ccc(C#Cc3ccc(-c4ccc(Cl)cc4)cn3)cc2)CC1,1354.0
CCOC(=O)Cc1nn(CNC(=O)CCCN2CCN(c3cccc(C)c3C)CC2)c(=O)c2c(F)cccc12,104.0
Cc1cccc(N2CCN(CCCC(=O)NCn3nc(CC(N)=O)c4ccccc4c3=O)CC2)c1C,256.0
CC(C)(C)CC(C)(C)c1ccc(OCCOCC[N+](C)(C)Cc2ccccc2)cc1.[Cl-],129.0
CC(C)[C@@]1(NC(=O)[C@@H]2C[C@@H]3c4cccc5[nH]cc(c45)C[C@H]3N(C)C2)O[C@@]2(O)[C@@H]3CCCN3C(=O)[C@H](Cc3ccccc3)N2C1=O.CS(=O)(=O)O,15.0
O=C(CCCN1CCC(O)(c2ccc(Cl)cc2)CC1)c1ccc(F)cc1,75.0
Clc1ccc(COC(Cn2ccnc2)c2ccc(Cl)cc2Cl)c(Cl)c1,3907.0
CN1CCN(c2cccc3c2C(=O)CCN3S(=O)(=O)c2ccc3ccccc3c2)CC1,760.0
CC(c1ccccc1Oc1ccc(Cl)c(Cl)c1)N(C)C,87.8
CNCc1cc(Cl)ccc1Oc1ccc(Cl)cc1,90.2
CNCc1ccc(Cl)cc1Oc1ccc(C)c(Cl)c1,9.11
N#Cc1ccc(CCOC(=O)N2CCN(CCCC(c3ccc(F)cc3)c3ccc(F)cc3)CC2)cc1,715.0
COc1ccccc1-n1c(C)nc(C(=O)NCC(O)CN2CCN(c3cccc(Cl)c3C)CC2)c1C.Cl.Cl.Cl,370.0
Cc1c(Cl)cccc1N1CCN(CCCNC(=O)c2nc(C)n(-c3ccccc3Cl)c2C)CC1.Cl.Cl.Cl.Cl,29.0
CCCc1nc(C(=O)NCC(O)CN2CCN(c3cccc(Cl)c3C)CC2)c(C)n1-c1ccc(OC)cc1.Cl.Cl.Cl,582.0
Cc1cccc(N2CCN(CC(O)CNC(=O)c3nc(C)n(-c4ccccc4Cl)c3C)CC2)c1C.Cl.Cl.Cl,318.0
Cc1c(Cl)cccc1N1CCN(CC(O)CNC(=O)c2nc(C)n(-c3ccc4c(c3)OCCO4)c2C)CC1.Cl.Cl.Cl,127.0
Cc1c(Cl)cccc1N1CCN(C[C@@H](O)CNC(=O)c2nc(-c3ccccc3)n(-c3ccc(F)cc3)c2C)CC1.Cl.Cl.Cl,20.1
CC(C)COc1ccc(CNC(=O)N(Cc2ccc(F)cc2)C2CCN(S(C)(=O)=O)CC2)cc1,2018.0
Cc1cccc(N2CCN(CCCC(=O)NCc3nc4ccccc4c(=O)n3-c3ccccc3)CC2)c1C,1100.0
CCCn1c(-c2ccccc2)cc(C(=O)NCCCN2CCN(c3cccc(C)c3C)CC2)c1C,129.0
Cc1c(C(=O)NCCCN2CCN(c3cccc(Cl)c3)CC2)cc(-c2ccccc2)n1CC(C)C,333.0
Cc1cccc(N2CCN(CC(O)CNC(=O)c3nc(-c4ccccc4)n(-c4ccccc4)c3C)CC2)c1C.Cl.Cl,58.6
COc1ccccc1-n1c(C)nc(C(=O)NCC(O)CN2CCN(c3cccc(Cl)c3Cl)CC2)c1C.Cl.Cl.Cl.Cl,52.1
CCCc1nc(C(=O)NCC(O)CN2CCN(c3cccc(Cl)c3C)CC2)c(C)n1-c1ccc2c(c1)OCCO2.Cl.Cl.Cl,237.0
Cc1c(Cl)cccc1N1CCN(C[C@H](O)CNC(=O)c2nc(-c3ccccc3)n(-c3ccc(F)cc3)c2C)CC1.Cl.Cl.Cl,95.0
Cc1cccc(N2CCN(CCCNC(=O)c3nc(C)n(-c4ccccc4)c3C)CC2)c1C.Cl.Cl,91.0
Cc1cccc(N2CCN(CCCNC(=O)c3cn(-c4ccccc4)c(-c4ccccc4)n3)CC2)c1C.Cl.Cl,13.2
Cc1c(C(=O)NCC(O)CN2CCN(c3cccc(Cl)c3Cl)CC2)nc(-c2ccccc2)n1-c1ccccc1.Cl.Cl.Cl.Cl,24.0
CCCc1nc(C(=O)NCC(O)CN2CCN(c3cccc(Cl)c3C)CC2)cn1-c1ccc(Cl)cc1.Cl.Cl.Cl.Cl,107.0
CC(C)N(CCCN1CCN(c2cccc(Cl)c2Cl)CC1)C(=O)c1ccccc1,2008.0
Cc1ccccc1C(OCCN(C)C)c1ccccc1,436.0
N=C(N)c1ccc(OCCCCCOc2ccc(C(=N)N)cc2)cc1,1639.0
O=c1[nH]c2ccccc2n1CCCN1CCC(n2c(=O)[nH]c3cc(Cl)ccc32)CC1,37.0
CCCc1nc(C(=O)NCCCN2CCN(c3cccc(C)c3C)CC2)c(C)n1-c1ccccc1Cl.Cl.Cl.Cl,90.0
Cc1cccc(N2CCN(CCCNC(=O)c3nc(-c4ccccc4)n(-c4ccc5c(c4)OCCO5)c3C)CC2)c1C.Cl.Cl,19.0
Cc1cccc(N2CCN(CCCNC(=O)c3nc(C(C)C)n(-c4ccccc4)c3C)CC2)c1C.Cl.Cl,105.0
Cn1ncc(Cl)c1-c1cc(NC(=O)c2ccc(F)c(C(F)(F)F)c2)ccc1OCCN,1.0
COc1ccc(S(=O)(=O)NCCCN2CCN(c3ccccc3OC)CC2)cc1,5168.0
CCCc1nc(C(=O)NCC(O)CN2CCN(c3cccc(C)c3C)CC2)c(C)n1-c1ccc2c(c1)OCCO2.Cl.Cl,294.0
Cc1c(C(=O)NCCCN2CCN(c3ccccc3Br)CC2)cc(-c2ccccc2)n1C,221.0
O=S(=O)(c1ccc(C(F)(F)F)cc1)N(CCCN1CCC(c2noc3cc(F)ccc23)CC1)C1COC1,92.7
CC[C@@H](CO)NC(=O)[C@@H]1C=C2c3cccc4[nH]cc(c34)C[C@H]2N(C)C1,2.547
CCC(C)(CC)NC1=NCCNC(c2ccccc2F)=C1,14.5
CN1CCC(N(C)S(=O)(=O)c2ccc(OC(F)(F)F)cc2)CC1,2448.0
C[C@@H]1C[C@H]2[C@@H]3CCC4=CC(=O)C=C[C@]4(C)C3=CC[C@]2(C)[C@H]1C(=O)CN1CCN(c2cc(N3CCCC3)nc(N3CCCC3)n2)CC1,2002.0
O=c1n(CCCN2CCN(c3cccc(Cl)c3)CC2)nc2ccccn12,20.0
CO[C@@H]1[C@@H](OC)[C@H](C)[C@@](O)(CC(=O)O)O[C@H]1[C@H](C)[C@H]1O[C@@]2(CC[C@@](C)([C@H]3CC[C@@](C)([C@@H]4O[C@@H]([C@H]5O[C@](C)(O)[C@H](C)C[C@@H]5C)C[C@@H]4O[C@@H]4C[C@H](OC)[C@@H](OC)[C@H](C)O4)O3)O2)C[C@H](O)[C@H]1C,8.694
CNCc1cc(F)ccc1Oc1ccccc1,670.0
CN(C)Cc1ccccc1Oc1ccc(Cl)cc1,1980.0
CN(C)Cc1ccccc1Oc1ccc(F)c(F)c1,1000.0
CNCc1ccc(OC)cc1Oc1ccc(Cl)c(Cl)c1,105.0
CNCc1ccc(Cl)cc1Oc1ccc(F)c(Cl)c1,60.9
Cl.Fc1cccc(Nc2nc(Cc3ccccc3)nc3c2CCNCC3)c1,4.92
OCCN1CCN(CCCN2c3ccccc3Sc3ccc(C(F)(F)F)cc32)CC1,5.104
CNC(C)c1cc(F)ccc1Oc1ccc(Cl)c(Cl)c1,301.0
Cn1nccc1-c1cc(NC(=O)C(=O)c2ccc(F)cc2)ccc1OCCN,0.025
Cc1[nH]nc(C(=O)N2CCN(CC(=O)c3ccc(F)cc3)CC2)c1Br,4.6
Cn1cc(Cl)c(C(=O)N2CCN(CCc3ccccc3F)CC2)n1,36.0
CCCc1nc(C(=O)NCCCN2CCN(c3cccc(Cl)c3Cl)CC2)cn1-c1ccc(Cl)cc1.Cl.Cl.Cl.Cl.Cl,70.9
C[C@@H](CO)NC(=O)[C@@H]1C=C2c3cccc4[nH]cc(c34)C[C@H]2N(C)C1,2.205
Cc1nc(C(=O)NCCCN2CCN(c3cccc(Cl)c3Cl)CC2)c(C)n1-c1ccccc1F,16.8
Cc1cccc(N2CCN(CCNC(=O)c3nc(C)n(-c4ccc5c(c4)OCO5)c3C)CC2)c1C,29.0
Cc1cccc(N2CCN(CCCNC(=O)c3nc(C)n(-c4ccccc4Cl)c3C)CC2)c1C,80.0
Cn1ncc(Cl)c1-c1cc(NC(=O)C2CCC(C(F)(F)F)CC2)ccc1OCCN,0.26
CN(C)Cc1cc(N)ccc1Oc1ccc(Cl)c(Cl)c1,724.0
CNCc1cc(F)ccc1Oc1ccc(C)c(C)c1,52.4
CNCc1cc(C)c(C)cc1Oc1ccc(Cl)c(Cl)c1,79.4
CNCc1ccc(C#N)cc1Oc1ccc(Cl)c(Cl)c1,315.0
CNCc1cc(C(N)=O)ccc1Oc1ccc(Cl)c(Cl)c1,1550.0
CNCc1cc(F)ccc1Oc1ccc(Cl)c(F)c1,2010.0
CNC(C)c1cc(C(F)(F)F)ccc1Oc1ccc(Cl)c(Cl)c1,291.0
CNC(C)c1cc(C)ccc1Oc1ccc(Cl)c(Cl)c1,172.0
CN[C@H]1CC[C@@H](c2ccc(Cl)c(Cl)c2)c2ccccc21,2740.9
COc1ccccc1-n1c(C)nc(C(=O)NCCCN2CCN(c3cccc(Cl)c3Cl)CC2)c1C.Cl.Cl.Cl.Cl,10.3
O=S(=O)(c1cccc2cccnc12)N(CCCN1CCN(c2ccccc2)CC1)CC1CC1,292.0
COc1ccccc1N1CCN(CCCN(CC2CC2)S(=O)(=O)c2ccc3ccccc3c2)CC1,85.8
COc1ccc(NC(=O)Nc2cccc(C#N)c2)cc1-c1c(Br)cnn1C,6.31
Cn1ncc(Br)c1-c1cc(NC(=O)Nc2ccc(Cl)cc2)ccc1OCc1ccccc1,7.943
COc1ccc(NC(=O)Nc2ccc(Cl)cc2)cc1-c1c(Cl)cnn1C,0.5012
Cc1c(Cl)cccc1N1CCN(CCCNC(=O)c2nc(C)n(-c3ccc(F)cc3)c2C)CC1.Cl.Cl.Cl,38.0
CN1CCC(N(C)S(=O)(=O)c2ccccc2Cl)CC1,3180.0
COc1cccc(Nc2nc(N3CCN(C)CC3)nc3[nH]ncc23)c1,9.1
Cc1ccc(S(=O)(=O)N(C)C2CCN(C)CC2)cc1,2130.0
CN1[C@@H]2CC[C@H]1C[C@@H](OC(c1ccccc1)c1ccccc1)C2,24.0
Cc1nc(C(=O)NCC(O)CN2CCN(c3cccc(Cl)c3Cl)CC2)c(C)n1-c1ccccc1F.Cl.Cl.Cl.Cl,104.0
Cc1cccc(N2CCN(C[C@@H](O)CNC(=O)c3nc(C)n(-c4ccccc4)c3C)CC2)c1C.Cl.Cl,646.0
Cc1nc2n(c(=O)c1CCN1CCN(c3cccc4c3OC(F)(F)O4)CC1)CCCC2.Cl,331.0
O=C(NCCc1ccc(CN2CCCC2)cc1)c1ccc(-c2ccc(Cl)cc2)cc1,107.0
CCN(CC)CCCC(C)Nc1c2ccc(Cl)cc2nc2ccc(OC)cc12,2663.0
Clc1ccc(CSC(Cn2ccnc2)c2ccc(Cl)cc2Cl)cc1,3929.0
O=C(CCc1ccc(F)cc1)N1CCN(CCCC(c2ccc(F)cc2)c2ccc(F)cc2)CC1,1030.0
Cc1c(Cl)cccc1N1CCN(CCCNC(=O)c2nc(C)n(C3CCCC3)c2C)CC1.Cl.Cl.Cl,80.6
Cc1c(Cl)cccc1N1CCN(CCCNC(=O)c2nc(-c3ccccc3)n(-c3ccccc3)c2C)CC1.Cl.Cl.Cl,13.9
Cc1cccc(N2CCN(CCCNC(=O)c3nc(-c4ccccc4)n(-c4ccccc4)c3C)CC2)c1C.Cl.Cl,29.4
CCCc1nc(C(=O)NCCCN2CCN(c3cccc(C)c3C)CC2)c(C)n1-c1ccccc1OC.Cl.Cl,253.0
COc1ccc(-n2c(C)nc(C(=O)NCCCN3CCN(c4cccc(Cl)c4C)CC3)c2C)cc1.Cl.Cl.Cl,23.1
COc1ccc(-n2c(C)nc(C(=O)NCCCN3CCN(c4cccc(C)c4C)CC3)c2C)cc1.Cl.Cl,62.7
CCCc1nc(C(=O)NCCCN2CCN(c3cccc(C)c3C)CC2)c(C)n1-c1ccc(OC)cc1.Cl.Cl,70.8
Cc1cccc(N2CCN(CCCNC(=O)c3nc(C)n(-c4cccc(Cl)c4)c3C)CC2)c1C.Cl.Cl.Cl,96.8
Cc1c(Cl)cccc1N1CCN(CCCNC(=O)c2nc(C)n(-c3ccc4c(c3)OCCO4)c2C)CC1.Cl.Cl.Cl,28.0
Cc1cccc(N2CCN(C[C@@H](O)CNC(=O)c3nc(C)n(-c4ccccc4F)c3C)CC2)c1C.Cl.Cl,244.0
N=C(N)NC(=O)Cc1c(Cl)cccc1Cl,3014.0
Cc1cccc(N2CCN(CC(O)CNC(=O)c3nc(C)n(-c4cccc(Cl)c4)c3C)CC2)c1C.Cl.Cl.Cl,275.1
Cc1cccc(N2CCN(CCCNC(=O)c3nc(C)n(-c4ccccc4F)c3C)CC2)c1C.Cl.Cl,64.8
Cc1cccc(N2CCN(CCCNC(=O)c3nc(C)n(-c4ccccc4Cl)c3C)CC2)c1C.Cl.Cl.Cl,80.0
Cc1ccc(C2=CC(NC(C)(C)C)=NCCN2)c(F)c1,14.0
CC(C)(C)NC1=NCCNC(c2ccccc2F)=C1,18.0
CCC1(NC2=NCCNC(c3ccc(F)cc3)=C2)CCCC1,0.8
Cc1cccc(N2CCN(C[C@H](O)CNC(=O)c3nc(C)n(-c4ccccc4F)c3C)CC2)c1C,270.0
COc1ccc(S(=O)(=O)NCCCN2CCN(c3cccc(C(F)(F)F)c3)CC2)cc1,352.0
COc1ccc(S(=O)(=O)NC(C)CCN2CCN(c3cccc(C(F)(F)F)c3)CC2)cc1,1824.0
CCCN(c1cccc(N2CCN(C)CC2)c1)S(=O)(=O)c1ccc2ccccc2c1,389.0
Cc1c(C(=O)NCCN2CCN(c3cccc(Cl)c3Cl)CC2)cc(C(C)(C)C)n1C.Cl,50.0
CCc1nc(C(=O)NCCCN2CCN(c3cccc(Cl)c3Cl)CC2)c(C)n1-c1ccccc1,48.0
COc1ccccc1OCCNCC(O)COc1cccc2[nH]c3ccccc3c12,410.0
COC1Cc2ccccc2C2(CCN(Cc3ccccc3)CC2)O1,6600.0
O=C(CCCc1ccccc1)N1CCN(CCCC(c2ccc(F)cc2)c2ccc(F)cc2)CC1,950.0
CC(=O)c1sc(NC(=O)N[C@@H]2CN(C(C)=O)CC[C@H]2CN2CCC[C@@H](Cc3ccc(F)cc3)C2)nc1C,5300.0
O=C(CCCN1CC=C(n2c(=O)[nH]c3ccccc32)CC1)c1ccc(F)cc1,2.584
Cc1c(C(=O)NCC(O)CN2CCN(c3cccc(Cl)c3Cl)CC2)nc(-c2ccccc2)n1-c1ccccc1,24.0
CC(=O)c1cccc(NC(=O)N[C@@H]2CCCC[C@H]2CN2CCC[C@@H](Cc3ccc(F)cc3)C2)c1,920.0
CNCc1ccc(Cl)cc1Oc1ccc(F)c(C(F)(F)F)c1,48.9
CC(CCN1CCN(c2ccccc2)CC1)NS(=O)(=O)c1ccc2ccccc2c1,12.7
Cc1c(Cl)cccc1N1CCN(CCCNC(=O)c2nc(C)n(CC(C)C)c2C)CC1,45.5
Clc1ccc2c(c1)CCc1cccnc1C2=C1CCNCC1,33.0
CN(C)CCCN1c2ccccc2CCc2ccc(Cl)cc21,67.0
CCOc1ccccc1N1CCN(CCCC(=O)NCc2nc3cc(F)ccc3c(=O)n2-c2ccc(OC)cc2)CC1,2100.0
CC(C)NC(=O)N(C1CCCCCCC1)C1CCN(CCCOc2ccc(F)cc2)CC1,79.43
COC1Cc2ccccc2C2(CCN(CCCc3ccccc3)CC2)O1,460.0
COc1ccccc1N1CCN(CCCN(CC2CC2)S(=O)(=O)c2cccc3cccnc23)CC1,561.0
O=S(=O)(c1cccc2cccnc12)N(CCCN1CCN(c2ccc(F)cc2)CC1)CC1CC1,8.3
NCCc1c[nH]c2ccc(O)cc12,27.9
Cc1nc(C(=O)NCCCN2CCN(c3cccc(Cl)c3Cl)CC2)c(C)n1-c1ccccc1.Cl.Cl.Cl.Cl,18.6
O=C1CCc2ccc(OCCCCN3CCN(c4cccc(Cl)c4Cl)CC3)cc2N1,2790.0
CNCCCC12CCC(c3ccccc31)c1ccccc12,64.0
COc1cc2c3c(c1OCc1ccccc1)-c1cc4c(cc1CC3N(C)CC2)OCO4,4600.0
CN(C)CC1CC2c3ccccc3Cc3ccc(F)cc3N2O1,1.148
CN(C)CC1CC2c3ccccc3Cc3ccccc3N2O1,22.91
CNC(=O)c1cc(OCCCCN2CCN(c3cccc(Cl)c3Cl)CC2)ccc1Cl,340.0
Cc1nc(C(=O)NCCCN2CCN(c3cccc(Cl)c3Cl)CC2)c(C)n1-c1ccccc1Cl.Cl.Cl.Cl.Cl.Cl,30.0
CNC(=O)c1cc(F)cc(OCCCCN2CCN(c3cccc(Cl)c3Cl)CC2)c1,1320.0
CCCc1nc(C(=O)NCCCN2CCN(c3cccc(Cl)c3Cl)CC2)c(C)n1-c1ccccc1OC.Cl.Cl.Cl.Cl,139.0
CCN(CC)c1nc(Nc2ccccc2C)c2cn[nH]c2n1,4578.0
CCN(CC)c1nc(Nc2ccc(F)cc2)c2cn[nH]c2n1,4535.0
Fc1ccc(Nc2nc(NC3CCCC3)nc3[nH]ncc23)cc1,4499.0
Cc1[nH]c2ccc(F)cc2c1C1=CCNCC1,950.0
Cl.Clc1cccc(Nc2nc(Cc3ccccc3)nc3c2CCNCC3)c1,3.0
Fc1ccc(Nc2nc(NCCN3CCOCC3)nc3[nH]ncc23)cc1,9741.0
CN(C)c1nc(Nc2ccc(F)cc2)c2cn[nH]c2n1,4880.0
CCCc1nc(C(=O)NCCCN2CCN(c3cccc(C)c3C)CC2)cn1-c1ccc(Cl)cc1,32.4
N=C(N)N/N=C/c1c(Cl)cccc1Cl,392.0
COCCCNc1nc(Nc2ccc(F)cc2)c2cn[nH]c2n1,5283.0
CN1CCN(c2nc3c(c(OCc4ccco4)n2)CCNCC3)CC1.Cl,2625.0
CCN(CC)c1nc(Nc2cccc(OC)c2)c2cn[nH]c2n1,2084.0
CNc1nc(Cc2ccccc2)nc2c1CCNC[C@@H]2C,360.0
Cn1ncc(Br)c1-c1cc(NC(=O)Nc2ccc(Cl)cc2)ccc1OC(F)(F)F,15.85
COc1ccc(NC(=O)Nc2ccc(Cl)cc2Cl)cc1-c1c(Br)cnn1C,1.259
O=C(OCCc1ccc(F)cc1)N1CCN(CCCC(c2ccc(F)cc2)c2ccc(F)cc2)CC1,1060.0
OCCN1CCN(c2nc(Nc3ccc(Br)cc3)c3ccccc3n2)CC1,27720.0
Cc1cccc(N2CCN(C[C@@H](O)CNC(=O)c3nc(C)n(-c4ccccc4F)c3C)CC2)c1C,244.0
COc1ccc(CCN(CCCc2ccccc2)CCc2ccc3c(c2)OCO3)cc1OC,5011.87
CN1CCN(c2nc(Nc3ccccc3)c3cn[nH]c3n2)CC1,25.1
CCN(CC)C(=O)[C@@H]1C=C2c3cccc4[nH]cc(c34)C[C@H]2NC1,6.0
CN1CCN(c2cccc(N(Cc3ccccc3)S(=O)(=O)c3ccc4ccccc4c3)c2)CC1,50.0
CN1CCN(c2cccc(N(C)S(=O)(=O)c3ccc4ccccc4c3)c2)CC1,1423.0
Cc1ccc2cccc(N3CCN(CCCNC(=O)c4cc(-c5ccccc5)n(C)c4C)CC3)c2n1,832.0
CCCn1c(-c2ccccc2)cc(C(=O)NCCCN2CCN(c3cccc(OC)c3)CC2)c1C,153.0
CNC(=O)c1cc(OCCCCN2CCN(c3cccc4sccc34)CC2)ccc1F,80.0
OCCN1CCN(c2nc(Nc3ccc(F)cc3)c3ccccc3n2)CC1,21260.0
CC(C)(C)c1ccc(C(=O)CCCN2CCC(OC(c3ccccc3)c3ccccc3)CC2)cc1,90.4
CNC(=O)c1cc(OCCCCN2CCC(c3noc4cc(F)ccc34)CC2)ccn1,247.0
Cc1ccc(S(=O)(=O)n2cc(/C=N/N=C/N(C)C)c3c([N+](=O)[O-])cccc32)cc1,253.0
CC(C)COc1ccc(CNC(=O)N(Cc2ccc(F)cc2)C2CCN(C(=S)NC(C)C)CC2)cc1,1126.0
CSc1nc(C)cc(C(=O)NCCCN2CCN(c3cccc(C)c3C)CC2)n1.Cl,54.0
CNC(=O)c1cccc(OCCCCN2CCN(c3cccc(Cl)c3Cl)CC2)n1,910.0
COc1ccc2ncc(=O)n(CCCCN3CCN(c4cccc5sccc45)CC3)c2c1,20.89
CN1CCN(C(c2ccccc2)c2ccccc2)CC1,225.0
Cl.c1ccc(Cc2nc3c(c(N4CCSCC4)n2)CCNCC3)cc1,1271.0
CN1C[C@H](C(=O)N[C@]2(C)O[C@@]3(O)[C@@H]4CCCN4C(=O)[C@H](Cc4ccccc4)N3C2=O)C[C@@H]2c3cccc4[nH]cc(c34)C[C@H]21,7.955
CN1CCC(N(Cc2ccc(F)cc2)C(=O)NCc2ccc(OCC(O)CN3CCN(C(=O)OC(C)(C)C)CC3)cc2)CC1,1.93
C1=C(c2c[nH]c3ccccc23)CCN(Cc2cccs2)C1,2398.83
COc1ccc(NC(=O)Nc2ccc(F)c(F)c2)cc1-c1c(Cl)cnn1C,0.5012
Cn1ncc(Br)c1-c1cc(NC(=O)Nc2ccc(Cl)cc2)ccc1O,1.585
COc1ccc(NC(=O)Nc2cc(C(F)(F)F)cc(C(F)(F)F)c2)cc1-c1c(Br)cnn1C,1.995
CC1CC(=O)c2c(N3CCN(C)CC3)cccc2N1S(=O)(=O)c1ccc2ccccc2c1,48.0
CC(C)NCCc1cccc2[nH]cc(S(=O)(=O)c3ccccc3)c12,650.0
CC1CCCCN1CCc1cccc2[nH]cc(S(=O)(=O)c3ccccc3)c12,92.0
CS(=O)(=O)O.CSc1ccc2c(c1)C(N1CCN(C)CC1)Cc1ccccc1S2,56.0
O=C(c1ccc(F)cc1)C1CCN(CCn2c(=O)[nH]c3ccccc3c2=O)CC1,0.77
CCN(CC)C(=O)N[C@H]1C=C2c3cccc4[nH]cc(c34)C[C@H]2N(C)C1,3.04
COc1ccc(NC(=O)Nc2ccc(F)cc2F)cc1-c1c(Cl)cnn1C,1.0
Cc1cccc(N2CCN(CCCNC(=O)c3nc(C)n(-c4ccc(F)cc4)c3C)CC2)c1C.Cl.Cl,117.9
Cc1cccc(N2CCN(CCCNC(=O)c3nc(C)n(-c4ccc5c(c4)OCCO5)c3C)CC2)c1C.Cl.Cl,40.6
CCCc1nc(C(=O)NCCCN2CCN(c3cccc(C)c3C)CC2)c(C)n1-c1ccc2c(c1)OCCO2.Cl.Cl,241.0
CCCc1nc(C(=O)NCC(O)CN2CCN(c3cccc(Cl)c3C)CC2)c(C)n1-c1ccccc1.Cl.Cl.Cl,201.0
COc1ccc(-n2c(C)nc(C(=O)NCC(O)CN3CCN(c4cccc(C)c4C)CC3)c2C)cc1.Cl.Cl,174.9
CCCc1nc(C(=O)NCC(O)CN2CCN(c3cccc(Cl)c3Cl)CC2)c(C)n1-c1ccc(F)cc1.Cl.Cl.Cl.Cl,196.0
Cc1cccc(N2CCN(CC(O)CNC(=O)c3nc(-c4ccccc4)n(-c4ccc(F)cc4)c3C)CC2)c1C.Cl.Cl,71.0
Cc1c(Cl)cccc1N1CCN(CC(O)CNC(=O)c2nc(C)n(-c3cccc(Cl)c3)c2C)CC1.Cl.Cl.Cl.Cl,182.1
CCCNCCc1cccc2[nH]cc(S(=O)(=O)c3ccccc3)c12,1078.0
CCCc1nc(C(=O)NCCN2CCN(c3cccc(Cl)c3Cl)CC2)c(C)n1-c1ccccc1,39.0
CCCc1nc(C(=O)NC[C@H](O)CN2CCN(c3cccc(Cl)c3Cl)CC2)cn1-c1ccc(Cl)cc1,264.0
CN(C)CCn1cc(S(=O)(=O)c2cccc(F)c2)c2cccnc21,351.0
CN(C)CCn1cc(S(=O)(=O)c2cccc3ccccc23)c2cccnc21,938.0
OCCN1CCN(c2nc(Nc3cccc(O)c3)c3ccccc3n2)CC1,9120.0
Clc1ccc(Nc2nc(N3CCNCC3)nc3ccccc23)cc1,1660.0
CCOc1ccc(CCNC(=O)N2CCN(CCCC(c3ccc(F)cc3)c3ccc(F)cc3)CC2)cc1,231.0
O=C(c1ccc(F)cc1)C1CCN(CCn2c(=O)[nH]c3ccccc3c2=O)CC1,32.0
CC(C)COc1ccc(CNC(=O)N(Cc2ccc(F)cc2)C2CCN(C)CC2)cc1,9.0
CCN(CC)c1nc(Nc2ccc(Cl)cc2)c2cn[nH]c2n1,1894.0
O=C(CCCN1CCC(O)(c2ccc(Cl)cc2)CC1)c1ccc(F)cc1,288.0
CN1CCN(c2cccc(N(CC3CC3)S(=O)(=O)c3ccc4ccccc4c3)c2)CC1,88.0
CC(C)N(c1cccc(N2CCN(C)CC2)c1)S(=O)(=O)c1ccc2ccccc2c1,118.0
CNc1nc(C(F)(F)c2ccccc2)nc2c1CCNCC2,119.0
Cc1nc(C(=O)NCCCN2CCN(c3cccc(C)c3C)CC2)cc(C(C)C)n1.Cl,490.0
CC(=O)CNC1CCN(Cc2ccc(CCNC(=O)c3ccc(-c4ccc(F)cc4)cc3)cc2)CC1,528.0
Cc1nc(C(=O)NCCN2CCN(c3cccc(Cl)c3Cl)CC2)c(C)n1-c1ccccc1,31.0
CCCc1nc(C(=O)NCC(O)CN2CCN(c3cccc(Cl)c3Cl)CC2)c(C)n1-c1ccc(OC)cc1,63.1
CCN(CC)CCNC(=O)c1cc(Cl)c(N)cc1OC,3675.0
CN(C)CCCN1c2ccccc2CCc2ccccc21,220.0
O=S(=O)(c1cccc(F)c1)N1CCC(CCc2ccc(F)cc2F)CC1,319.0
Cc1cc(C(C)(C)C)c(O)c(C)c1CC1=NCCN1,1285.0
O=C1N[C@@H](Cc2ccc3[nH]cc(CCN4CC[C@@H](CNCc5ccccc5)C4)c3c2)CO1,3000.0
CC(C)(C)c1ccc(C(O)CCCN2CCC(C(O)(c3ccccc3)c3ccccc3)CC2)cc1,255.0
Cc1c(Cl)cccc1N1CCN(CCNC(=O)c2cc(C(C)(C)C)n(C)c2C)CC1,233.0
Cc1coc(CNc2nc(N)nc3ccn(Cc4ccccn4)c23)n1,2300.0
Cc1cc(CNc2nc(N)nc3ccn(Cc4ccccn4)c23)no1,6200.0
CC1CCN(CCOc2ccc(C#Cc3ncc(-c4ccc(Cl)cc4)cc3F)cc2)CC1,3290.0
CCN(CC)CC1CC2c3ccccc3Cc3ccccc3N2O1,42.66
Fc1ccc(Nc2nc(N3CCN(c4ccc(F)cc4)CC3)nc3[nH]ncc23)cc1,17.9
CCCc1nc(C(=O)NCCCN2CCN(c3cccc(Cl)c3C)CC2)cn1-c1ccc(Cl)cc1.Cl.Cl.Cl.Cl,20.0
Cc1cccc(N2CCN(CC(O)CNC(=O)c3nc(C)n(-c4ccccc4)c3C)CC2)c1C.Cl.Cl,247.6
CCCc1nc(C(=O)NCC(O)CN2CCN(c3cccc(Cl)c3Cl)CC2)c(C)n1-c1ccc(OC)cc1.Cl.Cl.Cl.Cl,63.1
CCCc1nc(C(=O)NCC(O)CN2CCN(c3cccc(C)c3C)CC2)c(C)n1-c1ccc(OC)cc1.Cl.Cl,126.0
Cc1c(C(=O)NCC(O)CN2CCN(c3cccc(Cl)c3Cl)CC2)nc(-c2ccccc2)n1-c1ccc(F)cc1.Cl.Cl.Cl.Cl,94.0
Cc1nc(C(=O)NCC(O)CN2CCN(c3cccc(Cl)c3Cl)CC2)c(C)n1-c1ccc2c(c1)OCCO2.Cl.Cl.Cl.Cl,9.86
Cc1nc(C(=O)NCCCN2CCN(c3cccc(Cl)c3Cl)CC2)c(C)n1-c1ccccc1,18.6
Cc1cccc(N2CCN(CCNC(=O)c3nc(C(C)C)n(-c4ccccc4)c3C)CC2)c1C,16.0
CCc1nc(C(=O)NCCN2CCN(c3cccc(Cl)c3Cl)CC2)c(C)n1-c1ccccc1,27.0
Cc1ccc(CNc2nc(Nc3ccc(F)cc3)c3cn[nH]c3n2)cc1,947.0
C[C@H](NC[C@@H]1CCN(CCc2c[nH]c3ccc(C[C@H]4COC(=O)N4)cc23)C1)c1ccccc1,2200.0
CNC(=O)c1ccc2[nH]nc(Cc3ccc4c(cnn4C)c3)c2c1,240.0
CNCC1CC2c3ccccc3Cc3ccccc3N2O1,13.18
OCCN1CCN(c2nc(Nc3ccc(F)cc3)c3cn[nH]c3n2)CC1,163.0
Cc1c(C(=O)NCCCN2CCN(c3cccc(Cl)c3)CC2)cc(-c2ccccc2)n1C,92.0
Cc1cccc(N2CCN(CCCNC(=O)c3cc(-c4ccccc4)[nH]c3C)CC2)c1C,300.0
CCCn1c(-c2ccc(Cl)cc2)cc(C(=O)NCCCN2CCN(c3cccc(Cl)c3Cl)CC2)c1C.Cl,333.0
CCn1c(-c2ccc(Cl)cc2)cc(C(=O)NCCCN2CCN(c3cccc(Cl)c3Cl)CC2)c1C.Cl,153.0
CC1CCCN(CCc2cccc3[nH]cc(S(=O)(=O)c4ccccc4)c23)C1,57.0
Cc1c(C(=O)NCCCN2CCN(c3cccc(Cl)c3Cl)CC2)cc(-c2ccccc2)n1CC1CCCCC1,4383.0
CC(C)COc1ccc(CNC(=O)N(Cc2ccc(F)cc2)C2CCN(C(=O)C[C@H](N)C(=O)O)CC2)cc1,34.65
OC1CCN(Cc2ccc(OCCCc3ccc(-c4ccc(Cl)cc4)nn3)cc2)CC1,1410.0
CNCCc1cccc2[nH]cc(S(=O)(=O)c3ccccc3)c12,1105.0
O=S(=O)(c1ccccc1)c1c[nH]c2cccc(CCN3CCCCC3)c12,180.0
COc1ccc(NC(=O)Nc2ccc(Cl)cc2)cc1-c1ccnn1C,1.0
Cc1cccc(N2CCN(CCCNC(=O)c3cc(-c4ccccc4)n(CC(C)C)c3C)CC2)c1C,897.0
COc1ccc(-c2ccc(CCCNc3ccc(CN4CCC(O)CC4)cc3)nn2)cc1,8820.0
CNS(=O)(=O)Cc1ccc2[nH]cc(CCN3CC[C@@H](CNCc4ccccc4)C3)c2c1,5800.0
CC(C)(C)NC1=NCCNC(c2ccc(C#N)cc2)=C1,2800.0
Cc1cc(N2CCN(C)CC2)c2c(c1)N(S(=O)(=O)c1ccc3ccccc3c1)C(C)CC2=O,704.0
CCN(CC)C(=O)[C@@H]1C=C2c3cccc4[nH]cc(c34)C[C@H]2N(C(=O)Nc2ccccc2)C1,750.0
C1=C(c2c(-c3ccccc3)[nH]c3ccccc23)CCNC1,50.0
CN1C[C@H](CNC(=O)OCc2ccccc2)C[C@@H]2c3cccc4c3c(cn4C)C[C@H]21,0.395
O=C1[C@@H]2[C@H](C(=O)N1CCCCN1CCN(c3cccc4sccc34)CC1)[C@H]1C=C[C@@H]2C1,24.6
CC(=O)O[C@@H]1[C@@H]2C[C@H]([C@@H]1OC(C)=O)[C@H]1C(=O)N(CCCCN3CCN(c4cccc5sccc45)CC3)C(=O)[C@@H]21,546.0
Cc1ccc(C23CC2C(=O)N(CCCCN2CCN(c4cccc5sccc45)CC2)C3=O)cc1,1660.0
C(=C/c1ccccc1)\CN1CCN(C(c2ccccc2)c2ccccc2)CC1,360.0
CNC(C)c1ccc(Cl)cc1Oc1ccc(C)c(C)c1,6.82
CNCc1cc(Cl)ccc1Oc1ccc(C)c(C)c1,51.0
CNCc1cc(Cl)ccc1Oc1ccc(Cl)c(Cl)c1,429.0
CNCc1ccc(Cl)cc1Oc1ccc(Cl)c(C)c1,9.04
CCCn1c(-c2ccccc2)cc(C(=O)NCCCN2CCN(c3cccc4cccnc34)CC2)c1C,210.0
CCCn1c(-c2ccccc2)cc(C(=O)N(C)CCCN2CCN(c3cccc(C)c3C)CC2)c1C,17.0
Cc1[nH]c(-c2ccccn2)cc1C(=O)NCCCN1CCN(c2cccc(Cl)c2Cl)CC1.Cl.Cl.Cl.Cl,21.0
Cc1ccccc1C1=CC(NC(C)(C)C)=NCCN1,112.0
CC(C)(Cc1ccccc1)NC1=NCCNC(c2ccccc2F)=C1,3.8
CC(C)(C)NC1=NCCNC(c2ccc(F)cc2)=C1,21.0
Cc1c(C(=O)NCCCN2CCN(c3cccc(Cl)c3)CC2)cc(-c2ccccc2)n1C,92.0
Cc1cccc(N2CCN(CCCNC(=O)c3cc(-c4ccccc4)n(Cc4ccccc4)c3C)CC2)c1C,224.0
Clc1ccc(COC(Cn2ccnc2)c2ccc(Cl)cc2Cl)cc1,4034.0
C1=C(c2c[nH]c3ccccc23)CCN(Cc2ccccc2)C1,2630.27
Cc1nc2n(c(=O)c1CCN1CCC(c3noc4cc(F)ccc34)CC1)CCCC2,0.72
CC(CCN1CCN(c2ccc(F)cc2)CC1)NS(=O)(=O)c1ccc2ccccc2c1,6.2
COc1ccccc1N1CCN(CCCNS(=O)(=O)c2ccc3ccccc3c2)CC1,85.0
Cc1[nH]c(-c2ccccc2)cc1C(=O)NCCN1CCN(c2cccc(Cl)c2Cl)CC1,40.0
O=C(c1ccc(F)cc1)C1CCN(CCn2c(=O)[nH]c3ccccc3c2=O)CC1,80.0
CC1(C)CC(=O)N(CCCCN2CCN(c3cccc4sccc34)CC2)C(=O)C1,134.0
COc1ccc(NC(=O)Nc2cccc(Cl)c2)cc1-c1c(Br)cnn1C,0.3981
COc1ccc(NC(=O)Nc2ccccc2F)cc1-c1c(Br)cnn1C,1.585
COc1ccc(NC(=O)Nc2ccc(OC)c(-c3c(Br)cnn3C)c2)cc1,0.3981
COc1ccc(NC(=O)Nc2ccc(F)cc2)cc1-c1c(Br)cnn1C(C)C,1.0
CC(C)Oc1ccc(NC(=O)Nc2ccc(Cl)cc2)cc1-c1c(Br)cnn1C,1.585
Cn1ncc(Br)c1-c1cc(NC(=O)Nc2ccc(Cl)cc2)ccc1OCc1ccc(Cl)cc1,12.59
COc1ccc(NC(=O)Nc2ccc(F)cc2F)cc1-c1c(Br)cnn1C,0.631
Cc1c(C(=O)NCCN2CCN(c3cccc(Cl)c3Cl)CC2)cc(-c2ccccc2)n1C,175.0
O=S(=O)(c1ccccc1)c1c[nH]c2cccc(CCN3CCCCCC3)c12,69.0
O=S(=O)(c1ccccc1)c1c[nH]c2cccc(CCCN3CCCCC3)c12,7972.0
c1ccc2c(c1)Cc1ccccc1N1OC(CN3CCCC3)CC21,25.12
CNC(=O)c1ccc(Cl)c(OCCCCN2CCN(c3cccc(Cl)c3Cl)CC2)c1,1380.0
COc1ccc(-n2c(-c3ccccc3)nc(C(=O)NCC(O)CN3CCN(c4cccc(C)c4C)CC3)c2C)cc1.Cl.Cl,185.0
Cc1cc2c(s1)Nc1ccccc1N=C2N1CCN(C)CC1,7.0
Cc1[nH]c(-c2ccccc2)c(C)c1C(=O)NCCN1CCN(c2cccc(Cl)c2Cl)CC1.Cl,37.0
CCCn1c(-c2ccc(Cl)cc2)cc(C(=O)NCCCN2CCN(c3cccc(C)c3C)CC2)c1C.Cl,192.0
O=C1[C@@H]2[C@H](C(=O)N1CCCCN1CCN(c3cccc4ccsc34)CC1)[C@H]1C=C[C@@H]2C1,32.0
O=C1c2cccc(F)c2C(=O)N1CCCCN1CCN(c2cccc3sccc23)CC1,318.0
CN(C)/C=N/N=C/c1cn(S(=O)(=O)c2ccc(I)cc2)c2cccc([N+](=O)[O-])c12,247.0
CC1CC(=O)c2ccc(N3CCN(C)CC3)cc2N1S(=O)(=O)c1ccc2ccccc2c1,1462.0
CCCn1c(-c2ccccc2)cc(C(=O)NCCCN2CCN(c3cccc(OC)c3OC)CC2)c1C,874.0
CCCn1c(-c2cccnc2)cc(C(=O)NCCCN2CCN(c3cccc(Cl)c3Cl)CC2)c1C,46.0
Cc1ccc(NC(=O)c2ccc(CN3CCN(C)CC3)cc2)cc1Nc1nccc(-c2cccnc2)n1,1891.0
Cc1nc2n(c(=O)c1CCN1CCN(c3cccc4sccc34)CC1)CCCC2O,2.9
O=C(c1ccc(F)cc1)C1CCN(CCn2c(=O)[nH]c3ccccc3c2=O)CC1,0.35
CN(C)CC[C@@H](c1ccc(Cl)cc1)c1ccccn1,3692.0
Clc1ccccc1C(c1ccccc1)(c1ccccc1)n1ccnc1,11142.0
CSc1ccc2c(c1)N(CCC1CCCCN1C)c1ccccc1S2,4.366
O=S(=O)(c1ccc(C(F)(F)F)cc1)N(CCCN1CCN(c2ccccc2)CC1)CC1CCCCC1,7.1
COc1ccc(S(=O)(=O)N(CCCN2CCN(c3ccccc3)CC2)CC2CCCCC2)cc1,9.4
COc1ccccc1N1CCN(CCCN(CC2CCCCC2)S(=O)(=O)c2ccc3ccccc3c2)CC1,11.6
COc1ccccc1N1CCN(CCCN(CC2CCCCC2)S(=O)(=O)c2cccc3cccnc23)CC1,59.9
COc1ccc(S(=O)(=O)N(CCCN2CCN(c3cccc(C(F)(F)F)c3)CC2)CC2CC2)cc1,726.0
COc1ccc(S(=O)(=O)N(CCCN2CCN(c3ccc(F)cc3)CC2)CC2CC2)cc1,72.5
O=S(=O)(c1ccc2ccccc2c1)N(CCCN1CCN(c2ccc(F)cc2)CC1)CC1CC1,51.0
Cc1[nH]c2ccc(Br)cc2c1C1=CCNCC1,400.0
CCCc1nc(C(=O)NCCCN2CCN(c3cccc(Cl)c3C)CC2)c(C)n1-c1ccc(F)cc1.Cl.Cl.Cl,54.0
COc1ccc(-n2c(C)nc(C(=O)NCC(O)CN3CCN(c4cccc(Cl)c4C)CC3)c2C)cc1.Cl.Cl.Cl,56.0
Cc1cccc(N2CCN(C[C@H](O)CNC(=O)c3nc(C)n(-c4ccccc4F)c3C)CC2)c1C.Cl.Cl,270.0
CCCc1nc(C(=O)NCCCN2CCN(c3cccc(C)c3C)CC2)c(C)n1-c1ccc(F)cc1.Cl.Cl,31.0
Cc1c(Cl)cccc1N1CCN(CC(O)CNC(=O)c2nc(-c3ccccc3)n(-c3ccccc3)c2C)CC1.Cl.Cl.Cl,57.0
CCCc1nc(C(=O)NCCCN2CCN(c3cccc(Cl)c3Cl)CC2)c(C)n1-c1ccc2c(c1)OCCO2.Cl.Cl.Cl.Cl,106.0
COc1ccccc1-n1c(C)nc(C(=O)NCCCN2CCN(c3cccc(C)c3C)CC2)c1C.Cl.Cl,144.0
CNC(=O)c1cccc(OCCCCN2CCN(c3cccc(Cl)c3Cl)CC2)c1,1100.0
Cc1cccc(N2CCN(CCCNC(=O)c3cc(-c4ccccc4)n(-c4ccc(F)cc4)c3C)CC2)c1C,6.9
Cc1ccc(F)cc1CO[C@H]1CCc2ccc(N3CCNC[C@H]3C)nc21,46.0
Cc1c(C(=O)NCCCN2CCN(c3cccc(Cl)c3Cl)CC2)nc(-c2ccccc2)n1-c1ccccc1F.Cl.Cl.Cl.Cl,19.5
CC(C)(C)NC1=NCCNC(c2cccc(C(F)(F)F)c2)=C1,514.0
CC1(NC2=NCCNC(c3ccc(F)cc3)=C2)CCCCC1,1.6
CCC(C)(CC)NC1=NCCNC(c2ccc(C)cc2)=C1,14.9
CC(C)(C)NC1=NCCNC(c2ccccc2)=C1,35.0
CN1CCN(C2=Nc3cc(Cl)ccc3Nc3ccccc32)CC1,12.0
COc1ccc(Nc2nc(N3CCN(c4ccc(F)cc4)CC3)nc3[nH]ncc23)cc1,696.0
O=C1C2CC=CCC2C(=O)N1CCCCN1CCN(c2cccc3sccc23)CC1,0.6
CN1CCC(N(C)S(=O)(=O)c2ccc(-c3ccccc3)cc2)CC1,281.0
COc1cccc(N2CCN(CCCNC(=O)c3cc(-c4ccccc4)n(C)c3C)CC2)c1OC,666.0
CCOC(=O)Cc1nn(CNC(=O)CCCN2CCN(c3cccc(C)c3C)CC2)c(=O)c2ccccc12,98.0
Cc1nc2n(c(=O)c1CCN1CCC(c3noc4cc(F)ccc34)CC1)CCCC2,0.7079
Cc1cccc(N2CCN(CCCNC(=O)c3nc(C)n(CC(C)C)c3C)CC2)c1C.Cl.Cl,216.8
CCCc1nc(C(=O)NCCCN2CCN(c3cccc(Cl)c3C)CC2)c(C)n1-c1ccccc1OC.Cl.Cl.Cl,171.0
COc1ccccc1C1CCN(c2ccn3c(CC4CC4)nnc3c2Cl)CC1,1288.25
Cl.O=C(NCCN1CCN(c2ncccn2)CC1)C12CC3CC(CC(C3)C1)C2,33.7
O=c1c(-c2ccc(O)cc2)coc2cc(O)cc(O)c12,10469.0
CN1C[C@H](C(=O)N[C@]2(C)O[C@@]3(O)[C@@H]4CCCN4C(=O)[C@H](Cc4ccccc4)N3C2=O)C=C2c3cccc4[nH]cc(c34)C[C@H]21,6.486
CCCc1nc(C(=O)NCCCN2CCN(c3cccc(C)c3C)CC2)cn1-c1ccc(F)cc1.Cl.Cl,141.0
COc1ccc(OC)c(S(=O)(=O)n2cc(/C=N/N=C/N(C)C)c3c([N+](=O)[O-])cccc32)c1,479.0
CCCc1nc(C(=O)NCCCN2CCN(c3cccc(C)c3C)CC2)cn1-c1ccccc1,133.0
CN(C)/C=N/N=C/c1cn(S(=O)(=O)c2ccc(F)cc2)c2cccc([N+](=O)[O-])c12,702.0
Cc1cc(=O)oc2c(Cl)c(OCCCCN3CCC(c4noc5cc(F)ccc45)CC3)ccc12,39.2
O=C(c1ccc(F)cc1)C1CCN(CCn2c(=O)[nH]c3ccccc3c2=O)CC1,0.52
Cl.c1ccc(Cc2nc3c(c(Nc4ccccc4)n2)CCNCC3)cc1,2.69
CN(C)CC1CC2c3ccccc3Cc3ccc(Cl)cc3N2O1,3.467
CN(C)CC1CC2c3cc(F)ccc3Cc3ccc(F)cc3N2O1,10.72
Cc1cccc(N2CCN(CCCNC(=O)c3cc(-c4ccc(Cl)cc4)[nH]c3C)CC2)c1C.Cl,92.0
Cc1c(C(=O)NCCCN2CCN(c3cccc(Cl)c3)CC2)cc(-c2ccccc2)n1-c1ccc(F)cc1,22.9
COc1cccc(C(=O)Nc2ccc(OCCN3CCOCC3)c(-c3ccnn3C)c2)c1,5.2
CCCCc1oc2ccccc2c1C(=O)c1cc(I)c(OCCN(CC)CC)c(I)c1,3590.0
Cc1cccc(N2CCN(CC(O)CNC(=O)c3nc(C)n(CC(C)C)c3C)CC2)c1C.Cl.Cl,1011.0
CN(C)CCc1c[nH]c2ccc(Cn3cncn3)cc12,7943.28
CC(CN1c2ccccc2Sc2ccccc21)N(C)C,23.0
CCNC(=O)c1cc(OCCCCN2CCC(c3noc4cc(F)ccc34)CC2)ccn1,95.5
CN(C)[C@@H]1CC[C@H](c2c[nH]c3ccc(C#N)cc23)C1,840.0
CCCc1nc(C(=O)NCCCN2CCN(c3cccc(Cl)c3Cl)CC2)c(C)n1-c1ccccc1.Cl.Cl.Cl.Cl,21.0
COc1ccc(NC(=O)Nc2ccc(Cl)c(C(F)(F)F)c2)cc1-c1c(Br)cnn1C,0.7943
O=S(=O)(c1cccc2ccccc12)N(CCCN1CCN(c2ccccc2)CC1)CC1CC1,171.0
Cc1cc(N(C)CCN(C)C)nc2ccc(NC(=O)/C=C/c3ccc(OC(F)(F)F)cc3)cc12,1900.0
CSc1nc(C)cc(C(=O)NCCN2CCN(c3cccc(Cl)c3Cl)CC2)n1.Cl,55.0
Cc1nc(C(=O)NCCCN2CCN(c3cccc(Cl)c3Cl)CC2)cc(C(C)C)n1.Cl,113.0
C=CCNc1nc(Nc2ccc(F)cc2)c2cn[nH]c2n1,6577.0
Fc1ccc(Nc2nc(NCc3ccccc3)nc3[nH]ncc23)cc1,1268.0
COc1cccc(C2CCN(c3ccn4c(CC5CC5)nnc4c3Cl)CC2)c1,4100.0
COCCOc1ccccc1C1CCN(c2ccn3c(CC4CC4)nnc3c2Cl)CC1,3900.0
COCCOc1cccc(C(=O)C2CCN(CCc3ccc(F)cc3)CC2)c1OC,9.333
O=C1[C@@H]2[C@H]3CC[C@H](C3)[C@@H]2C(=O)N1CCCCN1CCN(c2ccc3ccsc3c2)CC1,130.0
c1cnc2c(N3CCNCC3)cccc2c1,70.9
Cc1cc2c(s1)Nc1ccccc1N=C2N1CCN(C)CC1,9.0
Cc1ccccc1N1CCN(CCc2nnc3n2CCCC3)CC1,606.0
CNCCC=C1c2ccccc2CCc2ccccc21,51.0
O=S(=O)(c1ccccc1)c1c[nH]c2cccc(CCNC3CCCC3)c12,31.0
CN(C)CCc1cccc2[nH]cc(S(=O)(=O)c3ccccc3)c12,459.0
Cc1nc(C(=O)NCCCN2CCN(c3cccc(C)c3C)CC2)cc(C(C)(C)C)n1.Cl,458.0
COc1ccc(NC(=O)Nc2ccc(C(F)(F)F)cc2)cc1-c1c(Br)cnn1C,1.585
COc1ccc(NC(=O)Nc2cccc(C(C)=O)c2)cc1-c1c(Br)cnn1C,3.981
COc1ccc(NC(=O)Nc2ccc(C(C)C)cc2)cc1-c1c(Br)cnn1C,2.512
Cc1nc(C(=O)NCCCN2CCN(c3cccc(Cl)c3Cl)CC2)cc(-c2ccccc2)n1.Cl,35.0
CN(C)CC1CC2c3ccccc3Cc3ccccc3N2O1,22.91
Cc1c(Cl)cccc1N1CCN(CC(O)CNC(=O)c2nc(C)n(-c3ccccc3F)c2C)CC1.Cl.Cl.Cl,197.0
COc1ccc(N2CCN(CC[C@@H](OC(N)=O)c3ccccc3)CC2)cc1,5800.0
CN1CCC(N(C)S(=O)(=O)c2ccc(F)cc2)CC1,5900.0
COc1ccc(S(=O)(=O)N(C)C2CCN(C)CC2)cc1,831.0
CN(C(=O)/C=C/c1ccc(-c2ccc(Cl)cc2)cc1)c1ccc(CN2CCCCC2)cc1,362.0
CN1CCC(=C2c3ccccc3C=Cc3ccccc32)CC1,0.973
O=C(c1ccc(F)cc1)C1CCN(CCn2c(=O)[nH]c3ccccc3c2=O)CC1,2.6
COc1cc(/C=C/C(=O)NCCn2c(C(F)(F)F)cc3ccccc32)cc(OC)c1OC,75000.0
CSc1nc(C)cc(C(=O)NCCN2CCN(c3cccc(C)c3C)CC2)n1.Cl,47.0
CN1CCC(N(C)S(=O)(=O)c2ccccc2)CC1,1019.0
NCCn1cc(S(=O)(=O)c2cccc(Cl)c2)c2cccnc21,11.0
Cc1nc(C(=O)NCCCN2CCN(c3cccc(Cl)c3Cl)CC2)c(C)n1-c1ccc2c(c1)OCCO2.Cl.Cl.Cl.Cl,8.63
COc1ccc2c(c1)C1CC(CN(C)C)ON1c1ccccc1C2,302.0
CCC(=O)N(C1CCCCCCC1)C1CCN(CCCOc2ccc(F)cc2)CC1,12.59
CCCN1C[C@H](CSC)C[C@@H]2c3cccc4[nH]cc(c34)C[C@H]21,14.0
CN(C)CCC=C1c2ccccc2COc2ccccc21,38.0
CN1CCN2c3ccccc3Cc3ccccc3C2C1,1.764
CN(C)/C=N/N=C/c1cn(S(=O)(=O)c2ccccc2)c2cccc([N+](=O)[O-])c12,329.0
Cc1cc(C(=O)NCCCN2CCN(c3cccc(C)c3C)CC2)nc(C2CC2)n1.Cl,256.0
Cc1cc(C(=O)NCCN2CCN(c3cccc(C)c3C)CC2)nc(C(C)(C)C)n1.Cl,69.0
CCCn1c(C)nc(C(=O)NCC(O)CN2CCN(c3cccc(Cl)c3C)CC2)c1C,480.0
COc1c(OCCOCCOCCOCCOCCOCCOCCOCCOCCOCCOc2ccc(C3CCN(c4ccn5c(CC6CC6)nnc5c4Cl)CC3)cc2)cccc1C(=O)C1CCN(CCc2ccc(F)cc2)CC1,300.0
COc1ccccc1N1CCN(CCOCCOc2c(C)cc(C)cc2C)CC1.Cl.Cl,18200.0
O=C(c1ccc(F)cc1)C1CCN(CCn2c(=O)[nH]c3ccccc3c2=O)CC1,32.0
N#Cc1ccn2c(=O)n(CCCCN3CCN(c4cccc5sccc45)CC3)nc2c1,726.0
CCOC(=O)Cc1nn(CNC(=O)CCN2CCN(c3cccc(C(F)(F)F)c3)CC2)c(=O)c2ccccc12,1080.0
CCOC(=O)Cc1nn(CNC(=O)CCN2CCN(c3ccc(C)cc3C)CC2)c(=O)c2ccccc12,5520.0
CCOC(=O)Cc1nn(CNC(=O)CCN2CCN(c3cccc(C)c3C)CC2)c(=O)c2c(F)cccc12,150.0
CCOC(=O)Cc1nn(CNC(=O)CCCN2CCN(c3ccc(C)c(C)c3)CC2)c(=O)c2ccccc12,9.0
CC(C)COc1ccc(CNC(=O)N(Cc2ccc(F)cc2)C2CCN(C)CC2)cc1,22.0
CNCc1ccc(Cl)cc1Oc1ccc(Cl)c(F)c1,58.1
COc1ccc(CCN2CCC(Nc3nc4ccccc4n3Cc3ccc(F)cc3)CC2)cc1,20.0
Cc1cnc(CNc2nc(N)nc3ccn(Cc4ccccn4)c23)o1,650.0
CNC(=O)c1cccc(OCCCCN2CCN(c3cccc(Cl)c3Cl)CC2)c1OC,720.0
CNC(=O)c1cccc(OCCCCN2CCN(c3cccc(Cl)c3Cl)CC2)c1F,30.3
CCCCCNC(=O)c1cccc(OCCCCN2CCN(c3cccc(Cl)c3Cl)CC2)c1,1100.0
CCc1c(C(=O)NCCCN2CCN(c3cccc(Cl)c3Cl)CC2)nc(-c2ccc(Cl)cc2Cl)n1-c1ccc(Br)cc1,2320.0
CCCn1c(C)nc(C(=O)NCC(O)CN2CCN(c3cccc(C)c3C)CC2)c1C,840.0
O=C1CC2(CCCC2)CC(=O)N1CCCCN1CCN(c2ncccn2)CC1,2286.0
CN1CCC(N(C)S(=O)(=O)c2cccc(F)c2)CC1,1859.0
OCCOCCN1CCN(C2=Nc3ccccc3Sc3ccccc32)CC1,117.8
CNS(=O)(=O)Cc1ccc2[nH]cc(CCN(C)C)c2c1,7943.28
O=S(=O)(c1ccc(Cl)cc1)N(CCCN1CCC(c2noc3cc(F)ccc23)CC1)C1COC1,34.6
CN(C)CC1CC2c3cc(F)ccc3Cc3ccccc3N2O1,53.7
CCOc1ccc(CCOC(=O)N2CCN(CCCc3ccccc3)CC2)cc1,980.0
CC1SC2(CCCC2)C(=O)N1CCCCN1CCN(c2csc3cc(F)ccc23)CC1,8.0
COc1c(C)nc(C)nc1C(=O)NCCN1CCN(c2cccc(C)c2C)CC1.Cl,842.0
Cc1c(Cl)cccc1N1CCN(CCCNC(=O)c2nc(-c3ccccc3)n(-c3ccccc3)c2Cn2cncn2)CC1.Cl.Cl.Cl,12.3
Cc1c(Cl)cccc1N1CCN(CCCNC(=O)c2nc(-c3ccccc3)n(-c3ccc(F)cc3)c2C)CC1.Cl.Cl.Cl,12.2
CCC1CC(=O)c2c(N3CCN(C)CC3)cccc2N1S(=O)(=O)c1ccc2ccccc2c1,455.0
CN1CCN(CC2CC3c4ccccc4Cc4ccccc4N3O2)CC1,281.84
O=c1[nH]c(=O)n(CCCCN2CCN(c3cccc4sccc34)CC2)c2ccccc12,128.82
CN(C)Cc1cc(CC(N)=O)ccc1Oc1ccc(Cl)c(Cl)c1,2240.0
COc1cc(OC)cc(-n2c(C)nc(C(=O)NCCCN3CCN(c4cccc(C)c4C)CC3)c2C)c1.Cl.Cl,32.0
CCCc1nc(C(=O)NCCCN2CCN(c3cccc(Cl)c3C)CC2)c(C)n1-c1ccc2c(c1)OCCO2.Cl.Cl.Cl,47.0
Cc1cccc(N2CCN(C[C@H](O)CNC(=O)c3nc(C)n(-c4ccccc4)c3C)CC2)c1C.Cl.Cl,72.5
CCc1[nH]c2ccc(OC)cc2c1CCN(C)C,620.0
CN1CCc2ccc(OCCCN3CCC(c4noc5cc(F)ccc45)CC3)cc2C1=O,46.3
COc1ccc(NC(=O)Nc2ccc(F)c(F)c2)cc1-c1c(F)cnn1C,2.512
Oc1ccccc1C1=NC(Cc2c[nH]cn2)C(c2ccccc2)S1,13000.0
Cc1cccc(N2CCN(CCCC(=O)NCn3nc(CC(N)=O)c4cccc(F)c4c3=O)CC2)c1C,144.0
O=S(=O)(c1ccc2ccccc2c1)N(CCCN1CCN(c2ccccc2)CC1)CC1CCCCC1,0.7
CC(C)N1CCN(c2ccc(OC[C@H]3CO[C@](Cn4cncn4)(c4ccc(Cl)cc4Cl)O3)cc2)CC1,8175.0
O=C(c1ccccc1)N(CCCN1CCN(c2ccccn2)CC1)CC1CC1,7719.0
CN(C)CC1CC2c3ccccc3Cc3c(F)cccc3N2O1,23.99
CCN(C)CCc1cn(C)c2cccc(O)c12,133.0
O=C1NCN(c2ccccc2)C12CCN(CCCOc1ccc(F)cc1)CC2,0.3162
COc1ccc(NC(=O)Nc2cc(C(F)(F)F)cc(C(F)(F)F)c2)cc1-c1c(Cl)cnn1C,3.981
COCCNCCOc1ccc(NC(=O)c2cccc(C(F)(F)F)c2)cc1-c1c(Cl)cnn1C,0.082
O=C(NC1CC1)c1ccnc(OCCCCN2CCC(c3noc4cc(F)ccc34)CC2)c1,53.9
Fc1cccc(CCN2CCN(CCCc3c[nH]c4ccc(-n5cnnc5)cc34)CC2)c1,370.0
N#Cc1ccc(CCOC(=O)N2CCN(CCCc3ccccc3)CC2)cc1,854.0
CCCN1CCN(Cc2ccccc2)CC12COc1cccc(OC)c1C2,24547.09
CCCN(CCCN1CCN(c2cccc(Cl)c2Cl)CC1)C(=O)c1ccccc1,3249.0
O=C(c1ccccc1)N(CCCN1CCN(c2cccc(Cl)c2Cl)CC1)CC1CC1,768.1
Clc1ccc(CO/N=C(\Cn2ccnc2)c2ccc(Cl)cc2Cl)c(Cl)c1,4163.0
O=C(c1ccc(OCCN2CCCCC2)cc1)c1c(-c2ccc(O)cc2)sc2cc(O)ccc12,1450.0
Cc1nc2n(c(=O)c1CCN1CCN(c3nsc4ccccc34)CC1)CCCC2(C)O,3.4
Cc1c(C(=O)NCCCN2CCN(c3ccc(Cl)cc3Cl)CC2)cc(-c2ccccc2)n1C,213.0
Cc1c(C(=O)NCCCN2CCN(c3ccc(F)cc3)CC2)cc(-c2ccccc2)n1C,22.0
CCCn1c(-c2ccccc2)cc(C(=O)NCCCN2CCN(c3cccc(C(F)(F)F)c3)CC2)c1C.Cl,410.0
Cc1[nH]c(-c2ccccc2)cc1C(=O)NCCCN1CCN(c2cccc(Cl)c2Cl)CC1,300.0
Cc1c(C(=O)NCCCN2CCN(c3cccc(Cl)c3Cl)CC2)cc(-c2cccnc2)n1C,209.0
Fc1ccc2c(C3CCN(CCCOc4ccc(CCN5CCOCC5)cc4)CC3)noc2c1,185.5
Cc1c(Cl)cccc1N1CCN(CC(O)CNC(=O)c2nc(C)n(-c3ccc(F)cc3)c2C)CC1.Cl.Cl.Cl,254.0
CCOC(=O)Cc1nn(CNC(=O)CCN2CCN(c3c(C)cccc3C)CC2)c(=O)c2ccccc12,6110.0
CCOC(=O)Cc1nn(CNC(=O)CCN2CCN(c3cccc(C)c3C)CC2)c(=O)c2cc(F)ccc12,435.0
CCCN1CCN(CCCCN2C(=O)CC3(CCCC3)CC2=O)CC12COc1cccc(OC)c1C2,11220.18
O=S(=O)(c1cccc2ccccc12)N(CCCN1CCN(c2ccccc2)CC1)CC1CCCCC1,2.6
O=S(=O)(c1ccc(F)cc1)N(CCCN1CCN(c2ccccc2)CC1)CC1CCCCC1,13.2
O=S(=O)(c1cccc2cccnc12)N(CCCN1CCN(c2ccc(F)cc2)CC1)CC1CCCCC1,5.1
O=S(=O)(c1cccc2cccnc12)N(CCCN1CCN(c2cccc(C(F)(F)F)c2)CC1)CC1CC1,75.0
Cc1c(C(=O)NCCCCN2CCN(c3cccc(Cl)c3Cl)CC2)cc(-c2ccccc2)n1C,28.0
CCCCCCCCCCCCCCCC[n+]1ccccc1.[Br-],3173.0
CNCc1cc(F)c(Cl)cc1Oc1ccc(Cl)c(Cl)c1,230.0
CNCc1cc(C(F)(F)F)ccc1Oc1ccc(C)cc1,34.7
CCc1cc(Oc2ccc(F)cc2CNC)ccc1Cl,274.0
CNCc1cc(Br)ccc1Oc1ccc(Cl)c(Cl)c1,787.0
COc1ccc(NC(=O)Nc2ccc(Cl)cc2)cc1-c1c(Br)cnn1C(C)C,1.259
CCOc1ccc(NC(=O)Nc2ccc(Cl)cc2)cc1-c1c(Br)cnn1C,1.585
Cn1ncc(Br)c1-c1cc(NC(=O)Nc2ccc(Cl)cc2)ccc1OCCc1ccccc1,50.12
COc1ccc(NC(=O)Nc2cc(F)cc(F)c2)cc1-c1c(Br)cnn1C,1.259
COc1ccc(NC(=O)Nc2ccc(Cl)cc2C(F)(F)F)cc1-c1c(Br)cnn1C,2.512
CNC(=O)c1ccnc(OCCCCN2CCC(c3noc4cc(F)ccc34)CC2)c1,62.4
CNC(=O)c1cccc(OCCCCN2CCN(c3ccc4ccsc4c3)CC2)n1,1280.0
CNCc1ccc(Cl)cc1Oc1ccc(Cl)cc1,6.59
CNCc1cc(F)ccc1Oc1ccc(Cl)c(Cl)c1,206.0
CNCc1ccccc1Oc1ccc(Cl)c(Cl)c1,721.0
CSc1ccc(Oc2ccccc2CN(C)C)cc1,458.0
COc1ccc(S(=O)(=O)N(CCCN2CCN(c3ccccc3)CC2)CC2CC2)cc1,136.0
CC(CCN1CCN(c2cccc(C(F)(F)F)c2)CC1)NS(=O)(=O)c1ccc2ccccc2c1,180.0
CC(C)NCC(O)COc1cccc2ccccc12,1466.0
CCCN1CCC(COc2nc3ccccc3c3c2CCCN3)CC1,5000.0
COc1ccc(NC(=O)Nc2cccc(F)c2)cc1-c1c(Br)cnn1C,0.7943
Cc1[nH]c(-c2ccccc2)cc1C(=O)NCCCN1CCN(c2cccc(Cl)c2)CC1,245.0
CCCn1c(-c2ccccc2)cc(C(=O)NCCCN2CCN(c3cccc(Cl)c3)CC2)c1C,191.0
Cc1cccc(N2CCN(CCCNC(=O)c3cc(-c4ccccc4)n(C)c3C)CC2)c1C,57.0
CCn1c(-c2ccccc2)cc(C(=O)NCCCN2CCN(c3cccc(Cl)c3Cl)CC2)c1C,376.0
CCCn1c(-c2ccccc2)cc(C(=O)NCCCCN2CCN(c3cccc(C)c3C)CC2)c1C,792.0
COc1ccc(CN(C)C)c(Oc2ccc(Cl)c(Cl)c2)c1,36.8
CNCc1cc(C#N)ccc1Oc1ccc(Cl)c(Cl)c1,3180.0
CNCc1ccc(Cl)cc1Oc1ccc(F)c(C)c1,32.9
O=[N+]([O-])c1ccc(S(=O)(=O)N(CCCN2CCN(c3ccccc3)CC2)CC2CCCCC2)cc1,4.2
O=[N+]([O-])c1ccc(S(=O)(=O)N(CCCN2CCN(c3ccccc3)CC2)CC2CC2)cc1,180.0
COc1ccc(-n2c(C)nc(C(=O)NCC(O)CN3CCN(c4cccc(C)c4C)CC3)c2C)cc1OC.Cl.Cl,204.5
Cc1cccc(N2CCN(CC(O)CNC(=O)c3nc(C)n(-c4ccccc4F)c3C)CC2)c1C.Cl.Cl,579.0
CCCc1nc(C(=O)NCC(O)CN2CCN(c3cccc(Cl)c3Cl)CC2)cn1-c1ccc(Cl)cc1.Cl.Cl.Cl.Cl.Cl,176.6
CCCc1nc(C(=O)NCCCN2CCN(c3cccc(Cl)c3C)CC2)c(C)n1-c1ccc(OC)cc1.Cl.Cl.Cl,15.2
COc1ccccc1-n1c(C)nc(C(=O)NCC(O)CN2CCN(c3cccc(C)c3C)CC2)c1C,389.0
CN1CCC(N(C)S(=O)(=O)c2cccc(Cl)c2)CC1,986.0
CCCc1nc(C(=O)NCC(O)CN2CCN(c3cccc(C)c3C)CC2)c(C)n1-c1ccc(OC)cc1,126.0
CN1CCC[C@@H]1CCO[C@](C)(c1ccccc1)c1ccc(Cl)cc1,32.0
CN(C)CCCN1c2ccccc2Sc2ccc(Cl)cc21,3.851
CCCn1c(C)nc(C(=O)NCC(O)CN2CCN(c3cccc(C)c3C)CC2)c1C.Cl.Cl,839.9
O=C(c1ccc(F)cc1)C1CCN(CCn2c(=O)[nH]c3ccccc3c2=O)CC1,19.6
CNC(=O)c1ccc(OCCCCN2CCN(c3cccc(Cl)c3Cl)CC2)cc1,820.0
CNC(=O)c1cccc(OCCCCN2CCN(c3cccc4sccc34)CC2)c1,216.0
OCCN1CCN(c2nc(Nc3ccccc3F)c3ccccc3n2)CC1,1370.0
NC(=O)c1cc(OCCCCN2CCN(c3nsc4ccccc34)CC2)ccn1,523.0
CN(C)c1ccc(C(=C2C=CC(=[N+](C)C)C=C2)c2ccc(N(C)C)cc2)cc1.[Cl-],2627.0
COc1c(OCCOCCN=[N+]=[N-])cccc1[C@H](O)C1CCN(CCc2ccc(F)cc2)CC1,46.77
C#CCOCCOCCOc1cccc([C@H](O)C2CCN(CCc3ccc(F)cc3)CC2)c1OC,56.6
COCCNC(=O)COc1ccc(NC(=O)c2cccc(C(F)(F)F)c2)cc1-c1c(Cl)cnn1C,52.0
S=C(NCCN1CCN(c2ncccn2)CC1)C12CC3CC(CC(C3)C1)C2,62.3
COc1ccc(-n2c(C)nc(C(=O)NCCCN3CCN(c4cccc(Cl)c4Cl)CC3)c2C)cc1,20.0
Cc1cccc(N2CCN(C[C@H](O)CNC(=O)c3nc(C)n(-c4ccccc4)c3C)CC2)c1C,72.5
CCCCCCCCCCNC(=O)/C=C/c1cc(OC)c(OC)c(OC)c1,6800.0
O=C1CC2(CCCC2)CC(=O)N1CCCCNCC1COc2ccccc2C1,56.23
COc1cccc(Nc2nc(Cc3ccccc3)nc3c2CCNCC3)c1.Cl,84.4
CN1CCN(c2nc(Nc3ccc(Cl)cc3)c3cn[nH]c3n2)CC1,28.8
CNCCC(Oc1ccc(C(F)(F)F)cc1)c1ccccc1,710.0
Fc1ccc(Nc2nc(N3CCOCC3)nc3[nH]ncc23)cc1,2618.0
O=C(c1ccc(F)cc1)C1CCN(CCn2c(=O)[nH]c3ccccc3c2=O)CC1,0.35
CN(C)CC1CC2c3ccccc3Cc3ccccc3N2O1,22.91
CCc1nc(C(=O)NCC(O)CN2CCN(c3cccc(C)c3C)CC2)c(C)n1-c1ccccc1,469.0
CC[C@@H](CO)NC(=O)[C@@H]1C=C2c3cccc4c3c(cn4C)C[C@H]2N(C)C1,13.0
CNC(=O)c1cc(C)cc(OCCCCN2CCN(c3cccc(Cl)c3Cl)CC2)c1,1400.0
COc1c(OCCOCCOCCOCCOCCOc2cccc(C(=O)C3CCN(CCc4ccc(F)cc4)CC3)c2OC)cccc1C(=O)C1CCN(CCc2ccc(F)cc2)CC1,29.51
Cc1cccc(N2CCN(CCCC(=O)NCn3nc(CC(N)=O)c4ccc(F)cc4c3=O)CC2)c1C,158.0
O=C(NCc1ccc(-c2ccc(Cl)cc2)cc1)Nc1ccc(CN2CCCCC2)cc1,29.0
Cc1c(Cl)cccc1N1CCN(CCCNC(=O)c2nc(C)n(-c3ccccc3F)c2C)CC1,40.0
COc1cc(OC)cc(-n2c(C)nc(C(=O)NCCCN3CCN(c4cccc(C)c4C)CC3)c2C)c1,32.0
Cc1nc(C(=O)NCCCN2CCN(c3cccc(Cl)c3Cl)CC2)c(C)n1-c1ccc(Cl)cc1,30.0
CCCc1nc(C(=O)NCCCN2CCN(c3cccc(Cl)c3C)CC2)c(C)n1-c1ccc(OC)cc1,15.2
OC[C@H]1CCCN1CCOc1ccc(C#Cc2ccc(-c3ccc(Cl)cc3)cn2)cc1,1640.0
Cc1ccc(-n2c(C)nc(C(=O)NCC(O)CN3CCN(c4cccc(C)c4C)CC3)c2C)cc1,68.2
CN(C)CCc1c[nH]c2cccc(O)c12,8.34
CN(CCCc1ccc(-c2ccc(Cl)cc2)cc1)c1ccc(CN2CCCCC2)cc1,646.0
Fc1ccc(-c2ccc(CCCNc3ccc(CN4CCCCC4)cc3)nn2)cc1,34.0
O[C@@H]1CCCN(Cc2ccc(OCCCc3ccc(-c4ccc(Cl)cc4)nn3)cc2)C1,595.0
OC1CCN(Cc2ccc(OCCCc3ccc(-c4ccc(F)cc4)nn3)cc2)CC1,242.0
CNC(=O)c1cc(OCCCCN2CCN(c3cccc4sccc34)CC2)ccn1,154.0
CNC(=O)c1cccc(OCCCCN2CCN(c3nsc4cc(F)ccc34)CC2)n1,42.2
Cc1ccc(N(CC2=NCCN2)c2cccc(O)c2)cc1,359.0
O=C1NCC(=O)N(CCCCN2CCN(c3cccc4sccc34)CC2)c2cc(F)ccc21,24.55
Fc1ccc(Nc2nc(N3CCN(Cc4ccccc4)CC3)nc3[nH]ncc23)cc1,52.2
CN1CCC(N(C)S(=O)(=O)c2ccc(C(F)(F)F)cc2)CC1,1683.0
CC(=O)Nc1cccc(OCCCCN2CCN(c3cccc(Cl)c3Cl)CC2)c1,1050.0
CNC(=O)c1cc(OCCCCN2CCN(c3cccc4c3OC(F)(F)O4)CC2)ccc1F,1900.0
Cc1nc(C(=O)NCCN2CCN(c3cccc(Cl)c3Cl)CC2)c(C)n1-c1ccccc1.Cl.Cl.Cl.Cl,31.0
COc1cccc([C@H](O)C2CCN(CCc3ccc(F)cc3)CC2)c1OC,4.786
CN1CCCC(CN2c3ccccc3Sc3ccccc32)C1,385.0
N#Cc1cccn2c(=O)n(CCCCN3CCN(c4cccc5sccc45)CC3)nc12,155.0
CN1CCC(N(Cc2ccc(F)cc2)C(=O)NCc2ccc(OCC(O)CN3CCN(c4nsc5ccccc45)CC3)cc2)CC1,0.87
O=C(c1cccn2ccnc12)N1CCN(CCc2ccccc2Cl)CC1,4.0
Clc1cc(Cl)c(OCC#CI)cc1Cl,2421.0
O=c1cc(N2CCOCC2)oc2c(-c3ccccc3)cccc12,2796.0
CN(C)CCN(Cc1cccs1)c1ccccn1,628.0
Cn1ncc(Cl)c1-c1cc(NC(=O)C(=O)c2cc(Br)cs2)ccc1OCCN,1.2
COc1ccccc1N1CCN(c2nc(Nc3ccc(F)cc3)c3cn[nH]c3n2)CC1,1378.0
COc1c(OCCOCCOCCOCCOCCOc2ccc(C3CCN(c4ccn5c(CC6CC6)nnc5c4Cl)CC3)cc2)cccc1C(=O)C1CCN(CCc2ccc(F)cc2)CC1,450.0
COc1c(OCCOCCOCCOCCOCCOCCOCCOCCOc2ccc(C3CCN(c4ccn5c(CC6CC6)nnc5c4Cl)CC3)cc2)cccc1C(=O)C1CCN(CCc2ccc(F)cc2)CC1,410.0
COc1c(OCCOCCOCCOCCOCCOCCOCCOCCOCCOCCOCCOCCOc2ccc(C3CCN(c4ccn5c(CC6CC6)nnc5c4Cl)CC3)cc2)cccc1C(=O)C1CCN(CCc2ccc(F)cc2)CC1,520.0
COc1c(OCCOCCOCCOCCOCCOCCOc2ccc(C3CCN(c4ccn5c(CC6CC6)nnc5c4Cl)CC3)cc2)cccc1C(=O)C1CCN(CCc2ccc(F)cc2)CC1,275.42
CCOC(=O)Cc1nn(CNC(=O)CCN2CCN(c3ccc(C)c(C)c3)CC2)c(=O)c2ccccc12,433.0
O=c1n(CCCCN2CCN(c3cccc4sccc34)CC2)nc2c(Br)cccn12,131.0
CN1CCN(CCCN2c3ccccc3Sc3ccc(Cl)cc32)CC1,7.062
O=c1n(CCCN2CCN(c3cccc(Cl)c3)CC2)nc2ccccn12,243.0
CCCc1nc(C(=O)NCCN2CCN(c3cccc(Cl)c3Cl)CC2)cn1-c1ccc(Cl)cc1,69.0
C1=C(c2c[nH]c3ccccc23)CCN(Cc2cccs2)C1,2415.0
COc1ccc(-c2ccc(CCCNc3ccc(CN4CCCCC4)cc3)nn2)cc1,1810.0
N#Cc1ccc(-c2ccc(CCCNc3ccc(CN4CCCCC4)cc3)nn2)cc1,1460.0
Cc1nc2n(c(=O)c1CCN1CCC(c3noc4cc(F)ccc34)CC1)CCCC2=O,10.0
Cc1nc2n(c(=O)c1CCN1CCN(c3cccc4sccc34)CC1)CCCC2F,10.2
Cc1nc2n(c(=O)c1CCN1CCN(c3cccc4sccc34)CC1)CCCC2(C)O,9.49
CNC(=O)c1cncc(OCCCCN2CCC(c3noc4cc(F)ccc34)CC2)c1,83.2
CNC(=O)c1cc(OCCCCN2CCN(c3cccc4sc(F)cc34)CC2)ccn1,64.9
O=C1[C@@H]2[C@H](C(=O)N1CCCCN1CCN(c3cccc4c3OC(F)(F)O4)CC1)[C@H]1C=C[C@@H]2C1,2840.0
O=C1[C@@H]2[C@H](C(=O)N1CCCCCN1CCN(c3cccc4sccc34)CC1)[C@H]1C=C[C@@H]2C1,314.0
Cc1nc2n(c(=O)c1CCN1CCN(c3cccc4sccc34)CC1)CCCC2=O,44.0
Cc1ccc(-n2c(C)nc(C(=O)NCCCN3CCN(c4cccc(C)c4C)CC3)c2C)cc1,33.0
Fc1ccc(Nc2nc(N3CCCCC3)nc3[nH]ncc23)cc1,2198.0
CNC(=O)c1ccc(OC)c(OCCCCN2CCN(c3cccc(Cl)c3Cl)CC2)c1,840.0
CNC(=O)c1cc(OCCCCN2CCN(c3cccc(Cl)c3Cl)CC2)cc(C(C)=O)c1,494.0
COc1cc(OC)cc(-n2c(C)nc(C(=O)NCCN3CCN(c4cccc(C)c4C)CC3)c2C)c1,97.0
O=C(c1ccccc1)N(CCCN1CCC(c2noc3cc(F)ccc23)CC1)C1COC1,18.8
CCC1(C)CC(=O)N(CCCCN2CCN(c3cccc4sccc34)CC2)C(=O)C1,25.9
CC1(C)C2C(=O)N(CCCCN3CCN(c4cccc5sccc45)CC3)C(=O)C21,10.4
O=C(c1ccc(F)cc1)C1CCN(CCn2c(=O)[nH]c3ccccc3c2=O)CC1,0.82
O=C1[C@@H]2[C@H]3CC[C@H](C3)[C@@H]2C(=O)N1CCCCN1CCC(c2noc3cc(F)ccc23)CC1,5.2
O=C1[C@@H]2[C@H](C(=O)N1CCN1CCN(c3cccc4sccc34)CC1)[C@H]1C=C[C@@H]2C1,82.4
CC(C)CCO[C@@H]1[C@H]2OC(C)(C)O[C@H]2[C@H]2Cn3cc(nn3)COCCCCCCN(CCc3ccc4ccccc4c3)CC[C@H]1O2,1800.0
CC(C)CCO[C@@H]1[C@H]2OC(C)(C)O[C@H]2[C@H]2COCc3cn(nn3)C[C@H]3O[C@H](CCN(CCc4ccc5ccccc5c4)CC[C@H]1O2)[C@H](OCCC(C)C)[C@H]1OC(C)(C)O[C@H]13,8700.0
CC1CC(C)CN(c2nc(Nc3ccc(F)cc3)c3cn[nH]c3n2)C1,5866.0
Fc1ccc(Nc2nc(NC3CCCCC3)nc3[nH]ncc23)cc1,3666.0
CN1CCc2nc(N3CCN(C)CC3)nc(Nc3ccc(F)cc3)c2CC1.Cl,684.0
CNC(=O)c1cccc(OCCCCN2CCN(c3cccc4sccc34)CC2)n1,106.0
CNC(=O)c1cc(OCCCCN2CCN(c3cccc(Cl)c3Cl)CC2)ccn1,476.0
Cc1nc2n(c(=O)c1CCN1CCC(c3noc4cc(F)ccc34)CC1)CCCC2Cl,21.46
Cc1nc2n(c(=O)c1CCN1CCN(c3cccc4scnc34)CC1)CCCC2O,2300.0
Cc1nc2n(c(=O)c1CCN1CCN(c3ncnc4sccc34)CC1)CCCC2,814.0
Cc1nc2n(c(=O)c1CCN1CCN(c3cccc4sccc34)CC1)CCCC2Cl,12.2
COc1cccn2c(=O)n(CCCCN3CCN(c4cccc5sccc45)CC3)nc12,85.2
CC(C)COc1ccc(CNC(=O)N(Cc2ccc(F)cc2)C2CCN(C)CC2)cc1,50.0
Clc1ccc(-c2ccc(CCCNc3ccc(CN4CCCCC4)cc3)nn2)cc1,138.0
COc1c(OCCOCCOCCOCCOCCOc2cccc(C(=O)C3CCN(CCc4ccc(F)cc4)CC3)c2OC)cccc1C(=O)C1CCN(CCc2ccc(F)cc2)CC1,29.5
CCCCOc1c(OC)cc(C(=O)NCC2(N(C)C)CCOCC2)cc1OC,1300.0
O=C1c2ccc(F)cc2C(=O)N1CCCCN1CCN(c2cccc3sccc23)CC1,254.0
O=C1CC2(CCCC2)CC(=O)N1CCCCN1CCN(c2cccc3sccc23)CC1,29.1
Cc1cccc(N2CCN(CCCCNC(=O)c3nc(C)n(-c4ccccc4Cl)c3C)CC2)c1C,12.0
Cc1cc(OCCCN2CCN(c3ccccc3)CC2)ccc1Cl.Cl.Cl,85800.0
Cc1cccc(OCCOCCN2CCN(CCc3ccccc3)CC2)c1C.Cl.Cl,6970.0
CC(C)N(CCCN1CCC(c2noc3cc(F)ccc23)CC1)C(=O)c1ccccc1,11.6
O=C(NC1CC1)c1cc(OCCCCN2CCN(c3nsc4ccccc34)CC2)ccn1,324.0
O=C1C2CCCC2C(=O)N1CCCCN1CCN(c2cccc3sccc23)CC1,1.1
O=C1CC2(CCCCC2)CC(=O)N1CCCCN1CCN(c2cccc3sccc23)CC1,103.0
O=C1[C@@H]2[C@H](C(=O)N1CCCCN1CCN(c3cccc4scnc34)CC1)[C@H]1C=C[C@@H]2C1,956.0
Cc1nc2n(c(=O)c1CCN1CCN(c3cccc4c3OC(F)(F)O4)CC1)CCCC2O,244.0
O=C(NC1CC1)c1cc(OCCCCN2CCC(c3noc4cc(F)ccc34)CC2)ccn1,167.0
O=C1[C@@H]2[C@H](C(=O)N1CCCCN1CCN(c3cccc4sc(F)cc34)CC1)[C@H]1C=C[C@@H]2C1,82.3
O=C1[C@@H]2[C@@H]3C[C@@H]([C@@H](O)[C@H]3O)[C@@H]2C(=O)N1CCCCN1CCN(c2cccc3sccc23)CC1,81.5
O=c1n(CCCCN2CCN(c3cccc4scnc34)CC2)nc2c(F)cccn12,77.8
CCOC(=O)Cc1nn(CNC(=O)CCN2CCN(c3ccccc3Cl)CC2)c(=O)c2ccccc12,4780.0
CCOC(=O)Cc1nn(CNC(=O)CCCN2CCN(c3ccc(C)c(C)c3)CC2)c(=O)c2cc(F)ccc12,12.0
CCOC(=O)Cc1nn(CNC(=O)CCCN2CCN(c3cccc(C)c3C)CC2)c(=O)c2cc(F)ccc12,123.0
Cn1nc(C(=O)N2CCN(CC(=O)c3ccc(F)cc3)CC2)cc1-c1ccco1,4.8
O=C1COc2ccccc2N1CCCCN1CCN(c2cccc3sccc23)CC1,1.64
CC(=O)NC1CCN(Cc2ccc(CCNC(=O)c3ccc(-c4ccc(F)cc4)cc3)cc2)CC1,360.0
Cc1nc2n(c(=O)c1CCN1CCN(c3nccc4sccc34)CC1)CCCC2,34.4
Cc1ccc(Sc2ccccc2N2CCN(CCc3c(C)nc4n(c3=O)CCCC4O)CC2)c(C)c1.Cl,1160.0
CCCN(CCCN1CCN(c2ccccn2)CC1)C(=O)c1ccccc1,7549.0
O=S(=O)(c1ccccc1)N(CCCN1CCC(c2noc3cc(F)ccc23)CC1)C1COC1,9.3
O=C1C2CC(O)C(O)CC2C(=O)N1CCCCN1CCN(c2cccc3sccc23)CC1,84.9
CC(C)COc1ccc(CNC(=O)N(Cc2ccc(F)cc2)C2CCN(C(=O)CCC(=O)O)CC2)cc1,317.3
CC(C)COc1ccc(CNC(=O)N(Cc2ccc(F)cc2)C2CCN(C(=O)CC[C@H](N)C(=O)O)CC2)cc1,8.35
CN1CCC(N(Cc2ccc(F)cc2)C(=O)NCc2ccc(OCC(O)CN3CCC(c4noc5cc(F)ccc45)CC3)cc2)CC1,0.39
O=C(c1ccccc1)N(CCCN1CCC(c2noc3cc(F)ccc23)CC1)CC1CC1,40.8
NC(=O)c1cccc(OCCCCN2CCN(c3cccc(Cl)c3Cl)CC2)c1,1100.0
CCOc1nc(NC(=O)C(C)(C)NC(=O)c2ccc3c(C4CCCC4)c(-c4ncc(Cl)cn4)n(C)c3c2)cnc1/C=C/C(=O)O,5200.0
CCNC(=O)c1cccc(OCCCCN2CCN(c3cccc(Cl)c3Cl)CC2)c1,670.0
OCCN1CCN(c2nc(Nc3ccc(Cl)cc3)c3ccccc3n2)CC1,7430.0
CCNC(=O)c1ccnc(OCCCCN2CCC(c3noc4cc(F)ccc34)CC2)c1,67.5
O=C1CCc2ccc(OCCCCN3CCN(c4cccc(Cl)c4Cl)CC3)cc2N1,1100.0
Cc1sc2ccccc2c1[C@@H]1C=CN=CN1,356.0
CN1CCN(c2nc3c(c(Nc4ccc(F)cc4)n2)CCNCC3)CC1.Cl,215.0
COc1ccccc1-n1c(C)nc(C(=O)NCCCN2CCN(c3cccc(Cl)c3Cl)CC2)c1C,10.3
CCCc1nc(C(=O)NCC(O)CN2CCN(c3cccc(C)c3C)CC2)cn1-c1ccc(Cl)cc1,147.0
COc1c(OCCOCCOCCOCCOCCOCCOCCOCCOCCOCCOc2ccc(C3CCN(c4ccn5c(CC6CC6)nnc5c4Cl)CC3)cc2)cccc1C(=O)C1CCN(CCc2ccc(F)cc2)CC1,302.0
CN1CCC(N(Cc2ccc(F)cn2)C(=O)NCc2ccc(OCC(F)(F)F)c(C(F)(F)F)c2)CC1,30.49
CC(C)(C)NS(=O)(=O)c1ccc(-c2sc(C(=O)N[C@H]3C[C@H](C(=O)O)C3)nc2CC2CCCCC2)c2ccccc12,0.64
Cc1nc2n(c(=O)c1CCN1CCN(c3nsc4ccccc34)CC1)CCCC2Cl,60.0
Cc1nc2c(O)cccn2c(=O)c1CCN1CCN(c2cccc3sccc23)CC1,71.3
Cc1cccc(N2CCN(CCNC(=O)c3nc(C)n(-c4ccc(F)cc4)c3C)CC2)c1C,23.0
O=C(c1ccccc1)N(CCCN1CCN(c2cccc(Cl)c2Cl)CC1)C1COC1,2177.0
O=S(=O)(c1ccc(F)cc1)N(CCCN1CCC(c2noc3cc(F)ccc23)CC1)C1COC1,15.1
N#Cc1ccc(S(=O)(=O)N(CCCN2CCC(c3noc4cc(F)ccc34)CC2)C2COC2)cc1,11.3
COc1ccccc1-n1c(C)nc(C(=O)NCCCN2CCN(c3cccc(Cl)c3C)CC2)c1C,12.8
CN1CCN2c3c(cccc31)[C@@H]1CN(CCCC(=O)c3ccc(F)cc3)CC[C@@H]12,0.54
CN1CCC(N(Cc2ccc(F)cn2)C(=O)NCc2ccc(OCCCC(F)F)cc2)CC1,4.29
CN1CCC(N(Cc2ccc(F)cn2)C(=O)NCc2ccc3c(c2)C=CC(C)(C)O3)CC1,17.27
COc1c(OCCOCCOCCOCCOc2ccc(C3CCN(c4ccn5c(CC6CC6)nnc5c4Cl)CC3)cc2)cccc1C(=O)C1CCN(CCc2ccc(F)cc2)CC1,288.4
Cl.O=C(c1ccc(F)cc1)C1CCN(CCn2c(=S)[nH]c3ccccc3c2=O)CC1,1.51
CC(C)CCc1ccc(CNC(=O)N(Cc2ccc(F)cn2)C2CCN(C)CC2)cc1,42.74
CN1CCC(N(Cc2ccc(F)cn2)C(=O)NCc2ccc(OCC(F)F)cc2)CC1,6.01
CNC(=O)c1ccnc(OCCCCN2CCN(c3nsc4cc(F)ccc34)CC2)c1,52.4
O=C(NC1CC1)c1cncc(OCCCCN2CCC(c3noc4cc(F)ccc34)CC2)c1,89.9
COc1cccc([C@H](O)C2CCN(CCc3ccc(F)cc3)CC2)c1OC,4.8
C#CCOCCOCCOc1cccc([C@H](O)C2CCN(CCc3ccc(F)cc3)CC2)c1OC,56.23
COc1c(OCCOCCOCCOCCOCCOCCOc2cccc(C(=O)C3CCN(CCc4ccc(F)cc4)CC3)c2OC)cccc1C(=O)C1CCN(CCc2ccc(F)cc2)CC1,39.8
Nc1ccc2c(c1)N(CCCCN1CCN(c3cccc4sccc34)CC1)S(=O)(=O)CC2,2.818
COc1ccc(-n2cc(C(=O)NCC(O)CN3CCN(c4cccc(Cl)c4Cl)CC3)nc2-c2ccccc2)cc1,137.0
O=C1c2cccc(Cl)c2C(=O)N1CCCCN1CCN(c2cccc3sccc23)CC1,282.0
CNC(=O)c1cncc(OCCCCN2CCN(c3nsc4cc(F)ccc34)CC2)c1,152.0
CCNC(=O)c1cncc(OCCCCN2CCC(c3noc4cc(F)ccc34)CC2)c1,94.2
CCCN(CCCN1CCC(c2noc3cc(F)ccc23)CC1)C(=O)c1ccccc1,73.1
O=c1n(CCCCN2CCN(c3cccc4sccc34)CC2)nc2ccc(F)cn12,46.3
O=c1n(CCCCN2CCN(c3cccc4sccc34)CC2)nc2c(Cl)cc(Cl)cn12,652.0
O=c1n(CCCCN2CCN(c3cccc4sc(F)cc34)CC2)nc2c(F)cccn12,1070.0
CCn1cc(CCN(C)C)c2c(O)cccc21,196.0
O=c1n(CCCCN2CCC(c3cc(F)cc4oncc34)CC2)nc2ccccn12,15.2
O=c1n(CCCCN2CCN(c3cccc4sccc34)CC2)nc2ccccn12,34.2
CC(C)COc1ccc(CNC(=O)N(Cc2ccc(F)cc2)C2CCN(CC(=O)N(C)C)CC2)cc1,86.4
CN1CCC(N(Cc2ccc(F)cn2)C(=O)NCc2ccc(CCC(F)(F)F)cc2)CC1,872.4
CC(C)COc1ccc(CNC(=O)N(Cc2ccc(F)cc2)C2CCN(C)CC2)cc1,27.3
CC(C)COc1ccc(CNC(=O)N(Cc2ccc(F)cc2)C2CCN(CC(=O)N(C)C)CC2)cc1,252.0
CN1CCC(N(Cc2ccc(F)cn2)C(=O)NCc2ccc3c(c2)CCC(C)(C)O3)CC1,21.25
COc1ccccc1-n1c(C)nc(C(=O)NCC(O)CN2CCN(c3cccc(Cl)c3Cl)CC2)c1C,52.1
CC(C)C1Cc2cc(CNC(=O)N(Cc3ccc(F)cn3)C3CCN(C)CC3)ccc2O1,4.29
CC(C)c1cc2cc(CNC(=O)N(Cc3ccc(F)cn3)C3CCN(C)CC3)ccc2o1,64.94
COc1cc2c(cc1OC)-c1c(OC)c(OCc3ccccc3)cc3c1[C@H](C2)N(C)CC3,137.0
CNC(=O)c1cccc(OCCCCN2CCC(c3noc4cc(F)ccc34)CC2)n1,134.0
CN1CCC(N(Cc2ccc(F)cn2)C(=O)NCc2ccc(OCCC(F)(F)F)cc2)CC1,2.23
CN1CCC(N(Cc2ccc(F)cn2)C(=O)NCc2ccc(OCCC(F)F)cc2)CC1,4.64
CN1CCC(N(Cc2ccc(F)cn2)C(=O)NCc2ccc(OCC(C)(C)F)cc2)CC1,3.13
CC(C)Cc1ccc(CNC(=O)N(Cc2ccc(F)cn2)C2CCN(C)CC2)cc1,26.4
CNC(=O)c1cc(OCCCCN2CCN(c3nsc4ccccc34)CC2)ccn1,113.0
CN1CCC(N(Cc2ccc(F)cn2)C(=O)NCc2ccc(OCC(F)(F)F)c(Cl)c2)CC1,125.0
CCOC(=O)Cc1nn(CNC(=O)CCN2CCN(c3ccc(F)cc3)CC2)c(=O)c2ccccc12,5450.0
CCOC(=O)Cc1nn(CNC(=O)CCN2CCN(c3cccc(Cl)c3)CC2)c(=O)c2ccccc12,1210.0
CC(C)COc1ccc(CNC(=O)N(Cc2ccc(F)cc2)C2CCNCC2)cc1.Cl,0.6
CN(C)CCc1cn(C)c2cccc(O)c12,86.3
CN1CCC(N(Cc2ccc(F)cn2)C(=O)NCc2ccc(OCC(F)(F)F)cc2)CC1,2.1
Cc1nc2n(c(=O)c1CCN1CCN(c3nccc4sccc34)CC1)CCCC2O,26.2
CC(C)COc1ccc(CNC(=O)N(Cc2ccc(F)cc2)C2CCC(N(C)C)C2)cc1,101.0
CC(C)COc1ccc(CNC(=O)N(Cc2ccc(F)cc2)C2CC(N(C)C)C2)cc1,159.2
CN1CCC(N(Cc2ccc(F)cn2)C(=O)NCc2ccc(OCCCF)cc2)CC1,3.05
CC(C)COc1ccc(CNC(=O)N(Cc2ccc(F)cn2)C2CCN(C)CC2)cc1,8.64
CN1CCC(N(Cc2ccc(F)cn2)C(=O)NCc2ccc(OCCCC(F)(F)F)cc2)CC1,3.78
CN1CCC(N(Cc2ccc(F)cn2)C(=O)NCc2ccc(CCC(F)(F)F)cc2)CC1,18.3
CC(C)CCc1ccc(CNC(=O)N(Cc2ccc(F)cn2)C2CCN(C)CC2)cc1,67.2
CC(C)C1Cc2cc(CNC(=O)N(Cc3ccc(F)cn3)C3CCN(C)CC3)ccc2O1,9.98
CN1CCC(N(Cc2ccc(F)cn2)C(=O)NCc2ccc(OCC(F)(F)F)c(F)c2)CC1,6.86
CC(C)N(C)CCc1cn(C)c2cccc(O)c12,112.0
CC(C)COc1ccc(CNC(=O)N(Cc2ccc(F)cn2)C2CCN(C)CC2)cc1,22.8
CN1CCC(N(Cc2ccc(F)cn2)C(=O)NCc2ccc(OCCCC(F)(F)F)cc2)CC1,1.95
CN1CCC(N(Cc2ccc(F)cn2)C(=O)NCc2ccc(OCC(F)(F)F)c(Br)c2)CC1,8.85
CN1CCC(N(Cc2ccc(F)cn2)C(=O)NCc2ccc(OCCC(F)(F)F)cc2)CC1,4.7
COc1cc2c(cc1OC)-c1c(OC)c(OCc3ccc(Br)cc3)cc3c1[C@H](C2)N(C)CC3,162.0
CC(C)OCc1ccc(CNC(=O)N(Cc2ccc(F)cn2)C2CCN(C)CC2)cc1,42.78
CN1CCC(N(Cc2ccc(F)cn2)C(=O)NCc2ccc(OC(F)(F)C(F)(F)F)cc2)CC1,10.04
CN1CCC(N(Cc2ccc(F)cn2)C(=O)NCc2ccc3c(c2)CC(C)(C)O3)CC1,2.54
CN1CCC(N(Cc2ccc(F)cn2)C(=O)NCc2ccc(OCCCCF)cc2)CC1,2.35
CN1CCC(N(Cc2ccc(F)cn2)C(=O)NCc2ccc(OCCF)cc2)CC1,2.11
O=c1n(CCCCN2CCN(c3cccc4sccc34)CC2)nc2c(F)cc(F)cn12,27.0
CC(C)COc1ccc(CNC(=O)N(Cc2ccc(F)cc2)C2CCN(CCN(C)C)CC2)cc1,75.4
CC(C)COc1ccc(CNC(=O)N(Cc2ccc(F)nn2)C2CCN(C)CC2)cc1,14.7
CC(C)COc1ccc(CNC(=O)N(Cc2ncc(F)cc2F)C2CCN(C)CC2)cc1,43.2
CN1CCC(N(Cc2ccc(F)cn2)C(=O)NCc2ccc(OCCCF)cc2)CC1,1.93
CC(C)OCc1ccc(CNC(=O)N(Cc2ccc(F)cn2)C2CCN(C)CC2)cc1,2.05
CN1CCC(N(Cc2ccc(F)cn2)C(=O)NCc2ccc(OCC(F)(F)F)c(C(F)(F)F)c2)CC1,27.3
CC(C)COc1ccc(CNC(=O)N(Cc2ccc(F)cc2)C2CCC(N(C)C)C2)cc1,110.2
CN1CCC(N(Cc2ccc(F)cn2)C(=O)NCc2ccc(OCC(F)(F)F)c(Br)c2)CC1,12.0
Cc1nc(C)n(CC(=O)N2CCN(c3sc(C(F)(F)F)nc3-c3nc4ccc(-c5noc(C)n5)cc4[nH]3)C[C@H]2C)n1,16000.0
CN(CCc1cn(C)c2cccc(O)c12)CC1CC1,140.0
CC(C)Cc1ccc(CNC(=O)N(Cc2ccc(F)cn2)C2CCN(C)CC2)cc1,8.3
CN1CCC(N(Cc2ccc(F)cn2)C(=O)NCc2ccc(OCC(F)(F)F)c(F)c2)CC1,9.79
Cc1nc2n(c(=O)c1CCN1CCN(c3nsc4ccccc34)CC1)CCCC2=O,6.4
CN1CCC(N(Cc2ccc(F)cn2)C(=O)NCc2ccc(OCCCCF)cc2)CC1,32.8
CN1CCC(N(Cc2ccc(F)cn2)C(=O)NCc2ccc3c(c2)CCC(C)(C)O3)CC1,127.0
CN1CCC(N(Cc2ccc(F)cn2)C(=O)NCc2ccc(OCC(F)(F)F)c(Cl)c2)CC1,134.1
CN1CCC(N(Cc2ccc(F)cn2)C(=O)NCc2ccc(OCCF)cc2)CC1,16.4
CN1CCC(N(Cc2ccc(F)cn2)C(=O)NCc2ccc(OCCC(F)F)cc2)CC1,6.54
CN1CCC(N(Cc2ccc(F)cn2)C(=O)NCc2ccc(OCC(C)(C)F)cc2)CC1,9.22
CN1CCC(N(Cc2ccc(F)cn2)C(=O)NCc2ccc(OC(F)(F)C(F)(F)F)cc2)CC1,33.4
CN(C)CCc1cn(CCF)c2cccc(O)c12,188.0
CN1CCC(N(Cc2ccc(F)cn2)C(=O)NCc2ccc3c(c2)CC(C)(C)O3)CC1,3.49
CC(C)c1cc2cc(CNC(=O)N(Cc3ccc(F)cn3)C3CCN(C)CC3)ccc2o1,20.9
CN1CCC(N(Cc2ccc(F)cn2)C(=O)NCc2ccc(OCC(F)(F)F)cc2)CC1,0.54
CN1CCC(N(Cc2ccc(F)cn2)C(=O)NCc2ccc(OCC(F)F)cc2)CC1,2.17
CN1CCC(N(Cc2ccc(F)cn2)C(=O)NCc2ccc(OCCCC(F)F)cc2)CC1,7.59
CN1CCC(N(Cc2ccc(F)cn2)C(=O)NCc2ccc3c(c2)C=CC(C)(C)O3)CC1,33.34
CC(C)COc1ccc(CNC(=O)N(Cc2ccc(F)cc2)C2CC(N(C)C)C2)cc1,138.8
CN(C)CCc1cn(CC2CC2)c2cccc(O)c12,28.0
