smiles,inhibition,activity
Cc1cn2c3c(=O)n(C)c(=O)n(C)c3nc2n1CCCCCN1CCN(c2ccc(Cl)c(Cl)c2)CC1,20.9,0
COc1cccc(C(=O)CCCCCN2CCN(c3ccc(Cl)cc3)CC2)c1,15.0,0
COc1cc2c(cc1O)[C@@H]1Cc3c(CO)c(OC)cc(OC)c3CN1CC2,94.8,1
COc1cc2c(cc1O)[C@@H]1Cc3ccc(OC)c(OC)c3CN1CC2,90.9,1
COc1cc2c(cc1OC)[C@@H]1Cc3ccc(O)c(OC)c3CN1CC2,88.8,1
COc1cccc(C(=O)N(C)CCN2CCN(c3ccc(Cl)cc3)CC2)c1,10.0,0
CCCN(Cc1ccc(F)cc1)[C@@H]1CCc2c(cccc2OC)C1,0.0,0
CS(=O)(=O)c1ccccc1N1CCN(CCCCCC(=O)NC2CCCc3ccccc32)CC1,32.0,0
COc1cc2c(cc1O)[C@@H]1Cc3ccc(O)c(OC)c3CN1CC2,97.5,1
COc1cc2c(cc1O)[C@H]1Cc3ccc(OC)c(O)c3CN1CC2,31.8,0
COc1ccc2c(c1OC)CN1CCc3cc4c(cc3[C@H]1C2)OCO4,26.6,0
OCCN1CCN(CCCN2c3ccccc3Sc3ccc(Cl)cc32)CC1,100.0,1
CC(C)Oc1ccccc1N1CCN(C[C@@H](O)CNC(=O)c2ccc3c(c2)C(=O)N(c2ccc(N(C)C)cc2)C3=O)CC1,71.0,1
Cl.Clc1ccc(N2CCN(CCCCNc3noc(-c4ccccc4)n3)CC2)c(Cl)c1,0.0,0
c1cnc(N2CCN(Cc3cccc4c3oc3ccccc34)CC2)nc1,94.0,1
CC(C)Oc1ccccc1N1CCN(C[C@@H](O)CNC(=O)c2ccc3c(c2)C(=O)N(c2cccc(F)c2)C3=O)CC1,51.0,1
COc1ccccc1-c1nc(NCCCCN2CCN(c3ccc(Cl)cc3Cl)CC2)no1.Cl,5.4,0
N#Cc1cccnc1N1CCN(Cc2ccc(COc3cccc4c3CN(C3CCC(=O)NC3=O)C4=O)cc2)CC1,100.0,1
COc1cccc(CCc2ccccc2OCCCCCN2CCN(c3ccccc3OC)CC2)c1,35.0,0
COc1cccc(CCc2ccccc2OCCCCN2CCc3ccccc3C2)c1,48.0,0
COc1cccc(C(=O)NCCN2CCN(c3cccc4ccccc34)CC2)c1,12.0,0
Cc1cccc(NC(=O)CN2CCC(c3ccccc3)CC2)c1,100.0,1
CCc1cccc(NC(=O)CN2CCN(c3ccccn3)CC2)c1,88.0,1
Cc1cccc(NC(=O)CCN2CCN(c3ncccn3)CC2)c1,94.6,1
CC(O)CNC(=O)/C=C/c1ccc(Cl)cc1,8.7,0
O=C(NC[C@H](O)CO)[C@@H]1C[C@H](c2ccccc2)CCN1,7.5,0
COc1cccc(C(=O)CCCCN2CCN(c3ccc(Cl)cc3)CC2)c1,20.0,0
CN1CCC(c2ccc3c(c2)N(S(=O)(=O)c2ccccc2)CC3)CC1,34.0,0
CCCN1CCC(c2ccc3c(c2)N(S(=O)(=O)c2ccccc2)CC3)CC1,59.0,1
COc1ccc2nc(NC(=O)CCCCN3CCN(c4ccccc4Cl)CC3)sc2c1.Cl,54.5,1
Cl.O=C(CCCCN1CCN(c2ccc(Cl)cc2)CC1)Nc1nc2ccccc2[nH]1,29.9,0
O=C(CCCCN1CCN(c2ccc(Cl)cc2Cl)CC1)Nc1nc2ccccc2s1,15.2,0
CCCN(Cc1ccccc1)[C@@H]1CCc2c(F)cccc2C1,3.5,0
CCCN(CCC)[C@@H]1CCc2c(F)cccc2C1,10.5,0
CCCN(Cc1ccccc1)[C@@H]1CCc2c(F)cccc2C1,0.0,0
CCCN[C@@H]1CCc2c(cccc2OC)C1,0.0,0
Cc1ccc(N2C(=O)c3ccc(C(=O)NCCCN4CCN(c5ccccc5OC(C)C)CC4)cc3C2=O)cc1,83.0,1
CCCN1CCc2cccc3c2C1Cc1cccc(OCc2cn(CCCN4CCN(c5ncccn5)CC4)nn2)c1-3,13.0,0
CCCN1CCc2cccc3c2C1Cc1cccc(OCCCn2cc(CN4CCN(c5ccccc5OC)CC4)nn2)c1-3,51.0,1
O=C(NC1CCN(Cc2ccc(Cl)cc2)CC1)c1ccc2ccccc2c1,15.0,0
O=C(NC1CCN(Cc2ccc(Br)cc2)CC1)c1cccc2ccccc12,4.0,0
CCCN(Cc1ccccc1)[C@@H]1CCc2c(cccc2OC)C1,13.6,0
O=C(N[C@H]1CCN(Cc2cccc(C(F)(F)F)c2)C1)c1ccc(-c2cccs2)cc1,0.0,0
CN(C)CC/C=C1/c2ccccc2COc2ccc(CC(=O)O)cc21,52.0,1
CCN1CCC(C(=O)NC2(C(=O)O)CCN(Cc3cccc(Oc4ccccc4Cl)c3)CC2)(c2ccccc2)CC1,0.0,0
COc1c(C(=O)NCCN2CCN(c3ccc(Cl)cc3)CC2)cc(Br)c2ccccc12,35.0,0
COc1cccc2c1C(NC[C@]1(c3ccccc3)CC[C@H](O)CC1)=NS2(=O)=O,4.0,0
Fc1ccc(CCCCN2CCN(c3ccncc3)CC2)cc1.O=C(O)C(=O)O,50.0,0
CC(=O)Nc1ccccc1N1CCN(CCCCCC(=O)NC2CCCc3ccccc32)CC1,35.0,0
CCCN(Cc1ccc([N+](=O)[O-])cc1)[C@@H]1CCc2c(cccc2OC)C1,0.0,0
O=C(NC1CCN(Cc2cccnc2)CC1)c1ccc2ccccc2c1,4.0,0
Cl.O=C1c2ccccc2C(=O)N1CCCCN1CCN(c2ccc(Cl)cc2)CC1,16.3,0
O=C1c2ccccc2C(=O)N1CCCCN1CCN(c2cccc(Cl)c2)CC1,64.8,1
CCCN(CCC)[C@@H]1CCc2c(cccc2OC)C1,6.6,0
CCCN(Cc1ccc(OC)cc1)[C@@H]1CCc2c(cccc2OC)C1,0.0,0
O=S(=O)(NCCN1CC=C(c2c[nH]c3ccc(Cl)cc23)CC1)c1cccc(Cl)c1,28.0,0
CCCN[C@@H]1CCc2c(cccc2OC)C1,4.9,0
CN(CCCNC(=O)c1ccc(Cl)cc1)CCc1ccccc1,36.0,0
COc1ccc(/C=C2\NC(=O)N(CCCCN3CCN(c4ncccn4)CC3)C2=O)cc1OC,28.0,0
Cc1ccc(CN2CCC(NC(=O)c3cccc4ccccc34)CC2)cc1,13.0,0
CCCN(Cc1ccc(OC)cc1)[C@@H]1CCc2c(cccc2OC)C1,0.0,0
Cc1cc(N2CCOCC2)nc2ccc(NC(=O)COc3ccc(C(F)(F)F)cc3)cc12,43.0,0
CS(=O)(=O)Nc1ccccc1N1CCN(CCCCCC(=O)NC2CCCc3ccccc32)CC1,28.0,0
COc1cccc(C(=O)NCCCCCN2CCN(c3ccc(Cl)cc3)CC2)c1,22.0,0
COc1cc2c(cc1O)[C@@H]1Cc3ccc(O)c(OC)c3CN1CC2,97.5,1
Cl.O=C(CCCCN1CCN(c2ccc(Cl)cc2)CC1)Nc1nc2cc(Cl)ccc2o1,0.0,0
Cl.O=C(CCCCN1CCN(c2ccc(Cl)cc2)CC1)Nc1nc2ccccc2o1,40.9,0
O=C(NCCCCN1CCN(c2ccccc2OCCF)CC1)c1ccc(OCCF)cc1.O=C(O)C(=O)O,73.2,1
O=C(CCCN1CCC(O)(c2ccc(Cl)cc2)CC1)c1ccc(F)cc1,0.0,0
Clc1ccc(Nc2nc(N3CCNCC3)nc3ccccc23)cc1,71.38,1
COc1ccc2c(CN3CCO[C@H](COc4ccccc4)C3)c[nH]c2c1,82.0,1
COc1ccc2c(CN3CCO[C@H](COc4ccccc4)C3)c[nH]c2c1,87.0,1
COc1cccc(CCc2ccccc2OCCN2CCN(c3ccc(F)cc3)CC2)c1,38.0,0
CN1CCN(CC23CC(c4ccccc42)c2ccccc23)CC1,18.0,0
COc1cc2c(cc1O)[C@@H]1Cc3sccc3CN1CC2,95.76,1
COc1cc2c(cc1O)[C@@H]1Cc3sc(CCCCl)cc3CN1CC2,97.19,1
CCCN1CCc2cccc3c2C1Cc1cccc(OCc2cn(CCCN4CCN(c5ccccc5)CC4)nn2)c1-3,6.0,0
CCCN1CCc2cccc3c2C1Cc1cccc(OCc2cn(CCCN4CCN(c5cccc(Cl)c5Cl)CC4)nn2)c1-3,40.49,0
CCOC(=O)N1CCC(CN2CCC3(CC2)CN(C(=O)N(C)C)c2ncccc23)CC1.O=C(O)/C=C/C(=O)O,2.0,0
CN1CCN(Cc2cccc3c2ccn3S(=O)(=O)c2ccccc2Br)CC1,11.08,0
CCCNC(=O)Oc1cccc2c1-c1cccc3c1C(C2)N(CCC)CC3,52.7,1
CCCN1CCc2cccc3c2C1Cc1cccc(OC(=O)CCCCC2CCSS2)c1-3,55.2,1
CCCN1CCc2cccc3c2C1Cc1cccc(CNC(=O)CCCCC2CCSS2)c1-3,9.6,0
O=C1CCc2ccc(OCCCCN3CCN(c4cccc5c4ccn5S(=O)(=O)c4ccccc4)CC3)cc2N1,96.0,1
O=C1CCc2ccc(OCCCCN3CCN(c4cccc5c4ccn5S(=O)(=O)c4ccccc4)CC3)cc2N1,48.0,0
Cc1ccc(N2C(=O)c3ccc(C(=O)NC[C@H](O)CN4CCN(c5ccccc5OC(C)C)CC4)cc3C2=O)cc1,70.0,1
COc1cc2c(c(OC)c1)CN1CCc3cc(OC)cc(OC)c3[C@@H]1C2,81.87,1
COc1cc2c(cc1OC)[C@@H]1Cc3c(CO)c(OC)cc(OC)c3CN1CC2,39.5,0
COc1ccc(/C=C2\NC(=O)N(CCCCN3CCN(c4cccc(Cl)c4Cl)CC3)C2=O)cc1OC,100.0,1
COc1ccc(/C=C2\NC(=O)N(CCCCN3CCN(c4ccccc4OC)CC3)C2=O)cc1OC,23.0,0
COc1ccc(/C=C2\NC(=O)N(CCCCN3CCN(c4ncccn4)CC3)C2=O)cc1OC1CCCC1,0.0,0
COc1ccc2c(c1O)CN1CCc3cc4c(cc3[C@@H]1C2)OCO4,78.0,1
COc1cc2c(cc1O)CCN1Cc3c(ccc(OC)c3OC)C[C@H]21,71.5,1
COc1cc2c(cc1O)[C@@H]1Cc3sc(CC(C)Cl)cc3CN1CC2,100.0,1
Cl.OCCCc1cc(-c2cncc(OC[C@@H]3CCN3)c2)on1,19.8,0
Cn1c(=O)c2c(nc3n(CCCCCN4CCN(c5ccc(Cl)cc5)CC4)c(-c4ccccc4)cn23)n(C)c1=O,75.6,1
O=C(CCCN1CCC(O)(c2ccc(Cl)cc2)CC1)c1ccc(OCCSSCCO)cc1.O=CO,20.0,0
CN1CCN(Cc2cccc3c2c(Br)cn3S(=O)(=O)c2ccccc2)CC1,5.01,0
CCc1cc2c(s1)C[C@H]1c3cc(O)c(OC)cc3CCN1C2,98.5,1
O=C(N[C@H]1CCN(Cc2ccc(C(F)(F)F)cc2)C1)c1ccc(-c2cccs2)cc1,7.0,0
COc1cc2c(cc1O)[C@@H]1Cc3sc(CCCCCl)cc3CN1CC2,100.0,1
O=C(N[C@H]1CCN(Cc2ccc(OC(F)(F)F)cc2)C1)c1ccc(-c2cccs2)cc1,7.0,0
OC1(c2ccc(Cl)c(C(F)(F)F)c2)CCN(CCCCN(c2ccc(F)cc2)c2ccc(F)cc2)CC1,65.8,1
OC1(c2ccc(Cl)c(C(F)(F)F)c2)CCN(CCCC(c2ccccc2)c2ccccc2)CC1,100.0,1
CCCN1[C@H]2COC[C@H]1CC(c1ccccc1OC)C2,4.0,0
CCCN1[C@H]2CC[C@H]1CC(c1ccc(OC)cc1)C2,0.0,0
O=C(N[C@H]1CC[C@H](CCN2CCN(c3nsc4ccccc34)CC2)CC1)c1ccco1,99.0,1
CCCN(Cc1ccccc1)[C@@H]1CCc2c(cccc2OC)C1,0.0,0
CCCN(Cc1ccccc1)[C@@H]1CCc2c(cccc2OC)C1,9.2,0
O=S(=O)(c1ccccc1)N1CCc2c(N3CCN(C4CCC4)CC3)cccc21,60.0,1
COc1ccc2c(c1)C[C@H]1c3cc4c(cc3CCN1C2)OCO4,22.71,0
CCCN1[C@H]2COC[C@H]1CC(c1ccccc1OC)C2,21.0,0
CCCN1[C@H]2CC[C@H]1CC(c1ccccc1OC)C2,0.0,0
CCCN(Cc1cccs1)[C@@H]1CCc2c(cccc2OC)C1,10.9,0
CCCc1ccc(C(=O)NCCCN(C)Cc2ccccc2)cc1,22.0,0
CN(CCCNC(=O)c1ccc(Cl)cc1)Cc1ccccc1,44.0,0
O=C1c2ccccc2C(=O)N1CCCCN1CCN(c2c(F)cccc2F)CC1,10.3,0
Cl.O=C1c2ccccc2C(=O)N1CCCCN1CCN(c2ccc(Cl)cc2Cl)CC1,30.2,0
CCCN(Cc1ccccc1)[C@@H]1CCc2c(cccc2OC)C1,0.0,0
CCCN(Cc1ccccc1)[C@@H]1CCc2c(cccc2OC)C1,0.0,0
CCCN1C[C@H]2OC[C@@H]1C[C@H]2c1ccccc1OC,7.0,0
CCCN1CCN(c2ccccc2OC)CC1,99.0,1
OCCN1CCN(CCCN2c3ccccc3Sc3ccc(Cl)cc32)CC1,99.5,1
O=C(NC1CCCCC1)N1OCC2CSc3ccc(F)cc3C21,8.1,0
Cc1cc(=O)oc2c(Cl)c(OCCCCN3CCC(c4noc5cc(F)ccc45)CC3)ccc12,100.0,1
COc1cccc(CCc2ccccc2OCCCCN2CCN(c3cccc(C(F)(F)F)c3)CC2)c1,27.0,0
COc1cccc(CCc2ccccc2OCCCCCN2CCN(C)CC2)c1,26.0,0
COc1cccc(CCc2ccccc2OCCN2CCc3ccccc3C2)c1,35.0,0
CCCN1[C@H]2CC[C@H]1CC(c1ccccc1OC)C2,29.0,0
CCCN1C[C@H]2OC[C@@H]1C[C@@]2(O)c1ccccc1OC,16.0,0
CCc1cccc(CC)c1Cc1ncc[nH]1,0.0,0
CCCN1CCc2cccc3c2[C@H]1Cc1cccc(NC(=O)CCCCC2CCSS2)c1-3,33.1,0
CCCN1[C@H]2COC[C@H]1CC(c1ccccc1OC)C2,10.0,0
CCCN1C[C@H]2OC[C@@H]1C[C@@H]2c1ccccc1OC,25.0,0
CCCN1[C@@H]2COC[C@H]1CN(c1ccccc1OC)C2,3.0,0
CCCN1[C@H]2COC[C@H]1CC(c1ccccc1OC)C2,22.0,0
COc1ccc(OC)c2c1C[C@H]1c3c(OC)cc(OC)c(CO)c3CCN1C2,0.0,0
CCCN1[C@H]2CC[C@H]1CC(c1cccc(OC)c1)C2,12.0,0
CCCN1[C@H]2CC[C@H]1CC(c1cccc(OC)c1)C2,9.0,0
COc1cc2c(c(OC)c1)CN1CCc3cc(OC)c(O)cc3[C@@H]1C2,83.31,1
COc1cc2c(cc1OC)C1Cc3cc(C)cc(C)c3CN1CC2,77.4,1
CN(CCCNC(=O)c1ccc([N+](=O)[O-])cc1)Cc1ccccc1,15.0,0
CN(C)[C@@H]1c2cc3ccn(S(=O)(=O)c4ccccc4)c3cc2[C@H]1CCO,22.0,0
CC(C)(C(=O)O)N1CCC(C(=O)NC2CCN(Cc3cccc(Oc4ccccc4Cl)c3)CC2)(c2ccccc2)CC1,1.5,0
CN1CCC(c2ccc3c(c2)CCN3S(=O)(=O)c2ccccc2)CC1,14.0,0
Cc1ccccc1CN1CCC(NC(=O)c2ccc3ccccc3c2)CC1,6.0,0
O=C(NC1CCN(Cc2ccccc2Cl)CC1)c1ccc2ccccc2c1,0.0,0
COc1cc2c(cc1OC)[C@H]1Cc3ccc(OC)c(O)c3CN1CC2,1.5,0
COc1cc(N)c(Cl)cc1C(=O)N[C@H]1CCN(CC2CCN(C(=O)C(C)C)CC2)C[C@H]1OC,50.0,0
O=C(O)c1cc(-c2cccc(COc3ccc4c(c3)CN(C3CCCC3)C4=O)c2)ccc1Cl,10.0,0
O=C(c1ccc(F)c(Cl)c1)N1CCC(F)(CNCCOc2ccccn2)CC1,9.5,0
C=C[C@@H]1C[C@]1(NC(=O)[C@@H]1C[C@@H](Oc2cc(-c3csc(NC(=O)C(C)C)n3)nc3c(Br)c(OC)ccc23)CN1C(=O)[C@@H](NC(=O)OC1CCCC1)C(C)(C)C)C(=O)O,1.0,0
CCCN1CCc2cccc3c2C1Cc1cccc(OCCCNCCCO)c1-3,9.0,0
O=C(Nc1cccc(SC(F)(F)F)c1)N1CCC(N2CCC(n3c(=O)[nH]c4ccccc43)CC2)CC1,10.0,0
O=C1CCC(N2Cc3c(OCc4ccc(C(=O)N5CCN(c6ccc(F)cc6F)CC5)cc4)cccc3C2=O)C(=O)N1,0.4,0
O=C1CCC(N2Cc3c(OCc4ccc(C(=O)N5CCN(c6ccc(Cl)cc6)CC5)cc4)cccc3C2=O)C(=O)N1,7.9,0
CCCN1[C@H]2CC[C@H]1CC(O)(c1ccccc1OC)C2,0.0,0
CCCN(Cc1ccc(OC)cc1)[C@@H]1CCc2c(cccc2OC)C1,0.5,0
CCCN(Cc1ccc(F)cc1)[C@@H]1CCc2c(cccc2OC)C1,1.3,0
CC[C@]12CCCN3CCc4c(n(c5ccccc45)[C@@](O)(C(=O)OC)C1)[C@@H]32,0.0,0
CCN1CCC[C@H]1CNC(=O)c1c(O)c(Cl)cc(Cl)c1OC,89.28,1
COc1ccccc1N1CCN(CCCCN2C(=O)NC3(CCCc4ccccc43)C2=O)CC1,91.0,1
CCCN1[C@H]2COC[C@H]1CC(c1ccccc1OC)C2,34.0,0
Clc1ccc(N2CCN(CCCCNc3noc(-c4ccccc4)n3)CC2)c(Cl)c1,19.8,0
Clc1ccc(N2CCN(CCCCNc3noc(-c4ccccc4)n3)CC2)cc1,0.0,0
CCCN(CCCCN1CCN(c2ccccc2F)CC1)c1noc(-c2ccccc2)n1,10.6,0
CC(C)(C)NS(=O)(=O)c1ccc(-c2sc(C(=O)N[C@H]3C[C@H](C(=O)O)C3)nc2CC2CCCCC2)c2ccccc12,19.0,0
O=C(CCCN1CCC(O)(c2ccc(Cl)cc2)CC1)c1ccc(F)cc1,0.0,0
CCCN1C[C@H]2OC[C@@H]1C[C@@]2(O)c1ccccc1OC,4.0,0
CCCN1C[C@H]2OC[C@@H]1C[C@]2(O)c1ccccc1OC,12.0,0
CCCN1C[C@H]2OC[C@@H]1C[C@H]2c1ccccc1OC,4.0,0
CCCN1[C@H]2CC[C@H]1CC(c1ccccc1OC)C2,8.0,0
Cc1cccc(NC(=O)CCN2CCC(c3ccccn3)CC2)c1,72.1,1
CCc1cccc(NC(=O)CN2CCC(c3ccccn3)CC2)c1,96.6,1
OC1(c2ccc(Cl)c(C(F)(F)F)c2)CCN(CCCC(c2ccc(F)cc2)c2ccc(F)cc2)CC1,71.5,1
CC(C)Oc1ccc2[nH]cc(C3=CCN(Cc4ccco4)CC3)c2c1,51.0,1
COc1cccc(C(=O)NCCN2CCN(c3ccc(F)cc3)CC2)c1,13.0,0
CCCCCCCCCCCCNc1nc(C)cc(NCCN(C)C)n1,99.0,1
O=C(CCCCN1CCN(c2cccc(C(F)(F)F)c2)CC1)Nc1nc2ccccc2[nH]1,14.3,0
CCCN(Cc1ccc(F)cc1)[C@@H]1CCc2c(cccc2OC)C1,10.1,0
CCCN(Cc1ccc(F)cc1)[C@@H]1CCc2c(cccc2OC)C1,2.0,0
O=C1c2ccccc2C(=O)N1CCCCN1CCN(c2ccc(Cl)cc2F)CC1,2.8,0
O=S(=O)(c1cncc2ccccc12)N1CCC(CCN2CCN(c3cccc(Cl)c3Cl)CC2)CC1,79.0,1
C[C@H](NC(=O)[C@H]1CCCCN1CCOc1ccccc1)c1ccc(C(=O)O)cc1.Cl,13.0,0
CCCN1[C@@H]2COC[C@H]1CN(c1ccccc1OC)C2,5.0,0
CCCN1[C@H]2CC[C@H]1CC(c1ccccc1OC)C2,19.0,0
CCCN1[C@H]2CC[C@H]1CC(c1ccccc1OC)C2,35.0,0
COc1cc(OC)c2c(c1CO)C[C@H]1c3cc4c(cc3CCN1C2)OCO4,41.75,0
Clc1ccc2c(CN3CCO[C@H](COc4ccccc4)C3)c[nH]c2c1,93.0,1
Fc1ccc2c(CN3CCO[C@H](COc4ccccc4)C3)c[nH]c2c1,76.0,1
O=C(NC1CCN(Cc2cccc(C(F)(F)F)c2)CC1)c1ccc2ccccc2c1,9.0,0
O=S(=O)(c1cccc2ncccc12)N1CCC(CCN2CCN(c3cccc(Cl)c3Cl)CC2)CC1,88.0,1
O=S(=O)(c1ccccc1)N1CCc2cc(N3CCN(C4CCC4)CC3)ccc21,24.0,0
O=C(CCCCN1CCN(c2cccc(C(F)(F)F)c2)CC1)Nc1nc2ccccc2s1,52.3,1
CC(=O)N1[C@@H]2CC[C@H]1C=C(c1cnc(NCc3ccc4c(c3)OCC4)c(C(=O)NC[C@H]3COc4ccccc4O3)c1)C2,7.1,0
CCCN1CCN(c2ccccc2OC)CC1,0.0,0
CCCN1[C@H]2CC[C@H]1CC(c1ccc(OC)c(OC)c1)C2,20.0,0
Cc1ccc(C2CCN(CC(=O)Nc3cccc(C)c3)CC2)nc1,100.0,1
Cc1cccc(NC(=O)CN2CCN(c3ccc(Cl)cn3)CC2)c1,100.0,1
COc1ccc2c(c1OC)-c1c(Br)ccc3c1[C@@H](C2)N(C)CC3,67.4,1
CCN1CCC[C@H]1CNC(=O)c1c(O)c(Cl)cc(Cl)c1OC,95.0,1
CCCN1CCc2cccc3c2C1Cc1cccc(OC(=O)NCC)c1-3,56.7,1
CCCCNC(=O)Oc1cccc2c1-c1cccc3c1C(C2)N(CCC)CC3,53.2,1
CCCNC(=O)Oc1cccc2c1-c1cccc3c1[C@@H](C2)N(CCC)CC3,50.9,1
COc1cc2c(cc1O)[C@@H]1Cc3cc4c(cc3CN1CC2)OCO4,100.0,1
O=C1c2ccccc2C(=O)N1CCCCN1CCN(c2cccc(Cl)c2Cl)CC1,70.3,1
Clc1ccc(-c2nc(NCCCCN3CCN(c4ccc(Cl)cc4Cl)CC3)no2)cc1,15.2,0
Cl.Clc1ccc(-c2nc(NCCCCN3CCN(c4ccc(Cl)cc4Cl)CC3)no2)cc1,40.0,0
CCCN(CCCCN1CCN(c2cccc(C(F)(F)F)c2)CC1)c1noc(-c2ccccc2)n1,17.8,0
CN(C)C1CCc2c(c3ccccc3n2S(=O)(=O)c2cccc(Cl)c2)C1,32.1,0
O=C(NCCN1CCC(O)(c2ccc(Cl)cc2)CC1)NCCN1C(=O)C=CC1=O.O=C(O)C(F)(F)F,70.0,1
CCCN1[C@H]2CC[C@H]1CC(c1ccc(OC)c(OC)c1)C2,11.0,0
CN(C1CCN(CCOc2ccccc2-c2ccccc2)CC1)S(=O)(=O)c1cnn(C)c1,93.0,1
O=S(=O)(c1cncc2ccccc12)N1CCC[C@H]1CCN1CCN(c2cccc3sccc23)CC1,92.0,1
c1ccc2oc(Oc3ccc(OCCN4CCCCC4)cc3)nc2c1,16.0,0
CCCN1[C@H]2CC[C@H]1CC(c1ccc(OC)c(OC)c1)C2,8.0,0
Fc1ccc(CC[C@@H]2CN(Cc3c[nH]c4cc(Cl)ccc34)CCC2(F)F)cc1,51.0,1
COc1cc2c(cc1O)[C@@H]1Cc3sc(CC(C)C)cc3CN1CC2,99.5,1
COc1cc2c(cc1O)[C@@H]1Cc3sc(CC(C)(C)C)cc3CN1CC2,97.04,1
COc1cc2c(cc1O)[C@@H]1Cc3sc(CCCC(C)C)cc3CN1CC2,88.99,1
COc1cc2c(c(OC)c1OC)[C@@H]1Cc3cc4c(cc3CN1CC2)OCO4,70.71,1
Cl.Cl.O=S(=O)(c1ccccc1Br)n1ccc2c(CN3CCNCC3)cccc21,12.8,0
CCOC(=O)N1[C@@H]2CC[C@H]1C[C@H](CN1CC[C@@H](N3Cc4ccccc4NC3=O)C1)C2,13.25,0
Cc1cc(N2CCN(C)CC2)nc2ccc(NC(=O)COc3ccc(C(F)(F)F)cc3)cc12,41.0,0
COc1ccc2nc(NC(=O)CCCCN3CCN(c4ccc(Cl)cc4F)CC3)sc2c1.Cl,2.6,0
COc1ccc2nc(NC(=O)CCCCN3CCN(c4ccc(Cl)cc4)CC3)sc2c1.Cl,12.1,0
CCCN1CCc2cccc3c2C1Cc1cccc(CNC(=O)NCC)c1-3,15.7,0
O=C(CCCN1CCC(O)(c2ccc(Cl)cc2)CC1)c1ccc(F)cc1,97.0,1
O=C(CCCN1CCC(O)(c2ccc(Cl)cc2)CC1)c1ccc(F)cc1,99.0,1
COc1cc2c(cc1OC)[C@H]1Cc3ccc(O)c(OC)c3CN1CC2,3.4,0
COc1ccccc1N1CCN(CCCCNC(=O)c2ccc3ccccc3c2)CC1,30.0,0
COc1ccccc1N1CCN(CCNS(=O)(=O)c2ccc3ccccc3c2)CC1,44.0,0
CCCN(CCCCN1CCN(c2ccccc2F)CC1)c1noc(-c2ccccc2)n1,10.6,0
O=C1c2ccccc2C(=O)N1CCCCN1CCC(n2c(=O)[nH]c3cc(Cl)ccc32)CC1,56.1,1
O=C1c2ccccc2C(=O)N1CCCCN1CCN(c2cccc(C(F)(F)F)c2)CC1,44.0,0
COc1cc2c(cc1O)[C@@H]1Cc3ccc(OC)c(O)c3CN1CC2,93.4,1
COc1cc2c(cc1OC)[C@@H]1Cc3ccc(OC)c(O)c3CN1CC2,22.7,0
COc1ccccc1N1CCN(CCCNC(=O)c2ccc3ccccc3c2)CC1,46.0,0
COc1ccc2nc(NC(=O)CCCCN3CCN(c4ccccc4Cl)CC3)sc2c1,78.8,1
O=C(CCCCN1CCN(c2ccc(Cl)cc2)CC1)Nc1cnc2ccccc2c1,6.5,0
O=C(CCCCN1CCN(c2ccc(Cl)cc2)CC1)Nc1nc2ccc(Cl)cc2s1,11.0,0
CCCC(=O)Nc1cccc2c1-c1cccc3c1[C@@H](C2)N(CCC)CC3,13.5,0
CN(C)CCn1ccc2ccc(C3(O)CCSCC3)cc21,0.0,0
COc1cccc(CCc2ccccc2OCCCCCN2CCN(c3cccc(Cl)c3)CC2)c1,25.0,0
CN(C)CCN(C)c1nc2ccc(NC(=O)COc3ccc(C(F)(F)F)cc3)cc2n1C,19.0,0
O=C1NC2(CCCc3ccccc32)C(=O)N1CCCCN1CCN(c2cccc(Cl)c2)CC1,77.0,1
COc1cccc(C(=O)NCCCCCN2CCN(c3ccc(Cl)cc3)CC2)c1,22.0,0
NCCc1ccc(O)c(O)c1,16.0,0
O=C(CCl)c1c(Br)sc(Cl)c1Cl,31.0,0
CCCN(Cc1ccco1)[C@@H]1CCc2c(cccc2OC)C1,10.6,0
COc1ccc2c(c1OC)-c1ccc(Br)c3c1[C@H](C2)N(C)CC3,76.53,1
CCOC(=O)N1[C@@H]2CC[C@H]1C[C@H](CN1CC[C@@H](N3Cc4ccccc4NC3=O)C1)C2,0.0,0
CCCc1cc2c(s1)C[C@H]1c3cc(O)c(OC)cc3CCN1C2,96.31,1
O=C(NC1CCN(Cc2ccccn2)CC1)c1ccc2ccccc2c1,5.0,0
CCCN1[C@H]2CC[C@H]1CC(O)(c1ccccc1OC)C2,0.0,0
COc1cc2c(cc1OC)[C@H](CCC[C@H]1c3cc(OC)c(OC)cc3CCN1C)N(C)CC2.Cl.Cl,31.0,0
CCCN(CCC)[C@@H]1CCc2c(cccc2OC)C1,2.3,0
CCCN(Cc1ccc([N+](=O)[O-])cc1)[C@@H]1CCc2c(cccc2OC)C1,11.9,0
O=C(CCCN1CCC(O)(c2ccc(Cl)cc2)CC1)c1ccc(F)cc1,0.0,0
Cc1cccc(S(=O)(=O)NCCCCN2CC=C(c3c[nH]c4ccc(F)cc34)CC2)c1,84.0,1
O=S(=O)(NCCN1CC=C(c2c[nH]c3ccc(Cl)cc23)CC1)c1ccc(F)cc1,73.0,1
COc1cc(CCN2CCC(O)(c3ccc(Cl)cc3)CC2)ccc1OCCCSSCCN.O=C(O)C(F)(F)F.O=C(O)C(F)(F)F,60.0,1
O=C(O)C(F)(F)F.[N-]=[N+]=NCCSSCCn1cc(C(=O)CCCN2CCC(O)(c3ccc(Cl)cc3)CC2)nn1,70.0,1
COc1ccc2c(c1)C[C@H]1c3c(OC)cc(OC)c(CO)c3CCN1C2,0.0,0
COc1cc(OC)c2c(c1CO)C[C@H]1c3c(cc(OC)c(OC)c3OC)CCN1C2,47.18,0
COc1cc2c(c(OC)c1)CN1CCc3cc(OC)c(OC)c(OC)c3[C@@H]1C2,51.68,1
COc1cc2c(c(OC)c1)CN1CCc3cc(OC)c(OC)cc3[C@@H]1C2,3.48,0
COc1cc2c(cc1O)[C@@H]1Cc3cc(C)cc(C)c3CN1CC2,90.1,1
CCCN(Cc1cccs1)[C@@H]1CCc2c(cccc2OC)C1,2.0,0
COc1cccc(C(=O)NCCN2CCN(c3cccc(Cl)c3)CC2)c1,24.0,0
COc1cccc2c1CC[C@@H](NCc1ccccc1)C2,15.8,0
COc1cccc(CCc2ccccc2OCCCCN2CCN(c3cccc(Cl)c3)CC2)c1,35.0,0
COc1cccc(CCc2ccccc2OCCCCN2CCc3cc(OC)c(OC)cc3C2)c1,40.0,0
c1ccc(CN2CCN(c3nc4ccsc4n4cccc34)CC2)cc1,5.0,0
CC1(C)CCN(Cc2ccc(COc3cccc4c3CN(C3CCC(=O)NC3=O)C4=O)cc2)CC1,66.0,1
COc1cc2c(cc1O)[C@@H]1Cc3sc(CCC(C)C)cc3CN1CC2,90.45,1
CC1CN(CC[C@H]2CC[C@H](NC(=O)N(C)C)CC2)CCc2ccc(Cl)cc21,54.5,1
CN(CCCNC(=O)c1ccc(C(F)(F)F)cc1)Cc1ccccc1,30.0,0
CN(C)CCOc1cc(-c2cn[nH]c2)ccc1NC(=O)C1COc2ccccc2O1,6.0,0
CCCN(Cc1ccc(OC)cc1)[C@@H]1CCc2c(cccc2OC)C1,5.1,0
CCCN(Cc1cccs1)[C@@H]1CCc2c(cccc2OC)C1,0.6,0
CCCN(Cc1ccc(F)cc1)[C@@H]1CCc2c(cccc2OC)C1,0.0,0
CCOc1ccc2[nH]cc(C3=CCN(Cc4ccco4)CC3)c2c1,62.0,1
COc1cccc2c1CC[C@@H](N(Cc1ccccc1)Cc1ccccc1)C2,14.4,0
COc1cccc2c1CC[C@@H](NCc1ccccc1)C2,0.0,0
COc1cccc2c1CC[C@@H](NCc1ccccc1)C2,13.4,0
COc1cc(CCN2CCC(O)(c3ccc(Cl)cc3)CC2)ccc1OCCSSCCN.O=C(O)C(F)(F)F.O=C(O)C(F)(F)F,70.0,1
Cl.N#Cc1ccc(-c2nc(NCCCCN3CCN(c4ccc(Cl)cc4Cl)CC3)no2)cc1,22.8,0
CN(CCNC(=O)c1ccc(C#N)cc1)Cc1ccccc1,55.0,1
CCCN(Cc1cccs1)[C@@H]1CCc2c(cccc2OC)C1,11.4,0
O=C(CN1CCN(c2ccccn2)CC1)Nc1cncnc1,98.1,1
Fc1ccc2c(CN3CCC(F)(F)[C@H](CCc4ccccc4F)C3)c[nH]c2c1,51.0,1
c1cnc(N2CCN(Cc3ccc4c(c3)Cc3ccccc3-4)CC2)nc1,89.0,1
CCCN(CCC)[C@@H]1CCc2c(cccc2OC)C1,3.4,0
CCCN(CCC)[C@@H]1CCc2c(cccc2OC)C1,3.0,0
Clc1cccc(-c2nc(NCCCCN3CCN(c4ccc(Cl)cc4Cl)CC3)no2)c1,28.3,0
CCCN[C@@H]1CCc2c(cccc2OC)C1,0.0,0
Cl.Clc1cccc(N2CCN(CCCCNc3noc(-c4ccccc4)n3)CC2)c1Cl,42.6,0
Cl.Clc1ccc(N2CCN(CCCCNc3noc(-c4ccccc4Cl)n3)CC2)c(Cl)c1,50.0,0
COc1ccc(-c2nc(NCCCCN3CCN(c4ccc(Cl)cc4Cl)CC3)no2)cc1.Cl,2.9,0
Fc1ccccc1N1CCN(CCCCNc2noc(-c3ccccc3)n2)CC1,69.8,1
Clc1ccc(N2CCN(CCCCNc3noc(-c4ccccn4)n3)CC2)c(Cl)c1,7.8,0
CCCN(Cc1ccco1)[C@@H]1CCc2c(cccc2OC)C1,0.0,0
COc1cccc(CN2CCC(NC(=O)c3cccc4ccccc34)CC2)c1,0.0,0
C[C@@H]1O[C@@H]1P(=O)(O)O,29.0,0
COc1cc2c(cc1O)[C@@H]1Cc3sc(CC4CCC4)cc3CN1CC2,98.68,1
Fc1ccc(OC[C@@H]2CN(Cc3ccc(Cl)cc3)CCO2)cc1,79.0,1
O=C1CCc2ccc(OCCCCN3CCN(c4cccc(Cl)c4Cl)CC3)cc2N1,96.0,1
COc1ccc(N2CCN(CCNC(=O)c3cccc(OC)c3)CC2)cc1,15.0,0
Cc1ccc(N2C(=O)c3ccc(C(=O)NC[C@H](O)CN4CCN(c5ccccc5OC(C)C)CC4)cc3C2=O)cc1,68.0,1
COc1ccc(N2C(=O)c3ccc(C(=O)NCCCN4CCN(c5ccccc5OC(C)C)CC4)cc3C2=O)cc1,83.0,1
COc1cc2c(c(OC)c1)CN1CCc3cc(OC)c(O)cc3[C@@H]1C2,83.8,1
COc1cc2c(cc1OC)[C@H]1Cc3ccc(OC)c(OC)c3CN1CC2,20.5,0
CCCN(Cc1ccc([N+](=O)[O-])cc1)[C@@H]1CCc2c(cccc2OC)C1,3.7,0
CCCN(Cc1ccc([N+](=O)[O-])cc1)[C@@H]1CCc2c(cccc2OC)C1,13.9,0
Clc1cccc(N2CCN(CCCCNc3noc(-c4ccccc4)n3)CC2)c1Cl,4.9,0
COc1ccc2c(c1)C[C@H]1c3cc(O)c(OC)cc3CCN1C2,90.0,1
COc1ccc2c(c1O)CN1CCc3cc4c(cc3[C@H]1C2)OCO4,20.4,0
Cl.Clc1ccc(N2CCN(CCCCNc3noc(-c4ccccn4)n3)CC2)c(Cl)c1,17.9,0
COc1cccc(C(=O)NCCN2CCN(c3ccccc3)CC2)c1,26.0,0
O=C(O)C(F)(F)F.[N-]=[N+]=NCCSSCCn1cc(C(=O)CCCN2CCC(O)(c3ccc(Cl)cc3)CC2)nn1,60.0,1
COc1cc(CCN2CCC(O)(c3ccc(Cl)cc3)CC2)ccc1OCCSSCCN.O=C(O)C(F)(F)F.O=C(O)C(F)(F)F,60.0,1
COc1cc(CCN2CCC(O)(c3ccc(Cl)cc3)CC2)ccc1OCCCSSCCN.O=C(O)C(F)(F)F.O=C(O)C(F)(F)F,70.0,1
c1cnc(N2CCN(CC3c4ccccc4-c4ccccc43)CC2)nc1,100.0,1
O=C(NCCCCN1CCN(c2cccc(C(F)(F)F)c2)CC1)c1cn2ccccc2n1,32.0,0
CCCN1[C@H]2CC[C@H]1CC(c1ccccc1OC)C2,14.0,0
CCCN1CCC(c2ccccc2OC)CC1,0.0,0
CCCN1C[C@H]2OC[C@@H]1C[C@@H]2c1ccccc1OC,16.0,0
COc1cccc(CCc2ccccc2OCCCCCN2CCc3cc(OC)c(OC)cc3C2)c1,18.0,0
COc1ccc(CN2CCC(NC(=O)c3cccc4ccccc34)CC2)cc1,3.0,0
COc1cccc(C(=O)NCCN2CCN(c3ccccn3)CC2)c1,35.0,0
O=C1CCC(N2Cc3c(OCc4ccc(CN5CCN(c6ccc(F)cn6)CC5)cc4)cccc3C2=O)C(=O)N1,90.8,1
Cl.NCc1ccc(OCc2ccc(F)cc2)cc1,0.0,0
COc1ccc2[nH]cc(CN3CCC(F)(F)C(CCc4ccccc4)C3)c2c1,52.0,1
Fc1ccc(CC[C@@H]2CN(Cc3c[nH]c4cc(F)ccc34)CCC2(F)F)cc1,53.0,1
COc1cc2c(cc1O)CCN1Cc3c(ccc(O)c3OC)C[C@@H]21,94.2,1
COc1ccc2c(c1OC)CN1CCc3cc4c(cc3[C@@H]1C2)OCO4,88.7,1
COc1cc2c(cc1O)CCN1Cc3c(ccc(OC)c3O)C[C@@H]21,79.8,1
COc1cc2c(cc1O)[C@H]1Cc3ccc(O)c(OC)c3CN1CC2,53.7,1
O=C(NC1CCN(Cc2cccc(Cl)c2)CC1)c1cccc2ccccc12,0.0,0
Cc1ccccc1CN1CCC(NC(=O)c2cccc3ccccc23)CC1,9.0,0
c1ccc(OC[C@@H]2CN(Cc3ccc4[nH]ccc4c3)CCO2)cc1,64.0,1
CN1CCN(Cc2cccc3c2ccn3S(=O)(=O)c2ccccc2)CC1,7.26,0
CCC(CO)NC(=O)/C=C/c1ccc(Cl)cc1,1.8,0
COc1ccccc1N1CCN(CCCCNC(=O)c2ccc(OCCOCCOCCF)cc2)CC1.O=C(O)C(=O)O,63.8,1
O=C(NC/C=C/CN1CCN(c2ccccc2OCCF)CC1)c1ccc(-c2ccsc2)cc1.O=C(O)C(=O)O,21.2,0
COc1ccc(/C=C2\NC(=O)N(CCCN3CCN(c4cccc(Cl)c4Cl)CC3)C2=O)cc1OC,99.0,1
COc1ccc(/C=C2\NC(=O)N(CCCCN3CCN(c4cccc(Cl)c4Cl)CC3)C2=O)cc1OC1CCCC1,70.0,1
CCN(CC)CCNC(=O)c1ccc(NC(=O)Nc2ccc(OC(F)(F)F)cc2)cc1OC,79.0,1
COc1ccc(C(=O)O)cc1OCCCCOc1ccc(C(=O)CC(C)(C)C)c(O)c1C,1.0,0
Cl.NCc1ccc(OCc2cccc(Cl)c2)cc1,0.0,0
O=C(CCCCN1CCN(c2ccccc2F)CC1)Nc1nc2ccccc2s1,17.0,0
COc1ccc2c(c1)C(=O)N(c1nc(C(=O)Nc3cnccc3N3CCNCC3)cs1)C2,16.9,0
CN(C)C1CCc2c(c3ccccc3n2S(=O)(=O)c2cccc(C(F)(F)F)c2)C1,60.4,1
CN(C)C1CCc2c(c3cc(Br)ccc3n2S(=O)(=O)c2ccccc2)C1,67.39,1
CN(C)C1CCc2c(c3ccccc3n2S(=O)(=O)c2cccc(C(F)(F)F)c2)C1,16.26,0
COc1cc(N)c(Cl)cc1C(=O)N[C@H]1CCN(CC2CCN(C(=O)C(C)C)CC2)C[C@H]1OC,50.0,0
CN1CCC2C(C1)c1cccc3c1N2c1ccccc1CS3,0.0,0
COc1cc2c(cc1O)[C@H]1Cc3ccc(OC)c(OC)c3CN1CC2,90.5,1
COc1c(O)ccc2c1CN1CCc3cc4c(cc3[C@H]1C2)OCO4,40.5,0
COc1cc2c(cc1O)CCN1Cc3c(ccc(O)c3OC)C[C@H]21,27.7,0
Cl.NCc1ccc(OCc2ccccc2F)cc1,7.4,0
Cl.NCc1ccc(OCc2ccccc2)cc1,12.4,0
O[C@@H](c1cc(C(F)(F)F)nc2c(C(F)(F)F)cccc12)[C@H]1CCCCN1,90.0,1
Cl.NCc1ccc(OCc2ccc(OC(F)(F)F)cc2)cc1,5.3,0
O=C1CCC(N2Cc3c(OCc4ccc(CN5CCN(c6ccc(F)cc6F)CC5)cc4)cccc3C2=O)C(=O)N1,99.1,1
CC[C@]12CCCN3CC[C@]4(C(=O)c5ccccc5N4C(=O)C1)[C@@H]32,0.0,0
O=C(CCCN1CCC(O)(c2ccc(Cl)cc2)CC1)c1ccc(F)cc1,100.0,1
CN1CCN2c3c(cccc31)[C@@H]1CN(CCCC(=O)c3ccc(F)cc3)CC[C@@H]12.Cc1ccc(S(=O)(=O)O)cc1,100.0,1
CCN1CCCC1CNC(=O)c1cc(S(=O)(=O)CC)c(N)cc1OC,100.0,1
Fc1ccc2c(CN3CCC(F)(F)[C@@H](CCc4ccccc4F)C3)c[nH]c2c1,57.0,1
COc1ccccc1-c1nc(NCCCCN2CCN(c3ccc(Cl)cc3Cl)CC2)no1,5.6,0
OCCN1CCN(c2nc(Nc3ccc(Cl)cc3)c3ccccc3n2)CC1,53.01,1
CC(C)c1ccc(Nc2nc(N3CCNCC3)nc3ccccc23)cc1,13.96,0
Cc1cccc(S(=O)(=O)NCCCCN2CC=C(c3c[nH]c4ccc(Cl)cc34)CC2)c1,94.0,1
O=S(=O)(NCCCCN1CC=C(c2c[nH]c3ccc(Cl)cc23)CC1)c1ccc(F)cc1,92.0,1
OC1(c2ccc(Cl)c(C(F)(F)F)c2)CCN(CCCC=C(c2ccc(F)cc2)c2ccc(F)cc2)CC1,87.3,1
COc1ccccc1C1CCN(CCCCN2C(=O)c3ccccc3C2=O)CC1,92.2,1
O=C1c2ccccc2C(=O)N1CCCCN1CCN(c2cc(C(F)(F)F)ccc2F)CC1,0.0,0
Clc1ccc2c(CN3CCO[C@H](COc4ccccc4)C3)c[nH]c2c1,94.0,1
COc1ccc(CN2CCO[C@H](COc3ccc(F)cc3)C2)cc1,88.0,1
COc1ccc(CN2CCO[C@H](COc3ccccc3)C2)cc1F,76.0,1
c1ccc(OC[C@@H]2CN(Cc3ccc4[nH]ccc4c3)CCO2)cc1,64.0,1
CCCN1CCC(c2ccc3c(c2)CN(S(=O)(=O)c2ccccc2)C3)CC1,16.0,0
O=S(=O)(c1ccccc1)N1Cc2ccc(N3CCNCC3)cc2C1,14.0,0
O=S(=O)(c1ccccc1)N1Cc2ccc(N3CCN(C4CCC4)CC3)cc2C1,1.0,0
COc1ccccc1N1CCN(CCCCNC(=O)c2ccc(N(C)C)cc2)CC1,33.5,0
COc1cc2c(c(OC)c1)CN1CCc3cc(OC)c(O)c(OC)c3[C@@H]1C2,58.82,1
Cl.Clc1cccc(-c2nc(NCCCCN3CCN(c4ccc(Cl)cc4Cl)CC3)no2)c1,40.4,0
CCCN(CCCCN1CCN(c2ccc(Cl)cc2Cl)CC1)c1noc(-c2ccccc2)n1,0.0,0
CCCN1CCC[C@@H]2Cc3[nH]ncc3C[C@H]21,100.0,1
Cc1ccc(CN2CCC(NC(=O)c3ccc4ccccc4c3)CC2)cc1,42.0,0
Cc1cccc(CN2CCC(NC(=O)c3ccc4ccccc4c3)CC2)c1,20.0,0
O=C(c1ccc(OCCN2CCCCC2)cc1)c1c(-c2ccc(O)cc2)sc2cc(O)ccc12,88.0,1
Nc1nc2[nH]cnc2c(=S)[nH]1,21.0,0
Cc1ccc(-c2cc(C(F)(F)F)nn2-c2ccc(S(N)(=O)=O)cc2)cc1,96.0,1
CN[C@H]1c2cc3ccn(S(=O)(=O)c4ccccc4)c3cc2[C@H]1CCO,30.0,0
COc1ccc(CCN2CCN(CCCc3ccccc3)CC2)cc1OC,50.0,0
COc1ccc(/C=C2\NC(=O)N(CCCN3CCN(c4cccc(Cl)c4Cl)CC3)C2=O)cc1OC1CCCC1,60.0,1
COc1ccc(/C=C2\NC(=O)N(CCCCN3CCN(c4ncccn4)CC3)C2=O)cc1OC,34.0,0
COc1ccc(/C=C2\NC(=O)N(CCCCN3CCN(c4cccc(Cl)c4Cl)CC3)C2=O)cc1OC1CCCC1,0.0,0
COc1cc2c(c(OC)c1)CN1CCc3cc4c(cc3[C@@H]1C2)OCO4,1.02,0
CCCN1C[C@H]2OC[C@@H]1C[C@]2(O)c1ccccc1OC,3.0,0
CCOC(=O)N1CCC(C)(CN2CCC3(CC2)CN(S(C)(=O)=O)c2ncccc23)CC1,0.0,0
CN(C)c1ccc(C(=O)NCCCCN2CCN(c3ccccc3OCCF)CC2)cc1.O=C(O)C(=O)O,66.3,1
OC(CCN1CC=C(Cc2ccccc2)CC1)c1cc2ccccc2s1,10.8,0
C#CCOc1cccc2c1-c1cccc3c1C(C2)N(CCC)CC3,28.0,0
Clc1ccc(Nc2nc(N3CCOCC3)nc3ccccc23)cc1,0.0,0
CCCN1C[C@H]2OC[C@@H]1C[C@H]2c1ccccc1OC,0.0,0
CC(C)Oc1ccccc1N1CCN(C[C@@H](O)CNC(=O)c2ccc3c(c2)C(=O)N(c2ccc(N(C)C)cc2)C3=O)CC1,71.0,1
COc1ccc2c(c1OC)-c1ccc(Br)c3c1[C@@H](C2)N(C)CC3,53.88,1
CN(C(=O)c1ccc(-c2ccsc2)cc1)[C@H]1CCN(Cc2ccccc2)C1,7.4,0
CC[C@@]1(CC(=O)OC)CCCN2CC[C@]3(O)C(=Nc4ccccc43)[C@@H]21,0.0,0
CCOC(=O)N1[C@@H]2CC[C@H]1C[C@H](CN1CC[C@@H](N3Cc4ccccc4NC3=O)C1)C2,13.0,0
COc1cc2c(cc1O)[C@@H]1Cc3sc(CC4CC4)cc3CN1CC2,99.03,1
CN(C)C1CCc2c(c3ccccc3n2S(=O)(=O)c2cccc(Cl)c2)C1,15.31,0
CN(C)C1CCc2c(c3cc(Br)ccc3n2S(=O)(=O)c2ccccc2)C1,16.45,0
O=S(=O)(c1cncc2ccccc12)N1CCC[C@H]1CCN1CCN(c2cccc3sccc23)CC1,100.0,1
Cc1ccc(S(=O)(=O)NCCCN2c3ccccc3Sc3ccc(Cl)cc32)cc1,14.0,0
OC(CCN1CC=C(Cc2ccccc2)CC1)c1csc2ccccc12,4.3,0
CN1CCc2ccc(OCCCN3CCC(c4noc5cc(F)ccc45)CC3)cc2C1=O,99.9,1
Cn1ncc2c1CC(CN1CCC(c3noc4cc(F)ccc34)CC1)CC2=O,10.9,0
CCCN1C[C@H]2OC[C@@H]1C[C@]2(O)c1ccccc1OC,16.0,0
CCCN[C@@H]1CCc2c(cccc2OC)C1,0.0,0
CCCN(Cc1ccc(F)cc1)[C@@H]1CCc2c(cccc2OC)C1,12.3,0
O=C(CCCN1CCC(O)(c2ccc(Cl)cc2)CC1)c1ccc(F)cc1,0.0,0
COc1cc(OC)c2c(c1CO)CCN1Cc3cc4c(cc3C[C@@H]21)OCO4,0.0,0
O=C(CCCN1CCC2(CC1)C(=O)NCN2c1ccccc1)c1ccc(F)cc1,0.0,0
Cc1cc(N2CCN(C)CC2)nc2ccc(NC(=O)COc3cccc(Cl)c3Cl)cc12,35.0,0
Clc1ccc(N2CCN(CCCCNc3noc(-c4ccc(Br)cc4)n3)CC2)c(Cl)c1,12.7,0
Clc1cc(Cl)cc(CNc2ncncc2-c2ccc3c(c2)OCO3)c1,8.0,0
CCCN[C@@H]1CCc2c(cccc2OC)C1,11.2,0
CCCN(Cc1ccc([N+](=O)[O-])cc1)[C@@H]1CCc2c(cccc2OC)C1,0.9,0
CCCN(Cc1ccc([N+](=O)[O-])cc1)[C@@H]1CCc2c(cccc2OC)C1,10.7,0
c1cnc(N2CCN(Cc3cccc4c3sc3ccccc34)CC2)nc1,97.0,1
CN1CCN(C)/C(=N/c2ccc([N+](=O)[O-])cc2C(=O)Nc2ccccc2)C1,9.08,0
Cc1ccc2nc(-c3ccc(OCCCN4CCN(c5cccc(Cl)c5Cl)CC4)cc3)cn2c1,31.0,0
O=C(NCCCCN1CCN(c2ccnc3ccccc23)CC1)c1cn2ccccc2n1,1.4,0
Fc1ccccc1CCC1CN(Cc2c[nH]c3cc(Cl)ccc23)CCC1(F)F,57.0,1
CCCN1CCc2cccc3c2C1Cc1cccc(OCc2cn(CCN4CCN(c5ccccc5OC)CC4)nn2)c1-3,19.0,0
O=C(NC1CCN(Cc2ccncc2)CC1)c1ccc2ccccc2c1,5.0,0
O=C(NC1CCN(Cc2ccc(C(F)(F)F)cc2)CC1)c1ccc2ccccc2c1,0.0,0
O=C(NC1CCN(Cc2ccccc2Br)CC1)c1ccc2ccccc2c1,0.0,0
Cc1cccc(CN2CCC(NC(=O)c3cccc4ccccc34)CC2)c1,11.0,0
Cc1ccc(-c2cccc(CO)c2)nc1C(=O)Nc1c(C)ccc(C(=O)O)c1C,0.0,0
CC(C)(C)c1nc(N2CCN(CCCCNC(=O)c3nc4ccccc4[nH]3)CC2)cc(C(F)(F)F)n1,5.6,0
COc1ccc2cc(C(O)CCN3CC=C(Cc4ccccc4)CC3)ccc2c1Cl,0.0,0
Cc1cccc(C)c1OCCOCCN[C@H](C)CO.Cl,12.0,0
O=C1CCc2ccc(OCCCCN3CCN(c4cccc5c4ccn5Cc4cccc(F)c4)CC3)cc2N1,99.0,1
O=C1CCc2ccc(OCCCCN3CCN(c4cccc5c4ccn5Cc4ccccc4)CC3)cc2N1,97.0,1
O=C(CCl)c1cscc1Cl,13.0,0
COc1ccc(CN2CCC(NC(=O)c3ccc4ccccc4c3)CC2)cc1,18.0,0
O=C(NC1CCN(Cc2c(F)c(F)c(F)c(F)c2F)CC1)c1cccc2ccccc12,0.0,0
O=C(NC1CCN(Cc2ccc(C(F)(F)F)cc2)CC1)c1cccc2ccccc12,0.0,0
COc1cc(C)c(S(=O)(=O)N(C)CCOCC(=O)N2CCN(C3CCN(C)CC3)CC2)c(C)c1,4.0,0
OCC[C@H]1C[C@@H]1c1cncc(OC[C@@H]2CCN2)c1,0.0,0
O=C(O)c1cc(-c2cccc(COc3ccc4c(=O)n(C5CCCC5)sc4c3)c2)ccc1Cl,2.0,0
CCOc1ccccc1OCCN[C@H](C)Cc1ccc(OC)c(S(N)(=O)=O)c1,53.0,1
COc1cccc(CCc2ccccc2OCCN2CCc3cc(OC)c(OC)cc3C2)c1,12.0,0
CN(C)[C@H]1c2cc3c(ccn3S(=O)(=O)c3ccccc3)cc2[C@@H]1CCO,19.0,0
COc1cccc(C(=O)NCCN2CCN(c3cc(C)ccn3)CC2)c1.Cl.Cl,26.0,0
O=C(CCCN1CCC(O)(c2ccc(Cl)cc2)CC1)c1ccc(F)cc1,0.0,0
CC(C)Oc1ccccc1N1CCN(CCCNC(=O)c2ccc3c(c2)C(=O)N(c2cccc(F)c2)C3=O)CC1,90.0,1
O=C(CCCN1CCC2(CC1)C(=O)NCN2c1ccccc1)c1ccc(F)cc1,100.0,1
COc1cc2c(cc1O)CCN1Cc3c(ccc(OC)c3O)C[C@H]21,8.16,0
CCc1cccc2c3c([nH]c12)C(CC)(CC(=O)O)OCC3,13.0,0
CC(N)C12CC3CC(CC(C3)C1)C2,41.0,0
COc1ccc2c(c1)C[C@H]1c3cc(OCc4ccccc4)c(OC)cc3CCN1C2,35.99,0
CCCN(CCC)[C@@H]1CCc2c(cccc2OC)C1,10.0,0
CCCN(CCC)[C@@H]1CCc2c(cccc2OC)C1,2.9,0
CCCN(Cc1ccc(OC)cc1)[C@@H]1CCc2c(cccc2OC)C1,1.4,0
O=C1CCc2ccc(OCCCCN3CCN(c4cccc5c4ccn5Cc4cccc(F)c4)CC3)cc2N1,58.0,1
CC(C)(C)c1ccccc1N1CCN(CCCCCC(=O)NC2CCCc3ccccc32)CC1,38.0,0
O=C(CCCN1CCC(O)(c2ccc(Cl)cc2)CC1)c1ccc(F)cc1,0.0,0
CCCN(Cc1cccs1)[C@@H]1CCc2c(cccc2OC)C1,0.0,0
O=C1CCc2ccc(OCCCCN3CCN(c4cccc5c4ccn5Cc4cccc(Cl)c4)CC3)cc2N1,37.0,0
COc1cccc2c1CC[C@@H](NCc1ccccc1)C2,13.0,0
CCCN(Cc1ccccc1)[C@@H]1CCc2c(F)cccc2C1,4.3,0
CC(C)Oc1ccccc1N1CCN(CCCNC(=O)c2ccc3c(c2)C(=O)N(c2cccc(F)c2)C3=O)CC1,89.0,1
CCCN(Cc1ccc(OC)cc1)[C@@H]1CCc2c(cccc2OC)C1,10.8,0
CN(CCCNC(=O)c1cccc(Br)c1)Cc1ccccc1,49.0,0
COc1cccc(C(=O)NCCCN(C)Cc2ccccc2)c1,22.0,0
CN(CCNC(=O)c1ccc([N+](=O)[O-])cc1)Cc1ccccc1,30.0,0
CN(C)CCC(c1ccc(Cl)c(Cl)c1)N1CCOCC1,4.0,0
COc1ccc(CN2CCO[C@H](COc3ccc(F)cc3)C2)cc1,82.0,1
COc1cc2c(cc1OC)[C@@H]1Cc3ccc(OC)c(OC)c3CN1CC2,85.4,1
COc1c(O)ccc2c1CN1CCc3cc4c(cc3[C@@H]1C2)OCCO4,73.1,1
COc1c(O)ccc2c1CN1CCc3cc4c(cc3[C@@H]1C2)OCC4,63.9,1
COc1cc2c(cc1O)CCN1Cc3c(ccc(OC)c3OC)C[C@@H]21,63.2,1
NC(=O)c1ccccc1N1CCN(CCCCCC(=O)NC2CCCc3ccccc32)CC1,32.0,0
O=C(NCCCCN1CCN(c2ncnc3ccccc23)CC1)c1cn2ccccc2n1,19.0,0
O=S(=O)(c1cccc2ccccc12)n1ccc2ccc(N3CCN4CCCC4C3)cc21,7.0,0
O=C1CCc2ccc(OCCCCN3CCN(c4cccc5c4ccn5Cc4ccccc4)CC3)cc2N1,45.0,0
COc1c(O)ccc2c1CN1CCc3cc4c(cc3[C@@H]1C2)OCO4,92.8,1
O=C(NCCCCN1CCN(c2ccccc2OCCF)CC1)c1ccc(-c2ccsc2)cc1.O=C(O)C(=O)O,29.3,0
CNC(=O)OCC[C@H]1C[C@@H]1c1cncc(OC[C@@H]2CCN2)c1,0.7,0
CN1CCN(Cc2cccc3c2c(Cl)cn3S(=O)(=O)c2cccc(Cl)c2)CC1,12.93,0
CCCN(Cc1ccco1)[C@@H]1CCc2c(cccc2OC)C1,0.0,0
O=[N+]([O-])c1ccc(S(=O)(=O)N2CCC(CN3CCC(c4noc5cc(F)ccc45)CC3)CC2)cc1,100.0,1
CC(=O)c1ccc(OCc2ccc(Oc3cc(-c4nn[nH]n4)ccn3)cc2)c(C)c1O,0.0,0
COc1cc2c(cc1O)[C@@H]1Cc3sc(CCCl)cc3CN1CC2,98.37,1
Cn1c(=O)c2c(nc3n(CCCCCN4CCN(c5ccccc5O)CC4)c(-c4ccccc4)cn23)n(C)c1=O,12.2,0
CN(C)CCCN1c2ccccc2CCc2ccc(Cl)cc21,92.0,1
CN(C)CCC=C1c2ccccc2C=Cc2ccccc21,95.0,1
CCOc1cccc(NC(=O)c2ccc(N3CCCC3)c(C(F)(F)F)c2)c1,9.0,0
O=C1CCc2ccc(OCCCCN3CCN(c4cccc5c4ccn5Cc4cccc(Cl)c4)CC3)cc2N1,99.0,1
Cl.NCc1ccc(OCc2cccc(OC(F)(F)F)c2)cc1,0.0,0
O=C(NCCCCN1CCN(c2cccc(Cl)c2Cl)CC1)c1cn2ccccc2n1,45.0,0
O=C(NC/C=C/CN1CCN(c2ccccc2OCCF)CC1)c1ccc(CCF)cc1.O=C(O)C(=O)O,65.8,1
COc1ccccc1N1CCN(CCCCNC(=O)c2ccc(CCF)cc2)CC1,35.3,0
COc1ccccc1N1CCN(CCCCCN2Cc3ccc4ccccc4c3C2=O)CC1,74.0,1
COc1ccccc1N1CCN(CCCCCN2Cc3ccc4ccccc4c3C2=O)CC1,90.0,1
CN1CCC2C(C1)c1cccc3c1N2c1ccccc1CS3,95.0,1
O=C1c2c(O)ccc(O)c2C(=O)c2c(NCCNCCO)ccc(NCCNCCO)c21,81.0,1
CCCCCCCOc1ccc(NC(=O)Oc2cccc(N3CCNCC3)c2)cc1,9.0,0
C[C@H]1[C@@H](c2ccccc2)CC(=O)N1CC(N)=O,5.0,0
COCC[C@H]1C[C@@H]1c1cncc(OC[C@@H]2CCN2)c1,0.0,0
Cc1cc(NC(C)C)nc2ccc(NC(=O)COc3ccc(C(F)(F)F)cc3)cc12,2.0,0
Cc1cc(N2CCCC2)nc2ccc(NC(=O)COc3ccc(C(F)(F)F)cc3)cc12,7.0,0
Cc1cc(N2CCN(C)CC2)nc2ccc(NC(=O)COc3ccc(Cl)cc3)cc12,35.0,0
Nc1ccc(S(=O)(=O)n2cc(C3CCNCC3)c3ccc(Cl)cc32)cc1,10.0,0
COc1cccc(C(=O)NCCN2CCN(c3ccccc3Cl)CC2)c1,19.0,0
COc1ccc(N2C(=O)c3ccc(C(=O)NCCCN4CCN(c5ccccc5OC(C)C)CC4)cc3C2=O)cc1,87.0,1
c1ccc(CN2CCN(c3nc4ccsc4n4cccc34)CC2)cc1,86.0,1
COc1ccc2c(CN3CCC(F)(F)[C@H](CCc4cccc(F)c4)C3)c[nH]c2c1,53.0,1
Cc1ccc(N2C(=O)c3ccc(C(=O)NCCCN4CCN(c5ccccc5OC(C)C)CC4)cc3C2=O)cc1,94.0,1
COc1ccc2c(CN3CCC(F)(F)[C@H](CCc4ccc(F)cc4)C3)c[nH]c2c1,67.0,1
Cl.O=C(CCCCN1CCN(c2ccccc2F)CC1)Nc1nc2ccccc2s1,48.8,0
N=C(Nc1ccc2c(c1)CCN2C1CCNCC1)c1cccs1,18.0,0
CCC(=O)N[C@H]1CC[C@@H](C(=O)N(C)c2ccc(-c3nc4ccccc4o3)cc2)C1,5.0,0
COc1cccc(CCc2ccccc2OCCN2CCN(c3cccc(C(F)(F)F)c3)CC2)c1,31.0,0
COc1cccc(CCc2ccccc2OCCCCCN2CCc3ccccc3C2)c1,16.0,0
COc1cccc(CCc2ccccc2OCCCN2CCc3cc(OC)c(OC)cc3C2)c1,35.0,0
CCCCc1cc2c(s1)C[C@H]1c3cc(O)c(OC)cc3CCN1C2,99.53,1
CCCCCc1cc2c(s1)C[C@H]1c3cc(O)c(OC)cc3CCN1C2,100.0,1
CCC(C)Cc1cc2c(s1)C[C@H]1c3cc(O)c(OC)cc3CCN1C2,100.0,1
CCCN[C@@H]1CCc2c(cccc2OC)C1,14.2,0
COc1ccc2nc(NC(=O)CCCCN3CCN(c4ccc(Cl)cc4F)CC3)sc2c1,3.1,0
COc1cc(N)c(Cl)cc1C(=O)NCC1CN(Cc2ccccc2)CCO1,4.0,0
O=C(CCCCCN1CCN(c2ccccn2)CC1)NC1CCCc2ccccc21,15.0,0
CC(C)(C)c1nc(N2CCN(CCCCNC(=O)c3cn4ccccc4n3)CC2)cc(C(F)(F)F)n1,0.0,0
CC(C)(C)c1nc(N2CCN(CCCCNC(=O)c3cn4cccnc4n3)CC2)cc(C(F)(F)F)n1,9.2,0
CCCN(Cc1cccs1)[C@@H]1CCc2c(cccc2OC)C1,14.3,0
O=C(CCCN1CCC(O)(c2ccc(Cl)cc2)CC1)c1ccc(F)cc1,0.0,0
CCOC(=O)N1CCC(NS(=O)(=O)c2ccc(NC(=O)c3ccccc3C)c3ccccc23)CC1,0.0,0
FC(F)(F)c1cccc(N2CCN(CCCCNc3noc(-c4ccccc4)n3)CC2)c1,31.1,0
COc1ccc(-c2nc(NCCCCN3CCN(c4ccc(Cl)cc4Cl)CC3)no2)cc1,33.4,0
COc1cccc(-c2nc(NCCCCN3CCN(c4ccc(Cl)cc4Cl)CC3)no2)c1.Cl,2.4,0
O=C1CCc2ccc(OCCCCN3CCN(c4cccc5c4ccn5Cc4cccc(F)c4)CC3)cc2N1,39.0,0
Cl.NCc1ccc(OCc2cccc(F)c2)cc1,3.2,0
CN1CCN(C(=O)C23CC(c4ccccc42)c2ccccc23)CC1,0.0,0
CCCN(Cc1ccco1)[C@@H]1CCc2c(cccc2OC)C1,0.0,0
CCCN1CCc2cccc3c2C1Cc1cccc(OCCCn2cc(CCCN4CCN(c5ccccc5OC)CC4)nn2)c1-3,18.0,0
COc1ccccc1N1CCN(CCCCNC(=O)c2ccc(OCCF)cc2)CC1.O=C(O)C(=O)O,58.6,1
Cl.O=C(CCCCN1CCN(c2ccc(Cl)cc2)CC1)Nc1nc2ccc(Cl)cc2s1,7.0,0
O=C(CCCCN1CCC(O)(c2ccc(Cl)cc2)CC1)Nc1nc2ccccc2s1,24.8,0
Cl.O=C(CCCCN1CCN(c2cccc(C(F)(F)F)c2)CC1)Nc1nc2ccccc2s1,2.6,0
CCCN1[C@H]2CC[C@H]1CC(c1ccccc1OC)C2,22.0,0
CCCN1C[C@H]2OC[C@@H]1C[C@@]2(O)c1ccccc1OC,4.0,0
CCCN1[C@@H]2COC[C@H]1CN(c1ccccc1OC)C2,9.0,0
CCCN1[C@H]2CC[C@H]1CC(c1cc(OC)c(OC)c(OC)c1)C2,12.0,0
CCCN1[C@H]2COC[C@H]1CC(c1ccccc1OC)C2,30.0,0
CCCN1[C@H]2CC[C@H]1CC(c1cc(OC)c(OC)c(OC)c1)C2,0.0,0
CCCN1[C@H]2CC[C@H]1CC(c1ccc(OC)c(OC)c1)C2,6.0,0
CCCN1CCC(c2ccccc2OC)CC1,52.0,1
O=C1CC(CN2CCC(C(=O)c3ccc(F)cc3)CC2)Cc2nc(N3CCCC3)sc21,30.0,0
OC1(c2ccc(Cl)c(C(F)(F)F)c2)CCN(CCCN(c2ccc(F)cc2)c2ccc(F)cc2)CC1,66.4,1
COc1ccc(/C=C2\NC(=O)N(CCCCN3CCN(c4ccccc4OC)CC3)C2=O)cc1OC1CCCC1,34.0,0
C[C@@H]1C[C@H]1C(=O)N1CCN(c2cnc(C#N)c(-c3cnn(C)c3)n2)C[C@H]1C,0.0,0
COc1ccc2c(c1OC)-c1ccc(C)c3c1[C@@H](C2)N(C)CC3,96.73,1
O=S(=O)(c1ccccc1)N1CCc2cc(N3CCNCC3)ccc21,18.0,0
O=C(NCCCCN1CCN(c2cccc(Cl)c2Cl)CC1)c1ccc(-c2ccccc2)cc1,32.0,0
COc1ccc(F)c(-c2ccc(COc3cccc([C@@H](CC(=O)O)C4CC4)c3)cc2C2=CCCC2(C)C)c1,66.0,1
CCCN1CCc2cccc3c2C1Cc1cccc(CNC(=S)CCCCC2CCSS2)c1-3,3.1,0
CCCN1CCc2cccc3c2C1Cc1cccc(-c2noc(CCCCC4CCSS4)n2)c1-3,19.5,0
Cn1cc(S(=O)(=O)N(CC2CC2)C2CCN(CCOc3ccccc3-c3ccccc3)CC2)cn1,94.0,1
O=S(=O)(c1ccccc1)N1Cc2cccc(N3CCNCC3)c2C1,29.0,0
O=S(=O)(c1ccccc1)N1Cc2ccc(C3CCN(C4CCC4)CC3)cc2C1,25.0,0
Nc1nc2c(c(N3CCNCC3)n1)CCC1=C2[C@@H]2CCCC[C@@H]2O1,5.0,0
CCCN(Cc1ccccc1)[C@@H]1CCc2c(cccc2OC)C1,0.0,0
COc1cccc2c1CC[C@@H](NCc1ccccc1)C2,1.6,0
C=C[C@@H]1C[C@]1(NC(=O)[C@@H]1C[C@@H](Oc2cc(-c3csc(NC(=O)C(C)C)n3)nc3c(Br)c(OC)ccc23)CN1C(=O)[C@@H](NC(=O)OC1CCCC1)C(C)(C)C)C(=O)O,10.0,0
COc1cccc(CCc2ccccc2OCCCCCN2CCN(c3ncccn3)CC2)c1,24.0,0
COc1cccc(CCc2ccccc2OCCCCN2CCN(C)CC2)c1,14.0,0
CCOc1ccccc1OCCN[C@H](C)Cc1ccc(OC)c(S(N)(=O)=O)c1,73.0,1
O=C(NC1CCN(Cc2ccc([N+](=O)[O-])cc2)CC1)c1ccc2ccccc2c1,0.0,0
O=C(NC1CCN(Cc2c(F)c(F)c(F)c(F)c2F)CC1)c1ccc2ccccc2c1,0.0,0
O=C(NC1CCN(Cc2cccc(Cl)c2)CC1)c1ccc2ccccc2c1,29.0,0
O=C(NC1CCN(Cc2ccc([N+](=O)[O-])cc2)CC1)c1cccc2ccccc12,0.0,0
O=C(NC1CCN(Cc2ccc(Cl)cc2)CC1)c1cccc2ccccc12,0.0,0
NC(=O)[C@H]1CS[C@@H]2CC[C@]3(CCCN3C(=O)[C@@H]3CCCN3)C(=O)N12,14.6,0
COc1cccc2c1CC[C@@H](NCc1ccccc1)C2,0.9,0
CCCN(Cc1ccccc1)[C@@H]1CCc2c(F)cccc2C1,1.0,0
CCCN(Cc1ccccc1)[C@@H]1CCc2c(F)cccc2C1,0.0,0
COc1ccc(/C=C2\NC(=O)N(CCCN3CCN(c4ncccn4)CC3)C2=O)cc1OC1CCCC1,45.0,0
COc1ccc(/C=C2\NC(=O)N(CCCCN3CCN(c4ncccn4)CC3)C2=O)cc1OC1CCCC1,9.0,0
COc1ccc2c(c1OC)-c1c(Br)ccc3c1[C@H](C2)N(C)CC3,82.33,1
COc1ccc2c(c1OC)-c1ccc(Br)c3c1[C@@H](C2)N(C)CC3,71.5,1
C[C@@H]1CN(c2ncc(Cl)c(Nc3ccc4c(c3)n(CCC(C)(C)O)c(=O)n4C)n2)C[C@H](C)C1(F)F,20.83,0
COc1ccc(/C=C2\NC(=O)N(CCCN3CCN(c4ccccc4OC)CC3)C2=O)cc1OC,34.0,0
CCCN(Cc1ccccc1)[C@@H]1CCc2c(F)cccc2C1,3.2,0
O=C1NC2(CCc3ccccc32)C(=O)N1CCCCN1CCN(c2cccc(Cl)c2)CC1,75.0,1
CCCN(CCC)[C@@H]1CCc2c(F)cccc2C1,3.1,0
Brc1ccc2ccn(CCN3CCCN4CCCCC4C3)c2c1,15.0,0
COc1ccc(/C=C2\NC(=O)N(CCCN3CCN(c4ncccn4)CC3)C2=O)cc1OC,65.0,1
COc1ccc(/C=C2\NC(=O)N(CCCCN3CCN(c4cccc(Cl)c4Cl)CC3)C2=O)cc1OC,29.0,0
Cc1cccc(NC(=O)CN2CCN(c3ncccn3)CC2)c1,78.9,1
O=C(CN1CCN(c2ccc(Cl)cn2)CC1)Nc1cncnc1,76.2,1
CCCN1[C@H]2CC[C@H]1CC(c1cccc(OC)c1)C2,32.0,0
CCCN1CCN(c2ccccc2OC)CC1,0.0,0
CCCN1[C@H]2CC[C@H]1CC(c1ccc(OC)cc1)C2,0.0,0
CCCN1[C@@H]2COC[C@H]1CN(c1ccccc1OC)C2,19.0,0
CCCN1[C@H]2CC[C@H]1CC(c1cc(OC)c(OC)c(OC)c1)C2,4.0,0
CN(CCNC(=O)c1ccc(Cl)cc1)Cc1ccccc1,90.0,1
CC(C)Oc1ccccc1N1CCN(C[C@@H](O)CNC(=O)c2ccc3c(c2)C(=O)N(c2cccc(F)c2)C3=O)CC1,55.0,1
COc1cccc(C(=O)NCCN2CCN(c3ccc(Cl)cn3)CC2)c1,17.0,0
O=C1CCC(N2Cc3c(OCc4ccc(CN5CCC(C(F)(F)F)CC5)cc4)cccc3C2=O)C(=O)N1,95.4,1
CC1CCN(Cc2ccc(COc3cccc4c3CN(C3CCC(=O)NC3=O)C4=O)cc2)CC1,78.4,1
Cc1cccc(NC(=O)CN2CCN(c3ccccn3)CC2)c1,76.5,1
CCc1cccc(NC(=O)CN2CCN(c3ccccn3)CC2)c1,100.0,1
COc1cccc(CCc2ccccc2OCCN2CCN(c3cccc(Cl)c3)CC2)c1,43.0,0
O=S(=O)(NCCN1CC=C(c2c[nH]c3ccc(Cl)cc23)CC1)c1cccc(O)c1,100.0,1
Cc1cccc(NC(=O)CN2CCC(c3ccc(Cl)cc3)CC2)c1,100.0,1
Cc1cccc(NC(=O)CN2CCN(c3cccc4ccccc34)CC2)c1,100.0,1
COc1cccc(CN2CCC(NC(=O)c3ccc4ccccc4c3)CC2)c1,0.0,0
O=C(NC1CCN(Cc2cccc(C(F)(F)F)c2)CC1)c1cccc2ccccc12,0.0,0
O=C(NC1CCN(Cc2ccccc2Br)CC1)c1cccc2ccccc12,8.0,0
COc1cc(CN2CCO[C@H](COc3ccccc3)C2)ccc1Cl,52.0,1
O=S(=O)(c1ccccc1)N1CCc2c(C3CCNCC3)cccc21,10.0,0
CN1CCN(c2cccc3c2CCN3S(=O)(=O)c2ccccc2)CC1,67.0,1
Cl.NCc1ccc(OCc2ccccc2OC(F)(F)F)cc1,12.7,0
COc1ccc(CNC(=O)c2cc(-c3cc(Cl)cc(Cl)c3)cnc2-c2cccnc2)cc1OC,0.0,0
COc1ccccc1N1CCN(CCCCN2C(=O)NC3(CCCc4ccccc43)C2=O)CC1,97.0,1
CCCN1[C@H]2CC[C@H]1CC(c1ccccc1OC)C2,2.0,0
CCCN1CCN(c2ccccc2OC)CC1,50.0,0
COC(=O)[C@@H]1[C@H]2C[C@@H](OCc3ccc(Br)cc3)c3[nH]c4ccccc4c3CCN(C#N)C[C@@H]2CC[C@@H]1O,10.0,0
COc1cc2c(c(OC)c1)CN1CCc3cc(OC)c(OCc4ccccc4)c(OC)c3[C@@H]1C2,54.22,1
COc1ccc2c(c1)C[C@H]1c3cc(OC)c(OC)cc3CCN1C2,10.21,0
COc1c(C(=O)NCCN2CCN(c3cccc(Cl)c3Cl)CC2)cc(Br)c2ccccc12,35.0,0
CCCCNC(=O)Oc1cccc2c1-c1cccc3c1[C@@H](C2)N(CCC)CC3,40.9,0
O=C1CCc2ccc(OCCCCN3CCN(c4cccc5c4ccn5Cc4cccc(Cl)c4)CC3)cc2N1,51.0,1
CCCN(Cc1ccco1)[C@@H]1CCc2c(cccc2OC)C1,0.0,0
CCCN(Cc1ccco1)[C@@H]1CCc2c(cccc2OC)C1,9.5,0
CCCN1CCc2cccc3c2[C@H]1Cc1cccc(OC(=O)NCC)c1-3,44.3,0
OC(CCN1CCC(O)(Cc2ccccc2)CC1)c1ccc(Cl)c(Cl)c1,19.2,0
OC(CCN1CC=C(Cc2ccccc2)CC1)c1ccc(Cl)c(Cl)c1,31.4,0
COc1cccc2c1CC[C@@H](N(Cc1ccccc1)Cc1ccccc1)C2,0.0,0
COc1ccc2c(CN3CCC(F)(F)C(CCc4ccccc4F)C3)c[nH]c2c1,66.0,1
CN(C)Cc1c(C(=O)NCCCCN2CCN(c3cc(C(F)(F)F)nc(C(C)(C)C)n3)CC2)nc2ccccn12,8.9,0
O=S(=O)(c1cncc2ccccc12)N1CCC[C@@H]1CCN1CCN(c2cccc3sccc23)CC1,100.0,1
O=S(=O)(c1cncc2ccccc12)N1CCC[C@H]1CCN1CCN(c2nsc3ccccc23)CC1,100.0,1
Cl.NCc1ccc(OCc2ccc(Cl)cc2)cc1,0.0,0
COc1ccc(/C=C2\NC(=O)N(CCCN3CCN(c4ccccc4OC)CC3)C2=O)cc1OC1CCCC1,76.0,1
c1ccc2c(OCCCCCN3CCCCC3)cccc2c1,2.0,0
CC(C)N1CCN(S(=O)(=O)c2ccc(NC(=O)c3ccc(C(F)(F)F)cc3[N+](=O)[O-])cc2)CC1,2.0,0
COc1ccc(/C=C2\NC(=O)N(CCCN3CCN(c4cccc(Cl)c4Cl)CC3)C2=O)cc1OC,34.0,0
COc1ccc(/C=C2\NC(=O)N(CCCN3CCN(c4cccc(Cl)c4Cl)CC3)C2=O)cc1OC1CCCC1,4.0,0
COc1ccc(/C=C2\NC(=O)N(CCCN3CCN(c4ncccn4)CC3)C2=O)cc1OC1CCCC1,6.0,0
Cc1cccc(C)c1OCCOCCN[C@@H](C)CO.Cl,14.7,0
O=C(NCCN1CCC(O)(c2ccc(Cl)cc2)CC1)NCCN1C(=O)C=CC1=O.O=C(O)C(F)(F)F,60.0,1
CCCN(CCCCN1CCN(c2cccc(Cl)c2Cl)CC1)c1noc(-c2ccccc2)n1,50.1,1
Cl.Clc1ccc(N2CCN(CCCCNc3noc(-c4ccccc4)n3)CC2)cc1,8.3,0
CCN1CCC(c2ccc3c(c2)CCN3S(=O)(=O)c2ccccc2)CC1,17.0,0
O=S(=O)(NCCN1CC=C(c2c[nH]c3ccc(Cl)cc23)CC1)c1cccc(F)c1,60.0,1
Cl.O=C(CCCCN1CCN(c2cccc(Cl)c2Cl)CC1)Nc1nc2ccccc2s1,30.1,0
Cl.O=C(CCCCN1CCN(c2ccc(Cl)cc2)CC1)Nc1cnc2ccccc2c1,74.5,1
Cl.O=C(CCCCN1CCN(c2ccc(Cl)cc2Cl)CC1)Nc1nc2ccccc2s1,14.5,0
COC(=O)NCCCN1c2ccccc2Sc2ccc(Cl)cc21,21.0,0
Cl.O=C(CCCCN1CCC(O)(c2ccc(Cl)cc2)CC1)Nc1nc2ccccc2s1,33.3,0
O=C(CCCCN1CCN(c2cccc(Cl)c2Cl)CC1)Nc1nc2ccccc2s1,6.9,0
Fc1ccccc1N1CCN(CCCCNc2noc(-c3ccccc3)n2)CC1,69.8,1
CCN1CCCC1CNC(=O)c1cc(S(N)(=O)=O)ccc1OC,92.2,1
Cl.O=C(NCCCCN1CCN(c2cccc(Cl)c2Cl)CC1)c1cc2ccccc2[nH]1,29.6,0
O=C1c2ccccc2C(=O)N1CCCCN1CCN(c2ccccc2F)CC1,31.8,0
CC(CN1c2ccccc2Sc2ccccc21)N(C)C,95.0,1
COc1cc2nc(N3CCN(C(=O)C4COc5ccccc5O4)CC3)nc(N)c2cc1OC,0.0,0
Fc1ccc(CCCCN2C3CCC2CN(c2ccc(Cl)cn2)C3)cc1,50.0,0
Cc1ccc(C2CCN(CC(=O)Nc3cccc(C)c3)CC2)cc1,100.0,1
Cc1cccc(NC(=O)CN2CCN(c3cccc4ccccc34)CC2)c1,100.0,1
CCc1cccc(NC(=O)CN2CCN(c3ccc(Cl)cn3)CC2)c1,100.0,1
O=C(CN1CCN(c2ccc(Cl)cn2)CC1)Nc1cccnc1,100.0,1
Cc1cccc(NC(=O)CN2CCC(c3ccccc3)CC2)c1,99.7,1
CCCCCCCCCCC[C@@H]1CCN[C@H](C(=O)NCC(O)CO)C1,28.8,0
COc1ccc(N(CCCCN2CCC(O)(c3ccc(Cl)c(C(F)(F)F)c3)CC2)c2ccc(OC)cc2)cc1,60.0,1
CCCN1CCN(c2ccc3c(c2)CCN3S(=O)(=O)c2ccccc2)CC1,59.0,1
O=S(=O)(c1ccccc1)N1CCc2ccc(C3CCNCC3)cc21,27.0,0
Cc1cc(Cl)cc2nc(N3CCCN(C)CC3)oc12,5.0,0
COc1ccccc1N1CCN(CCCCN2C(=O)NC3(CCc4ccccc43)C2=O)CC1,96.0,1
COc1ccccc1N1CCN(CCCCNC(=O)c2cn3ccccc3n2)CC1,25.0,0
O=S(=O)(c1ccccc1)N1CCc2ccc(N3CCN(C4CCC4)CC3)cc21,50.0,0
CCCN1CCC(c2cccc3c2CCN3S(=O)(=O)c2ccccc2)CC1,38.0,0
O=S(=O)(c1ccccc1)N1CCc2c(C3CCN(C4CCC4)CC3)cccc21,48.0,0
Cc1cn2c3c(=O)n(C)c(=O)n(C)c3nc2n1CCCCCN1CCN(c2ccc(Cl)c(Cl)c2)CC1,55.9,1
NC1=NCC2c3ccccc3Cc3ccccc3N12,5.5,0
C#C[C@]1(O)CC[C@H]2[C@@H]3CCC4=CCCC[C@@H]4[C@H]3C(=C)C[C@@]21CC,88.0,1
CN1CCc2cc(O)c(O)c3c2C1Cc1ccccc1-3,91.0,1
COc1ccc2c(c1OC)-c1ccc(Br)c3c1[C@H](C2)N(C)CC3,28.6,0
CCc1ccc2c3c1CCN(C)[C@H]3Cc1ccc(OC)c(OC)c1-2,83.47,1
CCc1cccc(NC(=O)CN2CCC(c3ccccn3)CC2)c1,100.0,1
CCc1cccc(NC(=O)CN2CCN(c3ccc(Cl)cn3)CC2)c1,100.0,1
COC(=O)[C@@H]1[C@H]2C[C@H]3OCc4ccccc4-n4c3c(c3ccccc34)CCN(C#N)C[C@@H]2CC[C@@H]1O,0.0,0
COC(=O)[C@@H]1[C@H]2C[C@@H]3N(CC[C@@]34C(=O)N(c3cncc(OC)n3)c3ccccc34)C[C@@H]2CC[C@@H]1O,0.0,0
Cc1cccc(S(=O)(=O)NCCN2CC=C(c3c[nH]c4ccc(Cl)cc34)CC2)c1,100.0,1
CN(C)[C@@H]1c2cc3c(ccn3S(=O)(=O)c3ccccc3)cc2[C@@H]1CCO,20.0,0
Cn1ncc2c1CC(CN1CCC(C(=O)c3ccc(F)cc3)CC1)CC2=O,1.4,0
OC1(c2ccc(Cl)c(C(F)(F)F)c2)CCN(CCCCC(c2ccc(F)cc2)c2ccc(F)cc2)CC1,99.2,1
CC(C)NC(=O)c1cc2ccccc2[nH]1,20.0,0
Clc1ccc(N2CCN(CCCCNc3noc(-c4ccccc4Cl)n3)CC2)c(Cl)c1,3.7,0
N#Cc1ccc(-c2nc(NCCCCN3CCN(c4ccc(Cl)cc4Cl)CC3)no2)cc1,8.8,0
CCCN1C[C@H]2OC[C@@H]1C[C@H]2c1ccccc1OC,13.0,0
CCCN1CCC(c2ccccc2OC)CC1,14.0,0
CCCN1[C@H]2CC[C@H]1CC(c1ccc(OC)cc1)C2,40.0,0
CCCN1C[C@H]2OC[C@@H]1C[C@@]2(O)c1ccccc1OC,25.0,0
O=C1CCC(N2Cc3c(OCc4ccc(C(=O)N5CCN(c6ccc(Cl)cc6Cl)CC5)cc4)cccc3C2=O)C(=O)N1,5.6,0
CC(C)C1CCN(Cc2ccc(COc3cccc4c3CN(C3CCC(=O)NC3=O)C4=O)cc2)CC1,94.0,1
CC[C@@]12CCCN3CCc4c([nH]c5ccccc45)[C@]31N(Cc1cn(Cc3ccccc3)nn1)C(=O)C2,15.0,0
CC[C@]12C=C(C(=O)OC)n3c(c(CCNC(=O)c4ccc(Br)cc4)c4ccccc43)[C@H]1N(C#N)CCC2,15.0,0
COC(=O)[C@@H]1[C@H]2C[C@H]3c4[nH]c5ccccc5c4CCN3C[C@@H]2CC[C@@H]1O,100.0,1
CN1CCc2cc(O)c(O)cc2C1Cc1ccccc1Br,95.0,1
CC[C@@]12C=C(C(=O)OC)n3c(c(c4ccccc43)CCN(/C=C/C(=O)OC)CCC1)[C@@H]2c1ccc(O)cc1,11.0,0
Cc1ccc(N2CCC(O)CC2)nc1C(=O)Nc1c(C)cc(C(=O)O)cc1C,5.0,0
Cc1sc2ccccc2c1[C@@H]1C=CN=CN1,0.0,0
Cl.O=C(CCCCN1CCN(c2cccc(C(F)(F)F)c2)CC1)Nc1nc2ccccc2[nH]1,34.0,0
COc1ccc2nc(NC(=O)CCCCN3CCN(c4ccc(Cl)cc4)CC3)sc2c1,37.3,0
O=C(CN1CCN(c2ccccn2)CC1)Nc1cccnc1,100.0,1
Cc1ccc(C2CCN(CC(=O)Nc3cccc(C)c3)CC2)cc1,100.0,1
CC[C@]12CCCN(C(=O)c3cccc(Br)c3)CCc3c(n(c4ccccc34)C(=O)C1)[C@@H]2OC,6.0,0
O=C1c2ccccc2C(=O)N1CCCCN1CCN(c2ccc(F)cc2)CC1,0.0,0
Cl.O=C1c2ccccc2C(=O)N1CCCCN1CCN(c2cccc(C(F)(F)F)c2)CC1,37.9,0
O=C1c2ccccc2C(=O)N1CCCCN1CCN(c2ccc(Cl)cc2)CC1,59.2,1
Cc1cccc(NC(=O)CN2CCC(c3ccccn3)CC2)c1,94.8,1
Cc1ccc(C2CCN(CC(=O)Nc3cccc(C)c3)CC2)nc1,100.0,1
COc1ccc(CN2CCO[C@H](COc3ccccc3)C2)cc1F,78.0,1
COC(=O)[C@@H]1[C@H]2C[C@@H]([C@@]3(CCn4cc(CCCCO)nn4)C(=O)Nc4ccccc43)N(C#N)C[C@@H]2CC[C@@H]1O,0.0,0
CCc1ccc2c3c1CCN(C)[C@@H]3Cc1ccc(OC)c(OC)c1-2,60.82,1
CCCN1CCC(c2cccc3c2CN(S(=O)(=O)c2ccccc2)C3)CC1,40.0,0
COc1cccc2c1C(NC[C@]1(c3ccccc3)CC[C@H](NC(=O)OC(C)C)CC1)=NS2(=O)=O,0.0,0
N#Cc1ccc(N2CCN(Cc3ccc(COc4cccc5c4CN(C4CCC(=O)NC4=O)C5=O)cc3)CC2)c(F)c1,54.5,1
COc1cccc(-c2nc(NCCCCN3CCN(c4ccc(Cl)cc4Cl)CC3)no2)c1,37.0,0
CN1CCC(c2cccc3c2CN(S(=O)(=O)c2ccccc2)C3)CC1,14.0,0
O=S(=O)(c1ccccc1)N1Cc2cccc(C3CCN(C4CCC4)CC3)c2C1,49.0,0
CN1CCN(c2ccc3c(c2)CN(S(=O)(=O)c2ccccc2)C3)CC1,11.0,0
CCN1CCN(c2cccc3c2CCN3S(=O)(=O)c2ccccc2)CC1,80.0,1
CCCN1CCN(c2cccc3c2CCN3S(=O)(=O)c2ccccc2)CC1,87.0,1
O=C1CCC(N2Cc3c(OCc4ccc(CN5CCN(c6ccccn6)CC5)cc4)cccc3C2=O)C(=O)N1,98.0,1
O=S(=O)(NCCN1CC=C(c2c[nH]c3ccc(Cl)cc23)CC1)c1cccc2ccccc12,26.0,0
Cc1cccc(N2CCN(CCCCn3c(C)cn4c5c(=O)n(C)c(=O)n(C)c5nc34)CC2)c1C,38.4,0
Fc1ccc(CCCCN2CCN(c3cccnc3)CC2)cc1.O=C(O)C(=O)O,50.0,0
O=C(c1ccc(F)c(Cl)c1)N1CCC(F)(CNCCOc2ccccn2)CC1,91.3,1
CN1CCc2cc(Cl)c(O)cc2[C@@H](c2ccccc2)C1,99.0,1
Cn1c(=O)c2c(nc3n(CCCCN4CCN(c5ccccc5O)CC4)c(-c4ccccc4)cn23)n(C)c1=O,45.0,0
Cl.O=C(CCCCN1CCN(c2ccc(Cl)cc2)CC1)Nc1nc2ccc([N+](=O)[O-])cc2s1,30.2,0
Cc1ccc2nc(NC(=O)CCCCN3CCN(c4ccc(Cl)cc4)CC3)sc2c1.Cl,1.0,0
CC(C)CS(=O)(=O)n1ccc2c(-c3ccc(C(F)(F)F)cc3)cc(N3CCNCC3)nc21,60.0,1
O=C1c2ccccc2C(=O)N1CCCCN1CCN(c2cccc(F)c2F)CC1,17.7,0
COc1ccccc1N1CCN(CCCCCN2Cc3c(Cl)nc4ccccc4c3C2=O)CC1,26.0,0
Cc1csc(C2C=CN=CN2)c1C.Cl,18.0,0
Cl.O=C(CCCCN1CCN(c2ccc(Cl)cc2)CC1)Nc1nc2ccccc2s1,57.3,1
CN1CCN(c2ccc3c(c2)CCN3S(=O)(=O)c2ccccc2)CC1,18.0,0
O=S(=O)(c1ccccc1)N1Cc2ccc(C3CCNCC3)cc2C1,9.0,0
CCN1CCC(c2ccc3c(c2)CN(S(=O)(=O)c2ccccc2)C3)CC1,18.0,0
Cn1c(=O)c2c(nc3n(CCCCN4CCN(c5ccccc5O)CC4)c(-c4ccccc4)cn23)n(C)c1=O,77.8,1
O=C(O)c1c(O)cccc1CCc1ccc2ccccc2c1,15.0,0
COC(=O)[C@@H]1[C@H]2C[C@H]3c4[nH]c5ccccc5c4CCN3C[C@@H]2CC[C@@H]1O,100.0,1
COC(=O)[C@@H]1[C@H]2C[C@@H](c3[nH]c4ccccc4c3CCn3cc(-c4cccc(Cl)c4)nn3)N(C#N)C[C@@H]2CC[C@@H]1O,0.0,0
Fc1ccc2c(CN3CCO[C@H](COc4ccccc4)C3)c[nH]c2c1,78.0,1
Fc1ccc(OC[C@@H]2CN(Cc3ccc(Cl)cc3)CCO2)cc1,83.0,1
COc1cc(CN2CCO[C@H](COc3ccccc3)C2)ccc1Cl,60.0,1
Cn1c(=O)c2c(nc3n(CCCCCN4CCN(c5ccccc5O)CC4)c(-c4ccccc4)cn23)n(C)c1=O,71.2,1
Cn1c(=O)c2c(nc3n(CCCCCN4CCN(c5ccc(Cl)cc5)CC4)c(-c4ccccc4)cn23)n(C)c1=O,16.5,0
OC1(c2ccc(Cl)c(C(F)(F)F)c2)CCN(CCCCCc2ccc(F)cc2)CC1,81.8,1
O=C(CCCCN1CCN(c2ccccc2F)CC1)Nc1nc2ccccc2s1,17.0,0
Cl.O=C(NCCCCN1CCN(c2ccc(Cl)cc2Cl)CC1)c1cc2ccccc2[nH]1,22.7,0
CCN1CCN(c2ccc3c(c2)N(S(=O)(=O)c2ccccc2)CC3)CC1,77.0,1
CCN1CCC(c2cccc3c2CN(S(=O)(=O)c2ccccc2)C3)CC1,27.0,0
CCN1CCN(c2cccc3c2CN(S(=O)(=O)c2ccccc2)C3)CC1,55.0,1
CCCN1CCN(c2ccc3c(c2)CN(S(=O)(=O)c2ccccc2)C3)CC1,29.0,0
O=S(=O)(c1ccccc1)N1CCc2c(N3CCNCC3)cccc21,22.0,0
O=C1c2ccccc2C(=O)N1CCCCN1CCN(c2ccccc2Cl)CC1,28.7,0
O=S(=O)(c1cncc2ccccc12)N1CCC(CCN2CCN(c3cccc(Cl)c3)CC2)CC1,85.0,1
O=C1CCc2ccc(OCCCCN3CCN(c4cccc5c4ccn5S(=O)(=O)c4ccccc4)CC3)cc2N1,100.0,1
COc1ccc2c(c1)c1c(n2S(=O)(=O)c2ccccc2)CCC(N(C)C)C1,51.32,1
COc1ccc2c(c1)c1c(n2S(=O)(=O)c2ccccc2)CCC(N(C)C)C1,10.96,0
O=C1CCC(N2Cc3c(OCc4ccc(CN5CCN(c6ccc(F)cc6)CC5)cc4)cccc3C2=O)C(=O)N1,94.7,1
CN1CCN(c2cccc3c2CN(S(=O)(=O)c2ccccc2)C3)CC1,43.0,0
CCCN1[C@H]2CC[C@H]1CC(c1ccc(OC)cc1)C2,9.0,0
CCCN1[C@H]2CC[C@H]1CC(c1cccc(OC)c1)C2,13.0,0
CCCN1CCC(c2ccccc2OC)CC1,99.0,1
CCCN1C[C@H]2OC[C@@H]1C[C@]2(O)c1ccccc1OC,6.0,0
CCCN1[C@H]2COC[C@H]1CC(c1ccccc1OC)C2,12.0,0
CCCN1[C@H]2CC[C@H]1CC(c1cc(OC)c(OC)c(OC)c1)C2,8.0,0
CCCN1[C@H]2COC[C@H]1CC(c1ccccc1OC)C2,11.0,0
NC(=O)c1ccc(N2CCN(Cc3ccc(COc4cccc5c4CN(C4CCC(=O)NC4=O)C5=O)cc3)CC2)cn1,32.9,0
c1ccc2c(OCCCCCN3CCCCCC3)cccc2c1,12.0,0
O=S(=O)(c1ccccc1)N1Cc2cccc(C3CCNCC3)c2C1,17.0,0
CCCN1CCN(c2cccc3c2CN(S(=O)(=O)c2ccccc2)C3)CC1,64.0,1
O=S(=O)(c1ccccc1)N1Cc2cccc(N3CCN(C4CCC4)CC3)c2C1,47.0,0
CN1CCC(c2ccc3c(c2)CN(S(=O)(=O)c2ccccc2)C3)CC1,19.0,0
CCN1CCC(c2cccc3c2CCN3S(=O)(=O)c2ccccc2)CC1,25.0,0
O=S(=O)(c1ccccc1)N1CCc2ccc(N3CCNCC3)cc21,32.0,0
CN1CCN(c2ccc3c(c2)N(S(=O)(=O)c2ccccc2)CC3)CC1,52.0,1
CCCN1CCN(c2ccc3c(c2)N(S(=O)(=O)c2ccccc2)CC3)CC1,80.0,1
CCN1CCN(c2ccc3c(c2)CN(S(=O)(=O)c2ccccc2)C3)CC1,22.0,0
CN1CCC(c2cccc3c2CCN3S(=O)(=O)c2ccccc2)CC1,35.0,0
COC(=O)[C@@H]1[C@H]2C[C@@H]3OCc4ccccc4-n4c3c(c3ccccc34)CCN(C#N)C[C@@H]2CC[C@@H]1O,3.0,0
Cc1cccc(N2CCN(CCCCn3c(C)cn4c5c(=O)n(C)c(=O)n(C)c5nc34)CC2)c1C,73.8,1
CNC(=O)c1ccc(-c2cc3cccc(-c4nn(C5CCOCC5)c5c4CN(C(C)=O)CC5)c3cn2)cn1,0.0,0
O=S(=O)(c1ccccc1)N1CCc2cc(C3CCNCC3)ccc21,13.0,0
O=C1c2ccccc2C(=O)N1CCCCN1CCN(c2ccc(F)cc2F)CC1,4.8,0
CC(C)CCO[C@@H]1[C@H]2OC(C)(C)O[C@H]2[C@H]2Cn3cc(nn3)COCCCCCCN(CCc3ccc4ccccc4c3)CC[C@H]1O2,59.6,1
Cc1nc2c(o1)CC(CN1CCC(C(=O)c3ccc(F)cc3)CC1)CC2=O,35.0,0
Cc1cccc(NC(=O)CN2CCN(c3ccc(Cl)cn3)CC2)c1,98.3,1
Cc1cccc(NC(=O)CCN2CCN(c3ccccn3)CC2)c1,77.7,1
O=C(CCCN1CCC(c2ccccc2)CC1)c1ccc(F)cc1,20.0,0
O=S(=O)(NCCN1CC=C(c2c[nH]c3ccc(Cl)cc23)CC1)c1ccc(Cl)cc1,44.0,0
O=C1CCc2ccc(OCCCCN3CCN(c4cccc5c4ccn5Cc4ccccc4)CC3)cc2N1,42.0,0
COC(=O)[C@@H]1[C@H]2C[C@@H]3N(CC[C@@]34C(=O)N(Cc3cccc(OC)c3)c3ccccc34)C[C@@H]2CC[C@@H]1OCc1cccc(OC)c1,9.0,0
COc1ccc(/C=C2\NC(=O)N(CCCN3CCN(c4ncccn4)CC3)C2=O)cc1OC,0.0,0
COc1ccc(/C=C2\NC(=O)N(CCCN3CCN(c4ccccc4OC)CC3)C2=O)cc1OC1CCCC1,29.0,0
COc1ccccc1N1CCN(CCCCN2C(=O)NC3(CCc4ccccc43)C2=O)CC1,85.0,1
COc1ccc2c(c1OC)-c1c(Br)ccc3c1[C@H](C2)N(C)CC3,17.26,0
CC[C@@]1(CC(=O)NC2CCCC2)CCCN2CCc3c([nH]c4ccccc34)[C@@H]21,98.0,1
O=C(NCCO)c1cccc2c1CCN2c1cc(Cc2cc(F)cc(C(F)(F)F)c2)ncn1,2.51,0
N#Cc1cc(S(=O)(=O)Nc2ncns2)ccc1Oc1ccc(-c2cccc(C(F)(F)F)c2)cc1-c1ccnc(CNCCC2CCNCC2)c1,31.0,0
C[C@H]1CN(CC[C@H]2CC[C@H](N3C(=O)CCC3=O)CC2)CCc2ccc(Cl)cc21,79.8,1
O=S(=O)(c1ccccc1)N1CCc2cc(C3CCN(C4CCC4)CC3)ccc21,22.0,0
COc1ccc2c(c1OC)-c1c(Br)ccc3c1[C@@H](C2)N(C)CC3,13.83,0
Cl.Cl.O=c1c2cc(Cl)ccc2oc2ccc(CN3CCN(CCOCCO)CC3)cc12,27.4,0
CN1CCc2cc(Cl)c(O)cc2[C@@H](c2ccccc2)C1.O=C(O)/C=C\C(=O)O,100.0,1
CCN1CCN(c2ccc3c(c2)CCN3S(=O)(=O)c2ccccc2)CC1,50.0,0
Cc1ccccc1/C=C/C(=O)N[C@@H](C)CO,5.0,0
CCCN1CCC(c2ccc3c(c2)CCN3S(=O)(=O)c2ccccc2)CC1,35.0,0
O=C(CCCCN1CCC(c2noc3cc(F)ccc23)CC1)c1cc2c3c(c1)CCN3C(=O)CC2,93.3,1
COc1ccc(/C=C2\NC(=O)N(CCCCN3CCN(c4ccccc4OC)CC3)C2=O)cc1OC1CCCC1,98.0,1
Cc1c(C#Cc2ccc(CN3CCC(CO)CC3)cc2)cc(C(F)F)c2cn(C(C(=O)Nc3nccs3)c3ncn4c3CCC43CC3)nc12,98.0,1
Cn1cc2c(-c3c(-c4ccc(F)cn4)nn4c3COC(C)(C)C4)ccnc2n1,16.94,0
Cc1cc(OC2CCS(=O)(=O)CC2)cc(C)c1-c1cccc(COc2ccc(CCC(=O)O)c(F)c2)c1,16.59,0
Cc1cccc(NC(=O)CN2CCC(c3ccc(Cl)cc3)CC2)c1,97.5,1
O=Cc1ccc(-c2ccccc2OCF)cc1,12.0,0
CCN1CCC(c2ccc3c(c2)N(S(=O)(=O)c2ccccc2)CC3)CC1,39.0,0
Cc1cc(OC2CCS(=O)(=O)CC2)cc(C)c1-c1cccc(COc2ccc(C(=O)O)c(F)c2)c1,8.6,0
CC(C)(O)[C@H](F)CN1Cc2cc(NC(=O)c3cnn4cccnc34)c(N3CCOCC3)cc2C1=O,3.24,0
Cc1cn([C@@H](C)CC#N)c(=O)c2cc(Cn3nc(C(F)F)cc3Cl)nn12,5.88,0
O=C(Cc1ccccc1)Nc1nnc(N2C[C@H]3C[C@@H]2CN3c2cccnn2)s1,0.0,0
C[C@H](NC(=O)c1cn(C2(C#N)CC2)cn1)C(=O)Nc1nc(-c2cccc(-c3ccn(C)n3)c2)cs1,6.41,0
COC[C@H](NC(=O)c1ccn(S(C)(=O)=O)c1)C(=O)Nc1nc(-c2cccc(-c3ccn(C)n3)c2)cs1,6.68,0
CC1CCN(c2ccnc(NCc3cn(C)cn3)n2)CC1,4.96,0
N#CN1CC[C@H](C(=O)Nc2nc3c(s2)CN(C(=O)CN=[N+]=[N-])CC3)C1,0.55,0
CN1CCN(c2ccnc(NCCc3ccccc3)n2)CC1,20.55,0
O=S(=O)(c1ccccc1)N1CCc2ccc(C3CCN(C4CCC4)CC3)cc21,29.0,0
CN(CCCNC(=O)c1ccc(Br)cc1)Cc1ccccc1,31.0,0
COc1ccc(C(=O)NCCCN(C)Cc2ccccc2)cc1,13.0,0
CC(=O)Nc1nc(CN2CCC[C@H](Cc3cc(C)nc(C)c3)C2)cs1,8.04,0
COc1nc2ccc([C@@](O)(c3ccccc3)C3CCN(C(C)=O)CC3)cc2c(Cl)c1Cc1ccc(-n2cccn2)cc1,12.52,0
CCC[C@H]1CNCc2c1[nH]c(=O)c(C#N)c2N1CCC2(CC1)CC2,12.0,0
CC[C@H](Nc1c(C#N)c(-c2ccc(-c3cccc(C)c3F)cc2)nc2cnccc12)C(=O)O,0.0,0
[2H]C([2H])([2H])C1(C([2H])([2H])[2H])Cn2nc(-c3ccc(F)cn3)c(-c3ccnc4[nH]ncc34)c2CO1,4.12,0
CN1CCN(C(=O)C(C)(C)c2ccc(C(=O)Nc3cn4cc(-c5cc(C(C)(C)C)cc(C(C)(C)C)c5)ccc4n3)cc2)CC1,57.48,1
CCC[C@H]1CNCc2c1[nH]c(=O)c(C#N)c2N1CCC2(CC1)CC2,0.0,0
O=C(NCCCn1ccnc1)c1cc2nc(-c3ccccc3)cc(-c3ccccc3)n2n1,25.33,0
COc1ccc(/C=C2\NC(=O)N(CCCN3CCN(c4ccccc4OC)CC3)C2=O)cc1OC,93.0,1
COc1ccc(/C=C2\NC(=O)N(CCCCN3CCN(c4ccccc4OC)CC3)C2=O)cc1OC,95.0,1
CC[C@@H](Nc1c(C#N)c(-c2ccc(-c3cccc(C)c3F)cc2)nc2cnccc12)C(=O)O,13.85,0
CCCOC(=O)Cc1ccc(OCC(=O)N2CCN(c3ccccc3)CC2)c(OCC)c1,1.2,0
NC(=O)c1ccc2nc(-c3ccc(C4(N)CCC4)cc3)c(-c3ccccc3)n2n1,0.0,0
COc1cnccc1Nc1nc(-c2nn(Cc3c(F)cc(OCCO)cc3F)c3ccccc23)ncc1OC,3.66,0
N#CN1CC[C@@H](C(=O)Nc2nc3c(s2)CN(C(=O)CN=[N+]=[N-])CC3)C1,4.82,0
CC(=O)Nc1ncc(CN2CCC[C@H](Cc3cc(C)nc(C)c3)C2)s1,0.63,0
c1ccc(C2CCN(c3cnc4c(N5CCOCC5)nccn34)CC2)cc1,1.22,0
Cc1cn([C@H](C)CC#N)c(=O)c2cc(Cn3nc(C(F)F)cc3Cl)nn12,9.18,0
CC[C@H](CC(=O)O)n1c(=O)c2ncccc2n(Cc2cn(C)c3cc(C)cc(C)c23)c1=O,0.91,0
CCC(F)(F)c1cc(N2CCC(S(C)(=O)=O)CC2)nc2sc(C(N)=O)c(N)c12,69.76,1
CN(C)C(=O)c1sc2nc(N3CCC(S(C)(=O)=O)CC3)cc(C(F)(F)F)c2c1N,1.12,0
CCOc1ccc(S(=O)(=O)Nc2ccc(Cl)cc2C#Cc2cnc(C(=O)O)cc2OC)c2ncccc12,9.9,0
C=CC(=O)Nc1ccc2[nH]c(=O)n(C3CCN(Cc4ccc(-c5nc6cc[nH]c(=O)c6cc5-c5ccccc5)cc4)CC3)c2c1,22.72,0
Nc1c(C(=O)NCc2ccc(C(=O)NCCCC3CCCCC3)cc2)cnn1-c1ccccc1,14.99,0
COCCc1ccc(-c2c(C)nc3c(N4CCOCC4)ccnn23)cn1,0.0,0
O=C(NCCCC1CCCCC1)c1ccc(CNC(=O)c2cnn(-c3ccccc3)c2C(F)(F)F)cc1,15.84,0
NC(=O)[C@@H]1CS[C@@H]2CC[C@]3(CCCN3C(=O)[C@@H]3CCCN3)C(=O)N21,21.4,0
COc1cc(C(=O)O)ncc1C#Cc1ccccc1NS(=O)(=O)c1cccc2c(N(C)C)ccnc12,0.0,0
O=C(NNS(=O)(=O)c1ccccc1)c1cc(-c2ccnnc2)ccc1F,14.72,0
Nc1nc(NCc2ccccc2)nc(-c2ccccc2CO)n1,10.04,0
COc1ccccc1Nc1nc(-c2nn(Cc3c(F)cc(OCCCO)cc3F)c3ccccc23)ncc1OC,21.79,0
COc1ccc(CC[C@@H](OC(=O)[C@@H]2CCCCN2C(=O)[C@H](c2cc(OC)c(OC)c(OC)c2)C2CCCCC2)c2cccc(OCCN3CCOCC3)c2)cc1OC,50.0,0
Cc1c(N2CCNCC2)nc2ccc(Br)cc2c1C(=O)NC[C@H](CCC(=O)O)c1ccccc1Cl,2.75,0
COc1ccc(CC[C@@H](OC(=O)[C@H]2CCCCN2C(=O)[C@@H](c2cc(OC)c(OC)c(OC)c2)C2CCCCC2)c2cccc(OCCN3CCOCC3)c2)cc1OC,14.68,0
O=C(Nc1ccc(-n2nc(-c3cccnc3)cc2C(F)(F)F)cn1)c1ccc(-c2ccccc2)c(F)c1,0.0,0
CC(=O)Nc1ccc(-c2cc(-c3ccccc3)nc3cc(C(=O)NCCCn4ccnc4)nn23)cc1,32.17,0
CS(=O)(=O)N1CCCC(NC(=O)[C@H](CCC2CCCCC2)NC(=O)c2ccc(CNC(=O)c3cnc4ccccn34)cc2)C1,7.14,0
O=C1c2ccc(Nc3ccc(F)cc3F)cc2CCc2ccc(OC[C@H](O)CO)cc21,7.19,0
