SMILES,pXC50
Cc1ccc(C=CC(=O)CC(=O)c2ccccc2O)cc1,5.42366
Cn1c(=O)c2c(nc(OCCOc3ccc(Br)cc3)n2C)n(C)c1=O,7.06
C#CCN(CCC1CCN(Cc2ccccc2)CC1)Cc1ccc(O)c2ncccc12,4.3
COc1ccc(C=NNc2nc(-c3ccc(Cl)cc3)cs2)cc1,3.82
COc1ccc(C=C2COc3ccccc3C2=O)cc1O,6.32193
Cc1cccc(COc2ccc3occc(=O)c3c2)c1,7.72125
Fc1ccccc1-c1nc2ccc(N3CCCCC3)nc2o1,6.18
Cn1c(=NN=C(C=Cc2cccc(Cl)c2)c2ccccc2)[nH]c2ccccc2c1=O,6.8
Cc1ccc(NC(=S)N2N=C(c3ccccc3O)CC2c2ccc(O)cc2)cc1,4.34
Cn1c(=O)c2c(cc(C=Cc3cccc(C(F)(F)F)c3)n2C)n(C)c1=O,6.32
NC(=S)N1N=C(c2ccc(Cl)cc2)CC1c1ccc(Cl)cc1,4.4
O=C(O)c1cc2ccccc2oc1=O,7.76
Cc1ccc(C=C2COc3cc(OCCCCCCNc4c5c(nc6ccccc46)CCCC5)ccc3C2=O)cc1,5.91
C#CCNC1CCc2c(OC(=O)N(C)C)cccc21,4.07
C#CCN(C)Cc1cc2cc(OCCCC3CCN(Cc4ccccc4)CC3)ccc2n1C,7.96
COc1cc2c(cc1OC)C(=O)C(CC1CCN(Cc3ccccc3)CC1)C2,4.82
C#CCN(C)CCc1cccc(O)c1,5.19
Cn1c(=NN=C(C=Cc2ccc(Br)cc2)c2ccccc2)[nH]c2ccccc2c1=O,4.16
COc1ccc(C=C2COc3cc(OCCCCCCCCCNc4c5c(nc6ccccc46)CCCC5)ccc3C2=O)cc1,6.36
O=C(Nc1cccc(C(F)(F)F)c1)c1cc2cc(Br)cc(Br)c2oc1=O,5.15
O=C1NC(=O)c2cc(Oc3ccccc3)ccc21,5.97
CC=C1CC(=O)Oc2cc(OCc3cccc(Cl)c3)ccc21,7.54
CCn1c(=O)c2c(nc3n2CCCN3CCc2cccc(OC)c2)n(CC)c1=O,4.69
O=C1c2ccccc2-c2nn(-c3ccccc3)c(=O)cc21,4.42
CC(C#N)=C1CCN(c2ccc(N3CC(Cn4cc(F)nn4)OC3=O)cc2F)CC1,4.73
Cc1ccc2oc(=O)c(-c3ccccc3Br)cc2c1,5.37
COc1cccc(C=CC(=O)c2ccco2)c1,5.49485
N#Cc1ccc(SCc2ccc(F)cc2)cc1C#N,7.47
Cc1cc(=O)oc2cc(OCc3cccc([N+](=O)[O-])c3)ccc12,7.88008
CC(=O)N1N=C(c2ccc(O)cc2O)CC1c1ccc(C)cc1,4.38
Cc1cccc(COc2nc3c(c(=O)n(C)c(=O)n3C)n2C)c1,6.85
C#CCN(C)C1CCc2c(OC(=O)N(C)CC)cccc21,5.4
CCCCOc1ccc2oc(=O)c(CNCC)cc2c1,5.1343
C#CCn1c(=O)c2c(nc3n2CCCN3Cc2cccs2)n(C)c1=O,5.02
CSc1ccc(NC(=O)c2cc3ccccc3oc2=O)cc1,5.55
C#CCCCCOc1ccc2c(C)cc(=O)oc2c1,9.11351
c1ccc2c(c1)[nH]c1cnccc12,5.92
NC(=O)Cc1cc(=O)oc2cc(OCc3cccnc3)ccc12,5.89
NC(=O)N1N=C(c2ccccc2)CC1c1ccncc1,5.32
c1ccc(-c2nc3ccc(N4CCCCC4)nc3s2)cc1,6.45
C#CCN(C)C(C)Cc1ccc(OCCCCCNc2c3c(nc4ccccc24)CCCC3)cc1,5.62
CC1CCCC(=NNc2nc(-c3ccc4ccccc4c3)cs2)C1,4.96
CCOC(=O)N=C1Cc2ccccc2OC1=O,4.48
O=C1CCc2cc(OCc3ccccc3)ccc2N1,5.4
O=C(NCCCN1CCOCC1)c1cc2ccccc2oc1=O,4.87
CC(=NNc1nc(-c2ccc3ccccc3c2)cs1)C1CCCCC1,3.82
O=C(O)c1cc2ccccc2cc1O,7.76
CC(=O)c1ccc(Cc2sc(N)nc2O)cc1,3.51
COc1cccc(-c2csc(NN=C3CCCCC3)n2)c1,7.5
C#CCN(Cc1ccc(O)c2ncccc12)CC1CCN(Cc2ccccc2)CC1,4.71
O=c1ccc2ccc(OS(=O)(=O)c3ccccc3)cc2o1,4.26
O=C1Oc2ccccc2CC1=NC(=O)c1ccc(Cl)cc1,5.71
Cc1c(C)c2cc(O)c(OCc3ccccc3)cc2oc1=O,7.55006
O=C1NC(=O)c2cc(SCc3ccc(F)cc3)ccc21,8.17
C(=NNc1nc2ccccc2nc1Cc1ccccc1)c1ccc2c(c1)OCO2,4.06
CN1N=C(c2ccc(O)cc2O)CC1c1ccccc1,3.82
O=C(CCCCc1ccc2c(c1)OCO2)N1CCCCC1,5.71
O=C(C=Cc1ccc(Cl)cc1)c1ccc(O)cc1O,8.3
Fc1ccc(-c2csc(NN=Cc3ccccc3)n2)cc1,6.1
CN(C)C=C1CC(=O)Oc2cc(OCc3ccccc3)ccc21,5.74473
NC(=O)C(NCc1ccc(OCc2ccccc2)cc1)c1ccccc1,4.13
COc1cc(C=Cc2ccc(NCc3cc(N(C)C)ccc3O)cc2)cc(OC)c1,4.92
CC(=O)Nc1cccc(COc2ccc3c(C)c(C)c(=O)oc3c2)c1,8.10018
CCOC(=O)N1N=C(c2ccccc2O)CC1c1ccc(Cl)cc1,4.81
CCCCOc1ccc(C2CNC(=O)CS2)cc1,6.8
O=C(O)c1coc2ccc(Cl)cc2c1=O,3.0
Cn1c(=O)c2c(nc3n2CCCN3c2cccc(Cl)c2)n(C)c1=O,5.30452
Cc1c(C)c2ccc(OCc3nc(C(C)C)no3)cc2oc1=O,8.89
CCOC(=O)C=Cc1ccc(O)c(OC)c1,5.17
NC1=NC(=O)C(Cc2c[nH]c3cc(Br)ccc23)=N1,4.6
C#CCN(Cc1ccc(O)c2ncccc12)C(C#N)CCC1CCN(Cc2ccccc2)CC1,5.92082
COc1ccccc1NC(=O)c1cc2cc([N+](=O)[O-])ccc2oc1=O,4.3
Cn1c(=O)c2c(nc(OCCCc3ccccc3)n2C)n(C)c1=O,6.35
CN=CC1CC(=O)Oc2cc(OCc3ccccc3)ccc21,7.55284
O=c1oc2ccccc2cc1-c1cccs1,5.2
COc1cc(C=Cc2ccc(OCCCCCCN(C)Cc3ccccc3)cc2)cc(OC)c1,4.39
CC(C)CCOc1nc2c(c(=O)n(C)c(=O)n2C)n1C,4.99
COc1cc(C=CC=CC(=O)c2ccccc2O)ccc1O,6.3
Cc1sc(NN=Cc2cccs2)nc1-c1ccccc1,5.52
Cc1sc(NN=C2CCCCCCC2)nc1-c1ccccc1,5.64
CC(C)OC(=O)N=C1Cc2ccccc2OC1=O,5.18
CNc1cncc(N(C)C)c1CN,3.6
C#CCn1c(=O)c2c(nc3n2CCCN3Cc2ccccc2)n(C)c1=O,5.42481
CC(=O)c1cc2cc(Cl)cc(Br)c2oc1=O,6.85387
C#CCN(C)C1CCc2ccc(O)cc21,7.7
Cc1cc(=O)oc2cc(OCC=CC3=CC(=O)C(C)(C)O3)ccc12,6.77
O=C(C=Cc1ccc(O)cc1)C=C(O)c1ccccc1O,7.57741
Cn1c(=O)c2c(nc(SCCCc3ccccc3)n2C)n(C)c1=O,6.30103
Nc1nnc2c3ccccc3n(Cc3ccccc3)c2c1-c1ccccc1Cl,4.45
O=c1oc2ccccc2cc1-c1ccsc1,4.88
COc1cc(NC(C)CCCN)c2nccc(C)c2c1Oc1ccc(F)c(F)c1,5.44
CN1C(=N)N(C)C(=Cc2c[nH]c3ccccc23)C1=O,5.0
CC(=O)N1N=C(c2ccc(O)cc2O)CC1c1ccccc1,4.52
CC1(C)OC(C=CCOc2ccc3ccc(=O)oc3c2)=CC1=O,7.55006
Cc1ccc(Nc2ncc3c(n2)CC(C)CC3=O)cc1,8.41
CN1CCN(C(=O)C=CC=Cc2ccc3c(c2)OCO3)CC1,6.02
CSCOc1cc(=O)oc2cc(OCc3cccc(Cl)c3)ccc12,6.5
Cn1c(=O)c2c(nc(OCC3CCCC3)n2C)n(C)c1=O,4.93
Cn1c(=O)c2c(nc(OCC3CCCCC3)n2C)n(C)c1=O,6.0
N=CC1CC(=O)Oc2cc(OS(=O)(=O)c3cccc(Cl)c3)ccc21,5.48149
COC(=O)c1cc2ccc(OCCc3ccc(Cl)cc3)cc2oc1=O,8.85078
O=C(Nc1ccc(O)cc1)c1coc2ccccc2c1=O,7.19382
Clc1ccc(OCCCN2CC=CCC2)c(Cl)c1,4.18
Cn1c(CNc2ccccc2)cc2cc(OCCCC3CCN(Cc4ccccc4)CC3)ccc21,4.0
Cn1c(N2N=C(c3ccccc3)CC2c2ccc(Br)cc2)nc2ccccc2c1=O,4.98
CN(C)c1ccc(C=C2Oc3ccccc3C2=O)cc1,7.00436
COc1ccccc1NC(=S)N1N=C(c2ccccc2O)CC1c1ccc(O)cc1,3.84
O=C(NCc1ccccc1)c1cc2ccccc2oc1=O,5.71
NC(=S)N1N=C(c2ccco2)CC1c1ccc(F)cc1,8.58
Cc1cc2c(nn1)-c1cc(OCc3cccc(Cl)c3)ccc1C2=O,6.96
COC(=O)c1cc2cc(OCc3cccc(Cl)c3)ccc2oc1=O,7.50169
CNC(=S)N1CC(C)C(c2ccc(Cl)cc2)=N1,4.46
CCCNC(=O)c1coc2ccccc2c1=O,4.42
N#Cc1ccc(COc2ccc3occc(=O)c3c2)cc1,7.66
O=C(C=Cc1ccco1)c1ccc(F)cc1,5.12
c1ccc2cc(C3=NCCN3)ccc2c1,5.83
COc1cc(C=Cc2ccc(OCCCCCN(C)Cc3ccccc3)cc2)cc(OC)c1,4.79
CC(C)CNC(=O)c1cc2ccc(OCc3ccccc3)cc2oc1=O,5.02
COc1ccc(-c2nnn(CCC#N)n2)cc1,4.43
COCOc1cc(=O)oc2cc(OCc3cccc(Cl)c3)ccc12,7.0
CC(C)c1ccc(NC(=O)c2cc3ccccc3oc2=O)cc1,6.19
O=c1oc2cc(OCc3ccccc3)ccc2s1,4.23
CC1CCN(C(=O)C=Cc2ccc3c(c2)OCO3)CC1,6.3
CCCCCCC(C)=NNc1nc(-c2ccc3ccccc3c2)cs1,3.82
O=C1CC(=CN2CCCC2)c2ccc(OCc3cccc(Cl)c3)cc2O1,5.77
Cc1c(C)c2c(c(C)c1O)CCC(C)(COc1ccc(Cc3sc(O)nc3O)cc1)O2,5.68403
CCOC(=O)c1cc2cc([N+](=O)[O-])ccc2cc1O,6.0
CC(C)CNC(=O)c1cc2ccccc2oc1=O,5.49
Cc1ccc(COc2ccc3coc(O)c3c2)cc1,8.05
COc1ccc(CN2CCN(C(=O)CN3CCCn4c3nc3c4c(=O)n(C)c(=O)n3C)CC2)cc1,4.63
Cc1ccc(COc2ccc(-c3nn(CCC#N)c(=S)o3)cc2)cc1,6.4
N#Cc1cccc(COc2ccc3occc(=O)c3c2)c1,7.12
C(=NNc1nc(-c2ccc3ccccc3c2)cs1)c1cccc2ccccc12,4.64
O=C(NCCN1CCOCC1)c1cnc(Cl)c(Cl)c1,4.32
C#CCCCCOc1ccc2cc(C(=O)OC)c(=O)oc2c1,8.85078
Clc1ccc(C=NNc2nc3ccccc3nc2Cc2ccccc2)cc1,4.08
CN1N=C(c2ccccc2)CC1c1ccccc1F,6.55284
CN(C)c1ccc(C=C2SC(=O)N(CCN)C2=O)cc1,6.71
N#Cc1ccc(COc2ccc3c(c2)CCCC3=O)cc1,7.96
Cc1c(C)c2ccc(OCc3ccc([N+](=O)[O-])cc3)cc2oc1=O,8.07007
CC(=O)c1ccc2c(c1)Oc1ccc(C(C)=O)cc1S2(=O)=O,5.7
COC(=O)CCCCc1ccc2c(c1)OCO2,5.74473
N#Cc1ccc(Sc2ccccc2)cc1,4.95
C#CCN(C)Cc1cc2ccccc2n1C,8.52
Cn1c(=NN)[nH]c2ccccc2c1=O,4.73
O=C1CC(=CCl)c2ccc(OCc3cccc(Br)c3)cc2O1,6.68
CCCN(C)c1ccc(CC2=Cc3cc(O)c(O)cc3C2=O)cc1,5.12494
N#CCOc1cc(=O)oc2cc(OCc3cccc(Cl)c3)ccc12,7.34
COc1cc2c(cc1O)CCN(C)C2C,2.64
Cn1c(=O)c2c(cc(C#Cc3ccc(Cl)cc3)n2C)n(C)c1=O,7.17
Cc1c(C)c2ccc(OCc3c(F)c(F)c(F)c(F)c3F)cc2oc1=O,8.79048
N#CC=C1CCN(c2ccc(N3CC(Cn4ccnn4)OC3=O)cc2F)CC1,5.6
Oc1ccc(C2CC(c3c4ccccc4cc4ccccc34)=NN2)cc1,8.1707
CNc1nc(O)c(C=C2C=Nc3ccc(Br)cc32)[nH]1,5.69897
C#CCN(C)CCCOc1ccc(Cl)cc1Cl,6.59
COc1cc(Br)cc2cc(-c3ccccc3)c(=O)oc12,7.08
C#CCN(C)C1CCc2cccc(O)c21,7.3
COCC(O)COc1ccc(OCc2cccc(F)c2)cc1C(C)=O,6.52
C#CCN(C)C1CCc2ccc(OC(=O)N(C)C)cc21,4.33
Fc1ccc(-c2csc(NN=Cc3cccnc3)n2)c(F)c1,6.70224
CS(=O)(=O)c1ccc(C(=O)C=Cc2ccc(Cl)cc2)cc1,6.33
Cn1c(=O)c2c(nc(CSc3cccc(Cl)c3)n2C)n(C)c1=O,5.21325
O=C1NC(=S)NC1=Cc1c[nH]c2c(Br)cccc12,5.91
S=c1cc(-c2ccccc2)oc2ccccc12,3.82
COc1ccc2c(c1)-c1nnc(-c3cccc(C(F)(F)F)c3)cc1C2=O,4.75
C#CCNC1CCc2ccc(OC(=O)N(C)CCC)cc21,3.39
COc1cc(=O)oc2cc(OCc3cccc(F)c3)ccc12,7.44
C#CCN(C)Cc1cc2cc(OCC3CCN(Cc4ccccc4)CC3)ccc2n1C,6.12494
COc1cc(OCC(C)=O)cc2oc(=O)ccc12,4.36
Cc1ccccc1C1CC(c2ccc(O)cc2O)=NN1C,5.69037
CCCN1CCN(c2ccc(OC)cc2)CC1,3.23
NCCCNCCCCNCCCNCc1ccccc1,3.54
O=C(CN1CCCCC1)c1ccc2c(c1)OCO2,5.5
Cc1ccc(C(=O)C=Cc2ccc(Br)cc2)o1,6.15058
COC(=O)c1coc2ccc(OCc3cccc(Br)c3)cc2c1=O,7.11126
CC1=C(C=NNC(N)=O)C(C)(C)CC=C1,3.95
CC(=NNc1nc(-c2ccc(F)cc2F)cs1)c1ccc2ccccc2c1,3.82
COc1cc(C=Cc2ccc(OCCCCCCN3CCC(O)CC3)cc2)cc(OC)c1,4.84
N#Cc1ccc(SCc2ccc(Br)cc2)cc1C#N,7.60206
COc1ccc(COc2ccc(-c3nnn(CCC#N)n3)cc2)cc1,5.47
C#CCNCCc1cccc(O)c1,3.97
CC#CCNCc1cc2cc(OCc3ccccc3)ccc2[nH]1,7.82
Cn1c(=O)c2c(nc(SCCc3ccccc3)n2C)n(C)c1=O,6.6517
CC1CN(C(N)=S)N=C1c1ccccc1,3.82
C#CCNC1CCc2c(OC(=O)N(C)CC)cccc21,3.82
COc1ccc(C=C2COc3cc(OCCCCCCNc4c5c(nc6ccccc46)CCCC5)ccc3C2=O)cc1,6.56
CCOc1ccc(C2CNC(=O)CS2)cc1,5.47
c1ccc(CNCc2cc3ccccc3[nH]2)cc1,3.8
Oc1ccc(C=NNc2nc3ccccc3nc2Cc2ccccc2)cc1,2.1
O=C(C=CC=Cc1ccc(Cl)cc1)c1cc(Cl)ccc1O,5.84
CCc1ccc(NC(=O)c2cc3ccccc3oc2=O)cc1,6.05061
O=c1c(CO)coc2ccccc12,4.42
N#Cc1ccc(-c2csc(NN=Cc3ccc4c(c3)OCO4)n2)cc1,6.52129
C#CCNC1CCc2ccc(OC(=S)N(C)C)cc21,4.01
Cc1ccc(-c2cc3cc(C)ccc3oc2=O)cc1,9.51004
O=C(C=CC=Cc1ccccc1)Nc1cccc(Br)c1,5.56384
Cn1cccc1C(=O)C(c1ccccc1)N1CCCC1,3.3
CCOC(=O)c1coc2ccccc2c1=O,5.72
N#CCCCOc1ccc(OCc2cccc(Cl)c2)cc1CO,6.0
Cn1c(=O)c2c(nc(NCCc3ccccn3)n2C)n(C)c1=O,4.71
Nc1ccc(NCc2ccccn2)cc1,5.02
CC(=NNc1nc(C)cs1)c1cccnc1,4.87
Cc1nccc2c1[nH]c1cc(OCc3ccccc3)ccc12,5.86
Oc1ccc(C2CC(c3ccccc3O)=NN2C(=S)Nc2ccccc2)cc1,3.4
COc1cc(C=Cc2ccc(OCCN(C)Cc3ccccc3)cc2)cc(OC)c1,4.05
COc1ccccc1NC(=S)N1N=C(c2ccc(O)cc2O)CC1c1ccc(O)cc1,3.77
O=C1c2ccccc2-c2nnc3c(c21)CCc1ccccc1-3,4.3
Cc1cc2ccc(OCC=CC3=CC(=O)C(C)(C)O3)cc2oc1=O,6.23
CCCCCCC(C)=NNc1nc(-c2cccc(OC)c2)cs1,3.82
O=C(COc1cccc(Cl)c1)N=c1[nH]c2ccccc2c(=O)s1,6.18
CCCNCc1cc2ccccc2oc1=O,4.21
C#CCNC1CCc2cccc(O)c21,5.68
N#CCCn1nnc(-c2ccc(OCc3cccc(Cl)c3)cc2)n1,7.0
Clc1ccc(-c2csc(NN=C3CCCCCC3)n2)c(Cl)c1,6.03
CNC(=S)N1N=C(c2ccc(OC)cc2)CC1c1ccc[nH]1,4.9
CCOC(=O)c1cc(=O)c2ccccc2o1,4.0
C#CCCCCOc1ccc2c(c1)CC(=NC(C)=O)C(=O)O2,7.61
CCN(C)c1ccc(CC2=Cc3cc(OC)c(O)cc3C2=O)cc1,4.54
CC(=NNc1nc(-c2ccc(F)cc2F)cs1)c1ccncc1,7.78
COc1ccc(-c2cc(=S)c3ccc(C)cc3o2)cc1,3.82
Cn1c2ccccc2c2nnc(N)c(-c3ccccc3Cl)c21,3.0
CCNC(=S)N1N=C(c2ccc(Cl)cc2)CC1c1ccc[nH]1,3.35
O=C(O)c1cc2cc(I)cc(I)c2oc1=O,4.75
O=C(C=Cc1ccc(O)cc1)CC(=O)c1ccccc1O,7.58
C#CCN(Cc1ccc(O)c2ncccc12)C(C#N)CC1CCN(Cc2ccccc2)CC1,4.91
O=C(C=CC=Cc1ccc([N+](=O)[O-])cc1)c1ccccc1O,6.8
COc1ccc2c3cc[nH]c(C)c-3nc2c1,3.92
Clc1ccc(C2CC(c3c4ccccc4cc4ccccc34)=NN2)cc1,8.74473
Cc1nnc2c(c1Cc1ccccc1)C(=O)c1ccccc1-2,4.08
CC(=NNc1nc(-c2ccccc2)c(C)s1)C1CCCCC1,5.21183
O=C1c2ccccc2-c2nnc(-c3cccc(C(F)(F)F)c3)cc21,8.07007
NC(=S)N1N=C(c2ccc(Cl)cc2)CC1c1ccc[nH]1,4.53
N#Cc1ccc(Sc2ccc(Cl)cc2)cc1,5.37
C#CCCCCOc1ccc2cc(C(=O)c3ccc(OC)cc3)c(=O)oc2c1,7.17328
O=C(NCCCN1CCOCC1)c1ccc(Cl)nc1,4.12
c1ccc2cc(-c3csc(NN=C4CCCCC4)n3)ccc2c1,5.5
Cc1sc(NN=Cc2c[nH]c3ccccc23)nc1-c1ccccc1,5.85387
CC1CCCCC1=NNc1nc(-c2ccccc2)cs1,6.15
CCCC(C)=NNc1nc(-c2ccccc2)c(C)s1,5.64
Cc1ccc(COc2ccc3occc(=O)c3c2)cc1,8.22185
CC1CCCC1=NNc1nc(-c2ccc(F)cc2F)cs1,8.21042
Cc1cc(=O)oc2c(C)c3oc4c(c3cc12)CCC4,4.14
CCN=C1CCc2c1n(C)c1ccccc21,4.11
Cn1c(=O)c2c(cc(C=Cc3ccccc3)n2C)n(C)c1=O,5.80134
Oc1ccccc1C1=NN(C(=S)Nc2ccccc2)C(c2ccccc2)C1,3.36
CCN(CC)c1ccc2cc(C(=O)c3ccccc3)c(=O)oc2c1,4.62
Cc1ccc(C=CC(=NN=c2[nH]c3ccccc3c(=O)n2C)c2ccccc2)cc1,4.19
CCCn1c(=O)c2c(nc3n2CCCN3CC(=O)N2CCN(c3ccc(Cl)cc3)CC2)n(CCC)c1=O,5.03
CC(=NNc1nc(-c2ccc(C#N)cc2)cs1)c1ccccn1,6.00177
CCCOc1ccc2cc(CC(C)N)ccc2c1,4.87
C(=Nc1ccccc1)c1ccccn1,3.16
CC(=O)c1cc2ccccc2oc1=O,4.84
Cc1cccc(C2CC(c3ccc(O)cc3)=NN2C)c1,5.24
C#CCN(C)C1CCc2ccccc21,6.22185
C#CCNCc1cc2cc(OCCCC3CCN(Cc4ccccc4)CC3)ccc2n1C,6.824
Cc1sc(NN=Cc2ccco2)nc1-c1ccccc1,5.51428
Cn1c(N)nc(C=C2C=Nc3ccccc32)c1O,4.46
CC(=NNc1nc2ccccc2nc1Cc1ccccc1)c1ccc([N+](=O)[O-])cc1,4.05
Cn1c(=O)c2c(cc(C=Cc3ccc(Cl)cc3)n2C)n(C)c1=O,6.7
C#CCN(C)C1CCc2c(O)cccc21,7.15
CCOC(=O)c1cc2ccccc2cc1O,5.3
Cc1c(C)c2ccc(C=Cc3ccccc3)cc2oc1=O,7.55
C(=NNc1nc(-c2ccc3ccccc3c2)cs1)c1ccc2c(c1)OCO2,3.82
Cc1ccc(S(=O)(=O)N2N=C(c3ccccc3O)CC2c2ccccc2O)cc1,3.21
C#CCN(Cc1ccccc1)Cc1cc2ccccc2n1C,4.22
Cc1ccc2oc(=O)c(-c3ccccc3)cc2c1,6.55
CC1CCC(=NNc2nc(-c3ccc(C#N)cc3)cs2)C1,6.64306
N#Cc1ccc(SC2CCCCC2)cc1C#N,6.6517
CC(=NNc1nc(-c2ccc(F)cc2)cs1)c1ccccn1,7.61422
NNC(=O)c1cc2ccccc2oc1=O,8.49214
C#CCNCCCOc1cccc(C(=O)NCc2ccccc2)c1,5.24413
c1ccc(CCN2CCCCC2)cc1,3.12
COc1ccc(C2CC(c3ccc(O)cc3)=NN2C(C)=O)cc1,5.14267
Cn1c(=O)c2c(nc3n2CCCN3Cc2cccc(Cl)c2)n(C)c1=O,6.46344
N#Cc1ccc(SC2CCCCC2)cc1,5.32148
Cn1c(N)nc(O)c1C=C1C=Nc2c(Br)cccc21,4.46
O=C1C(=Cc2ccc(Cl)cc2)COc2ccccc21,6.81183
O=c1ccoc2cccc(OCc3ccc(Br)cc3)c12,5.36251
CNC(=S)N1N=C(c2ccc(C)cc2)CC1c1ccc[nH]1,3.46
Cc1cccc(NC(=O)C=Cc2ccccc2)c1,5.35
CCCNc1cncc(N(C)CCC)c1CN,4.7
Cn1c(=O)c2c(nc(SC3CCCC3)n2C)n(C)c1=O,4.68
C#CCCCCOc1ccc2ccc(=O)oc2c1,8.5817
Cn1c(=O)c2c(nc3n2CCCN3CC(=O)N2CCN(Cc3ccc(C(F)(F)F)cc3)CC2)n(C)c1=O,5.46
Cc1cccc(C)c1NC(=O)c1cc2ccccc2oc1=O,5.89
Cn1c(N2N=C(c3ccc(Cl)cc3)CC2c2ccco2)nc2ccccc2c1=O,5.14146
COc1ccc2oc(=O)c(-c3ccc(C)cc3)cc2c1,8.82
CCOC(=O)c1cc2cc(Cl)cc(Br)c2oc1=O,4.76
Cc1sc(NN=C2CCCCC2C)nc1-c1ccccc1,5.95468
Cn1c(=O)c2c(nc(OCCOCc3ccccc3)n2C)n(C)c1=O,5.56
CC(C(N)=O)N1CCc2cc(OCc3cccc(F)c3)ccc2C1,6.62
Cc1ccc(CCSc2nc3c(c(=O)n(C)c(=O)n3C)n2C)cc1,7.14267
CC(C)=CCOc1ccc(C(=O)C=Cc2ccccc2)c(O)c1,4.85
Cn1c(=O)c2c(nc3n2CCCN3c2ccc(Cl)cc2)n(C)c1=O,5.0
CN(CCc1ccccc1)c1nc2c(c(=O)n(C)c(=O)n2C)n1C,4.77
O=C1CC(=CCl)c2ccc(OCc3cccc(Cl)c3)cc2O1,7.36002
CN1C(=N)N(C)C(=Cc2c[nH]c3ccc(Br)cc23)C1=O,5.57
Cc1ccccc1COc1ccc(-c2nnn(CCO)n2)cc1,6.54
CC=NC(=S)N1N=C(c2ccc(OC)cc2)CC1c1cccs1,4.19
COc1ccc(C=CC=CC(=O)c2c(O)cccc2O)cc1OC,5.84
N#Cc1ccc(C=CC(=O)Nc2cccc(Br)c2)cc1,6.54
Cc1ccccc1NC(=O)c1cc2ccccc2oc1=O,5.53
CN(Cc1ccccc1)C(=O)c1ccc(OCC(F)=CCN)cc1,5.66
O=C(CCN1CCCCC1)c1ccc2c(c1)OCO2,5.46
COc1cc(-c2cc3cc(C)ccc3oc2=O)ccc1Br,8.49
COc1ccc(-c2csc(NN=C3CCCCC3C)n2)cc1,5.63
Cc1c(C)c2ccc(OCc3ccc(C#N)cc3)cc2oc1=O,8.63078
COc1ccc(C=C2COc3cc(O)ccc3C2=O)cc1,5.97469
COc1cc(C=CC=CC(=O)c2c(O)cccc2O)ccc1O,6.01348
Clc1ccc(C=NNc2nc(-c3ccc(Cl)cc3)cs2)cc1,3.82
CN=C1CC(=O)Oc2cc(OCc3cccc(Cl)c3)ccc21,8.06
O=[N+]([O-])c1ccc(-c2csc(NN=Cc3ccco3)n2)cc1,3.82
COc1ccc(C2C(=O)Oc3ccc(C)cc3C2=O)cc1Cl,4.37
C#CCN(C)C1CCc2ccc(OC(=O)N(C)CCC)cc21,5.04
N#Cc1ccc(Sc2ccccc2)cc1C#N,5.67162
Cn1c(N)nc(O)c1C=C1C=Nc2ccccc21,4.36
CSc1nc(C=C2C=Nc3c(Br)cccc32)c(O)[nH]1,5.61386
COc1ccc(C=CC=CC(=O)c2ccccc2O)cc1,5.74232
Cn1c(=O)c2c(nc(SCCc3ccc(F)cc3)n2C)n(C)c1=O,7.15
C#CCN(C)Cc1cc2cc(OCCN3CCC(Cc4ccccc4)CC3)ccc2n1C,5.85387
NC(=O)Cc1cc(=O)oc2cc(OCc3cccc(O)c3)ccc12,6.0
CCCNC(=O)C=CC=Cc1ccc2c(c1)OCO2,7.35
Cn1cccc1C(O)C(c1ccccc1)N1CCCCC1,5.91
CCNCc1cn(Cc2ccccc2)c2ccccc12,3.37
O=C(C=Cc1ccccc1)c1ccccc1,5.85078
Cn1c(=O)c2c(nc(COc3ccc(Br)cc3)n2C)n(C)c1=O,6.72354
Nc1cccc(-c2ccc(C3=NCCN3)o2)c1,4.72
O=c1cc(-c2ccccc2)c2ccc(OCc3ccccc3)cc2o1,5.4
Cc1c(C)c2ccc(OCc3cc([N+](=O)[O-])cc([N+](=O)[O-])c3)cc2oc1=O,8.19
CC(=NNc1nc(-c2ccc3ccccc3c2)cs1)c1ccc2ccccc2c1,3.82
Cc1cccc(COc2ccc3c(c2)-c2nnc(C)cc2C3=O)c1,6.32
COc1cc(C(=O)C=Cc2cc(O)c(O)c([N+](=O)[O-])c2)cc(OC)c1OC,4.3
CC(=O)NCC1CN(c2ccc(C=C(Br)c3c(C)oc[n+]3C)c(F)c2)C(=O)O1,4.68
O=C(Sc1ncccn1)c1cc2ccccc2oc1=O,5.11464
COc1cc(NC(=O)c2cc3ccc(OCc4ccc(F)cc4)cc3oc2=O)cc(OC)c1,4.67
CN1N=C(c2ccc(O)cc2)CC1c1cccc(Cl)c1,5.68403
O=C(NCCN1CCOCC1)c1cccnc1Cl,5.74473
Clc1ccc(C2=NCCN2)c(Cl)c1,5.4
O=C(C=Cc1cccc(Cl)c1)c1ccco1,5.68
Cc1ccc2c(=O)cc(-c3ccc(F)cc3)oc2c1,3.82
NC1CC1c1cccc(OCCC(NC(=O)c2ccccc2)C(=O)NCc2ccccc2)c1,3.13
COc1cccc(NC(=S)N2N=C(c3ccccc3)CC2c2ccccc2O)c1,3.01
Cc1nccc2c1[nH]c1cc(OCCCC(F)(F)F)ccc12,5.5
Cc1sc(NN=C2CCC(C)C2)nc1-c1ccccc1,5.64
CC(=O)COc1ccc2oc(=O)c(-c3ccc(C)cc3)cc2c1,5.26
Cc1cccc(COc2ccc(-c3nnn(CCC#N)n3)cc2)c1,6.7
Cc1ccccc1C=NNc1nc(-c2ccc(F)cc2)cs1,6.72
O=[N+]([O-])c1ccc(-c2csc(NN=C3CCCC3)n2)cc1,7.03
O=C(NCCN1CCOCC1)c1ccc(Cl)nc1,4.47
O=C(C=Cc1ccc(O)cc1)c1ccc(O)cc1O,4.33
Clc1ccc(-c2csc(NN=C3CCCCC3)n2)cc1,6.68
O=C(C=CC=Cc1ccccc1)c1ccccc1O,6.98
CC(C)NC(=O)c1cc2ccccc2oc1=O,4.98
O=C(CCc1ccccc1Br)N=c1[nH]c2ccccc2c(=O)s1,7.19382
CC(=O)c1cc(OCc2cccc(C)c2)ccc1OCCCC#N,7.0
N#Cc1ccc(SCc2ccccc2)cc1C#N,6.78
Oc1occ2ccc(OCCc3ccccc3)cc12,7.33
COc1ccc(C2CC(c3ccc(OCC=C(C)C)cc3O)=NN2C(C)=O)cc1,4.22
O=C(Cc1sc(O)nc1O)Nc1ccccc1,4.66
O=C(c1ccc(O)cc1)c1cc2cc(Br)cc(O)c2oc1=O,3.91
CNC(=S)N1N=C2CCCCC2C1c1ccco1,5.68
Cn1c(=O)c2c(nc(SCCc3cccc(Cl)c3)n2C)n(C)c1=O,7.37
C#CCNNCC=Cc1ccccc1,4.99
O=C1CCc2ccc(OCCCc3ccccc3)cc2N1,6.89
O=C(Cl)c1cc2cc(Br)ccc2cc1O,6.96
Cc1ccc(C2CC(c3ccccc3O)=NN2C(=O)Oc2ccccc2)cc1,4.25
CC(C)(C)c1ccc(OCC(F)=CCN)cc1,5.19382
COc1cc(C2CC(c3ccccc3O)=NN2C(=S)Nc2ccccc2C)ccc1O,3.7
CSc1ccc(NC(=O)c2coc3ccccc3c2=O)cc1,6.92082
NC1CC1c1cc(F)cc(F)c1OCc1ccccc1,4.77
O=C1c2cc(Cl)ccc2OCC1Cc1ccc(Cl)cc1,5.51286
NC(=O)C1CCCN1C=C1CC(=O)Oc2cc(OCc3ccccc3)ccc21,6.42022
CN(C(=O)c1cc2ccc(OCc3ccccc3)cc2oc1=O)c1ccccc1,5.63
CCOC(=O)c1cc2cc(Br)cc(Br)c2oc1=O,3.82
CCN(CCCCCCOc1ccc(C=Cc2cc(OC)cc(OC)c2)cc1)Cc1cccc(F)c1,4.01
O=C1C(=Cc2ccc(O)c(O)c2)COc2ccccc21,6.85226
Cn1c(=O)c2c(c3ccc(-c4cccc(Cl)c4)cc3n2C)n(C)c1=O,5.86
Cc1ccc(C2=NN(C(N)=S)CC2)cc1,4.74
CCCN1CCC(c2ccc(C(F)(F)F)cc2)CC1,4.89
COc1ccc(NC(=S)N2N=C(c3ccc(O)cc3O)CC2c2ccc(O)cc2)cc1,3.34
Fc1ccc(-c2csc(NN=Cc3cccs3)n2)cc1,6.47063
C#CCN(C)CC(O)COc1ccccc1-c1ccccc1,3.63
C#CCN(C)Cc1cc2cc(OCCCCC3CCN(Cc4ccccc4)CC3)ccc2n1C,5.57
COc1cc(C=Cc2ccc(OCCCCCCN3CCCCC3)cc2)cc(OC)c1,4.85
CN1N=C(c2ccccc2)CC1c1cccc(F)c1,7.22185
COc1cccc(COc2ccc(-c3nn(CCC#N)c(=S)o3)cc2)c1,7.0
Nc1ccc(OCc2ccccc2)cc1,5.26
O=C(C=Cc1ccccc1)Nc1ccccc1,5.25
Fc1ccc(-c2nc3ccc(N4CCCCC4)nc3s2)cc1,7.58
Cc1ccc2oc(=O)c(C(=O)O)cc2c1,7.72011
O=C(NCCN1CCOCC1)c1cnccc1Cl,4.13
Cc1cc2cc(NC(=O)C=Cc3ccccc3)ccc2[nH]1,5.1
C#CCNCCc1cccc(OC(=O)N(C)CCC)c1,6.54
O=C(NCCN1CCOCC1)c1cccnc1Br,6.49485
COc1cccc(C=CC(=O)c2ccc(C)o2)c1,5.5544
Cn1c(=O)c2c(nc3n2CCCN3CC(=O)N2CCN(Cc3ccc(Cl)cc3)CC2)n(C)c1=O,4.63
CC(=O)c1cc(OCc2cccc(Br)c2)ccc1O,6.24
CN(CCOc1ccc(Cc2sc(O)nc2O)cc1)c1ccccn1,5.24
CCNC(=S)N1N=C(c2ccc(OC)cc2)CC1c1ccc[nH]1,4.66
NCC=C1CC(=O)Oc2cc(OCc3cccc(Cl)c3)ccc21,6.60206
Cc1c(C)c2ccc(OS(=O)(=O)c3ccccc3)cc2oc1=O,5.96
Cc1ccc2c(c1)OC(c1ccccc1)CC2=O,6.96
COc1ccc(C=CC(=O)CC(=O)c2ccccc2O)cc1,3.82
C#CCN1CCc2nc3ccccc3c(N)c2C1,3.21
CN=CC1CC(=O)Oc2cc(OCc3cccc(Br)c3)ccc21,7.96019
COc1ccc(C2CC(c3ccccc3)=NN2C(C)=O)cc1OC,4.6
CN1N=C(c2ccc(O)cc2O)CC1c1ccccc1Cl,6.52288
CC(NCc1ccc(OCc2ccc([N+](=O)[O-])cc2)cc1)C(N)=O,4.77
Clc1ccc(-c2csc(NN=Cc3ccccc3)n2)cc1,3.82
C#CCN(C)C(CF)Cc1ccccc1,6.77
NC(=O)Cc1cc(=O)oc2cc(OCc3cccc(F)c3)ccc12,7.30103
C#CCN(C)Cc1ccc(O)c2ncccc12,5.82391
COc1ccc2c(=O)cc(-c3ccc(F)cc3)oc2c1,5.29
CC1CCC(=NNc2nc(-c3ccc([N+](=O)[O-])cc3)cs2)CC1,6.44
CC(=O)Oc1ccc(C=CC=CC(=O)N2CCCCC2)cc1OC(C)=O,6.12494
CCCOc1cc(=O)oc2cc(OCc3cccc(Cl)c3)ccc12,7.21
CCN(CC)CCCCCCOc1ccc(C=Cc2cc(OC)cc(OC)c2)cc1,5.0
COc1cccc(-c2csc(NN=C3CCC(C)C3)n2)c1,6.64
O=Cc1coc2ccccc2c1=O,4.63
c1ccc2cc(-c3csc(NN=C4CCCC4)n3)ccc2c1,5.66
O=C1NC(=O)c2cc(Sc3ccc(Br)cc3)ccc21,6.44
CNC(=O)c1ccc2c(c1)Oc1ccccc1S2(=O)=O,5.52
c1ccc(NCc2ccccn2)cc1,4.01
CC(=NNc1nc(-c2ccc(C#N)cc2)cs1)c1ccccc1,3.82
C#CCN(C)C(C)Cc1cccc(OC(=O)N(C)C2CCCCC2)c1,6.55
COc1cccc(C(=O)C=CC2=Cc3cc(Br)ccc3OC2)c1,4.45
COc1ccc(C2=NN(C(N)=S)CC2)cc1,4.81
Cc1c(C)c2ccc(OCC(O)c3ccccc3)cc2oc1=O,6.52
Oc1occ2ccc(OCc3ccc(Br)cc3)cc12,8.62
O=C(C=CCc1ccc(Cl)c(Cl)c1)N=c1[nH]c2ccccc2c(=O)s1,5.33348
Fc1ccc(-c2csc(NN=Cc3ccc4c(c3)OCO4)n2)c(F)c1,5.93181
CCOC(=O)c1cc2ccc(OC)cc2oc1=O,4.63
COc1ccc(C=CC=CC(=O)c2cc(F)ccc2O)cc1,6.14
CCOC(=O)c1cc2ccc(OCc3ccc(C(C)(C)C)cc3)cc2oc1=O,5.43
O=C(CCCc1ccccc1)N=c1[nH]c2cc(Cl)ccc2c(=O)s1,5.91364
CC(=NNc1nc(-c2ccc([N+](=O)[O-])cc2)cs1)c1ccccn1,7.57398
N#CCCn1nnc(-c2ccc(OCc3ccccc3)cc2)n1,8.7
CC(=O)NCC1CN(c2ccc(C=C(F)c3cncnc3)c(F)c2)C(=O)O1,3.32
Cn1c(=O)c2c(cc(C=Cc3ccc(C#N)cc3)n2C)n(C)c1=O,6.26496
COc1ccccc1C1CC(c2ccc(O)cc2O)=NN1C(C)=O,3.89
COc1cccc(-c2cc3cc(C)ccc3oc2=O)c1,9.1
O=C(C=Cc1ccccc1)c1cc(F)ccc1O,6.18
Oc1ccc(C2=NN(c3ccccc3)CC2)cc1,5.52
CC(=O)COc1ccc2c(c1C)OC(=O)C1CCCC=C21,4.76
O=C1c2ccccc2-c2nnc(COc3ccccc3)cc21,5.60033
Cc1ccc(C(=O)N=C2Cc3cc(C)ccc3OC2=O)cc1,6.77
O=C1NC(=O)c2cc(OCCc3ccc(Br)cc3)ccc21,7.54
Cc1ccc(C(=O)C=Cc2ccc(C(F)(F)F)cc2)o1,6.56067
CC(=O)c1cc(OCc2cccc(C(F)(F)F)c2)ccc1OCCCO,7.52
CCN(CC)C(=O)CCCCc1ccc2c(c1)OCO2,5.76
CC(C)=CCOc1ccc(C2=NN(C(N)=S)C(c3ccccc3)C2)c(O)c1,4.28
CC(=O)NCC1CN(c2ccc(C=C(F)c3cccnc3)c(F)c2)C(=O)O1,4.01
N#Cc1ccc(-c2cc3c(nn2)-c2ccccc2C3=O)cc1,5.66
O=C1c2ccccc2-c2nnc(-c3cccc(Cl)c3)cc21,8.34008
CC1CCCCC1=NNc1nc(-c2ccc(F)cc2F)cs1,7.4437
O=C1NC(=S)NC1=Cc1c[nH]c2ccc(Br)cc12,5.59057
O=C(Sc1ccc(Br)cc1)c1cc2cc(Br)c(Br)cc2oc1=O,4.6
COc1ccc(NC(=O)c2cc3ccccc3oc2=O)cc1OC,6.07
O=C1c2ccccc2-c2nnc(-c3ccc([N+](=O)[O-])cc3)cc21,6.3
Cc1sc(NN=Cc2ccc3c(c2)OCO3)nc1-c1ccccc1,5.18243
c1ccc2c(c1)Oc1ccc(C3=NCCN3)cc1S2,5.0
O=C(C=CC=Cc1ccc(Cl)cc1)c1ccccc1O,6.07
N#Cc1ccc(Sc2ccc(Br)cc2)cc1C#N,7.10237
C=C(Br)COc1ccc2c(oc(=O)c3ccccc32)c1C,8.83
N#Cc1c(F)c(F)c(NC(=O)c2cc3ccc(OCc4ccccc4)cc3oc2=O)c(F)c1F,4.78
CCOc1ccc(C2CNCCS2)cc1,5.66354
C#CCN(C)C(C)Cc1ccc(OCCCCCCNc2c3c(nc4cc(Cl)ccc24)CCCC3)cc1,6.28483
O=C(c1ccccc1)c1cc2cccc(O)c2oc1=O,4.57
Nc1nc(O)c(Cc2ccccc2)s1,4.62
O=C1c2ccccc2-c2nnc(-c3cc(Cl)cc(Cl)c3)cc21,6.15
N#CCCn1nc(-c2ccc(OCc3ccccc3)cc2)sc1=O,8.1
Cc1ccc(COc2ccc(-c3nn(CCC#N)c(=O)o3)cc2)cc1,7.82
COc1ccc2c(c1)cc(CNCc1ccccc1)n2C,4.0
Oc1occ2ccc(OCc3ccc(F)cc3)cc12,8.19382
Cc1ccc(C2CC(c3ccccc3)=NN2c2nc3ccccc3c(=O)n2C)cc1,5.1
COc1cc(COc2ccc(OCCCC#N)c(C(C)=O)c2)cc(OC)c1,6.52
Cn1c(=O)c2c(nc(SCCc3ccc(C(F)(F)F)cc3)n2C)n(C)c1=O,7.72125
COc1cccc(C=CC(=O)N=c2[nH]c3ccccc3c(=O)s2)c1,6.55129
CC(=CCC1=CC(c2ccc(F)cc2)=CC1)c1ccc2ccccc2c1,3.82
NC(=O)COc1cc(=O)oc2cc(OCc3cccc(Cl)c3)ccc12,8.51
COc1ccc(-c2csc(NN=C3CCC(C)CC3)n2)cc1,4.51
Cc1c(C)c2ccc(OCc3cccc(O)c3)cc2oc1=O,8.01
CCCCNC(=O)C=CC=Cc1ccc2c(c1)OCO2,6.48149
O=c1c2c3ccc4ccccc4c3[nH][nH]c=2c2ccccc12,5.0
CCN=C1CC(=O)Oc2cc(OCc3cccc(Cl)c3)ccc21,7.55006
CC(C)(C)OC(=O)N1CCN(C(=S)SCc2cn(Cc3ccccc3F)nn2)CC1,3.1
O=C(COc1cc(=O)oc2cc(OCc3cccc(Cl)c3)ccc12)N1CCOCC1,4.89
O=C(C=Cc1cc(O)c(O)c([N+](=O)[O-])c1)c1ccccc1,4.3
C=CCCC(C)=NNc1nc(-c2ccc3ccccc3c2)cs1,5.4045
O=C(NNc1ccccc1)c1cc2ccccc2oc1=O,5.34486
O=[N+]([O-])c1ccc(C2CC(c3c4ccccc4cc4ccccc34)=NN2)cc1,8.64
CN1N=C(c2ccc(O)cc2)CC1c1ccccc1F,5.52
S=C(c1ccc2c(c1)OCO2)N1CCCCC1,4.81
CCN(CCCCCCOc1ccc(C=Cc2cc(OC)cc(OC)c2)cc1)Cc1ccccc1,4.23
CC1(c2ccccc2)OC(C=CCOc2ccc3ccc(=O)oc3c2)=CC1=O,5.82
CNc1nc(O)c(C=C2C=Nc3ccccc32)n1C,4.47
N#Cc1ccc(Sc2ccc(Cl)cc2)cc1C#N,6.9431
CC(=O)c1cc(OCc2cccc(Cl)c2)ccc1OCCCC#N,7.52
COc1cc(OC)cc(C(=O)C=CC2=Cc3cc(Br)ccc3OC2)c1,4.78
Cn1c(=O)c2c(nc3n2CCCN3CCc2ccc(Cl)cc2)n(C)c1=O,6.20482
Cc1ccc(CCOc2ccc3coc(O)c3c2)cc1,7.09151
CN(C)C(=O)c1ccc(OCC(F)=CCN)cc1,4.72
N#CCCCCn1nnc(-c2ccc(-c3ccccc3)cc2)n1,5.22
Cc1ccc(-c2c(N)n[nH]c3c4ccccc4nc2-3)cc1,3.8
CC(=NNc1nc2ccccc2nc1Cc1ccccc1)c1cccs1,3.07
O=C1CCCc2cc(OCCCc3ccccc3)ccc21,7.49485
CN=C1N(C)C(=O)C(=Cc2c[nH]c3ccccc23)N1C,5.04494
Cc1ccc(COc2ccc3c(C)c(C)c(=O)oc3c2)cc1,8.86012
Cc1cc2cc(NC(=O)c3ccccc3)ccc2[nH]1,5.78
C(=NNc1nc(-c2ccc3ccccc3c2)cs1)c1cccnc1,5.32239
CN(C)c1ccc(O)c(CNc2ccc(C=Cc3cc(O)cc(O)c3)cc2)c1,4.85
CC(=O)c1cc(OCc2cccc(F)c2)ccc1OCCCC#N,7.0
CCCN=CC1CC(=O)Oc2cc(OCc3cccc(Cl)c3)ccc21,6.69001
O=C(O)c1cc(=O)c2cc(Cl)ccc2o1,3.0
Cc1nnc(COc2ccc3c(C)c(C)c(=O)oc3c2)o1,7.82
Cc1ccccc1NC(=S)N1N=C(c2ccccc2)CC1c1ccccc1O,4.66
N#Cc1ccc(SCc2ccc(F)cc2)cc1,6.35
N#Cc1ccc(-c2csc(NN=Cc3ccncc3)n2)cc1,5.1707
Cn1c(CNCc2ccccc2)cc2cc(OCCCC3CCN(Cc4ccccc4)CC3)ccc21,4.0
O=C(c1ccccc1)c1nc2ccccc2n2c(-c3ccccc3Cl)nnc12,3.42
CC(=NNc1nc(-c2ccc3ccccc3c2)cs1)c1ccco1,5.64016
NC(=O)C(NCc1ccc(OCc2cccc(F)c2)cc1)c1ccccc1,5.0
CC(=NNc1nc(-c2ccc3ccccc3c2)cs1)c1cccs1,4.84
COc1ccc(C(C=Cc2ccco2)=NN=c2[nH]c3ccccc3c(=O)n2C)cc1,4.04
C#CCNC1CCc2ccc(OC(=O)N(C)C)cc2C1,3.0
CCCNC(=S)N1N=C(c2ccc(OC)cc2)CC1c1ccc[nH]1,4.54
O=S1(=O)c2cc(C3=NCCN3)ccc2Oc2ccc(C3=NCCN3)cc21,5.3
C#CCn1c(=O)c2c(nc3n2CCCN3c2cc(OC)cc(OC)c2)n(C)c1=O,4.63
O=C1CCCc2cc(OCc3ccc(Cl)cc3)ccc21,8.1549
O=C(Nc1ccccc1Cc1ccccc1)c1cc2ccc(OCc3ccccc3)cc2oc1=O,4.2
Fc1ccc(-c2csc(NN=Cc3cccc4ccccc34)n2)cc1,4.89
COc1ccc(NC(=O)c2coc3ccccc3c2=O)cc1OC,5.63264
Cn1c(=O)c2c(nc(COc3cccc(Br)c3)n2C)n(C)c1=O,6.83
CCN(CC)C(=O)C=CC=Cc1ccc2c(c1)OCO2,7.11
CN=C1N=C(Cc2c[nH]c3ccccc23)C(=O)N1,5.22
O=C(C=Cc1ccc2c(c1)OCO2)NC1CCCCC1,6.18
Cn1c(=O)c2c(nc(S(O)=Cc3ccccc3)n2C)n(C)c1=O,3.88
CN1N=C(c2ccc(O)cc2O)CC1c1ccc(Cl)cc1,6.47
C#CCN(C)Cc1cc2cc(O)ccc2n1C,6.09
c1ccc(-c2csc(NN=C3CCCCCC3)n2)cc1,7.57
CN1N=C(c2ccccc2)CC1c1ccc(F)cc1,6.85387
CC1CC(=O)c2cnc(Nc3ccc(Cl)cc3)nc2C1,8.6
COc1cc(-c2cc3c(nn2)-c2ccccc2C3=O)ccc1O,5.0
COc1cccc(-c2csc(NN=Cc3cccc4c3OCO4)n2)c1,3.82
C(=NNc1nc(-c2ccc3ccccc3c2)cs1)c1cccs1,5.33442
Cn1c(=O)c2c(nc(SCc3ccc(F)cc3)n2C)n(C)c1=O,6.46
CCOC(=O)N1N=C(c2ccccc2O)CC1c1ccccc1,4.96
CCCSc1ccc(CC(C)N)cc1,1.82
Cc1ccc(C2CC(=O)c3ccccc3O2)cc1,5.68403
CN(C)c1ccc(-c2c(N)n[nH]c3c4ccccc4nc2-3)cc1,3.0
COc1ccc(C2OC(c3ccc(C)cc3)=NN2C(C)=O)cc1,4.13
CC(=O)NCC1CN(c2ccc(C=C(Br)c3ccccc3)c(F)c2)C(=O)O1,5.03
CC1CCC(=NNc2nc(-c3ccc(Cl)cc3)cs2)CC1,5.62
Cc1cccc(COc2ccc(-c3nnn(CCO)n3)cc2)c1,6.52
COc1ccc2cc(C(C)=O)c(=O)oc2c1,4.81
COc1ccc2c(=S)cc(-c3ccc(C)cc3)oc2c1,5.12
CC(C)=CCOc1ccc(C(=O)C=Cc2ccc(Cl)cc2)c(O)c1,5.90309
C#CCCCCOc1ccc2oc(=O)c(C(=O)OC)cc2c1,6.91009
CN(C(=O)c1cc(=O)c2ccccc2o1)c1ccccc1,4.0
c1ccc(CNCc2cn(Cc3ccccc3)c3ccccc23)cc1,3.44
Cc1sc(NN=Cc2cc3ccccc3oc2=O)nc1-c1ccccc1,5.52
CCCC(C)=NNc1nc(-c2ccc3ccccc3c2)cs1,5.51
COc1ccc(-c2cc3c(nn2)-c2ccccc2C3=O)cc1OC,6.0
C#CCNC1CCc2ccc(OC(=O)N(C)C)cc21,3.28
O=Cc1coc2ccc(OCc3cccc(Br)c3)cc2c1=O,8.4318
COC(=O)c1cc2ccc(OCC=C(C)CCC=C(C)C)cc2oc1=O,7.10292
Cn1c(=O)c2c(cc(OCc3ccc(Cl)cc3)n2C)n(C)c1=O,7.32
CC(=O)N=C1CC(=O)Oc2cc(OCc3cccc(Cl)c3)ccc21,7.41005
COc1ccc(C=C2COc3cc(OCCCCCCNc4c5c(nc6cc(Cl)ccc46)CCCC5)ccc3C2=O)cc1,5.87
O=C1NC(=O)c2cc(SCc3ccccc3)ccc21,8.35
NC(=O)c1cc(=O)oc2cc(OCc3cccc(Cl)c3)ccc12,6.63001
O=C(c1ccccc1)c1nc2ccccc2n2cnnc12,3.03
O=C(CCCc1cccc(Cl)c1)N=c1[nH]c2ccccc2c(=O)s1,5.16241
c1ccc2cc(-c3csc(NN=C4CCCCCCC4)n3)ccc2c1,5.12205
O=C1NC(=O)c2cc(Sc3ccc(Cl)cc3)ccc21,6.34008
Cn1c(=O)c2c(nc(S(O)=CCc3ccc(Br)cc3)n2C)n(C)c1=O,6.33
CC(C(N)=O)c1cc(=O)oc2cc(OCc3ccccc3)ccc12,7.0
O=C1c2ccc(OCCCC(F)(F)F)cc2-c2nnc(-c3cccc(C(F)(F)F)c3)cc21,5.12
O=c1cc(C=NO)c2ccc(OCc3cccc(Cl)c3)cc2o1,6.66
Cc1c(C)c2ccc(OCCc3ccccc3)cc2oc1=O,8.25
COc1ccc(C=C2COc3cc(OCCCCCCCCNc4c5c(nc6cc(Cl)ccc46)CCCC5)ccc3C2=O)cc1,5.81
CC(=O)Nc1ccc2c(c1)S(=O)(=O)c1ccccc1N2,4.66
Fc1ccc(-c2csc(NN=Cc3ccc(Cl)cc3)n2)cc1,5.88
COc1ccc(C2=NN(C(C)=O)C(c3ccccc3C)C2)c(OC)c1,4.4
Cc1c(C)c2ccc(OCc3nnc(C(C)C)s3)cc2oc1=O,9.05
CN1N=C(c2ccc(O)cc2O)CC1c1cccc(Cl)c1,6.74473
O=C(NCCN1CCOCC1)c1cncc(Br)c1,4.26
COc1cc2c(cc1OC)C(C)N(C)CC2,2.8
C#CCN1CCN(Cc2ccnc3c(O)cccc23)CC1,4.19
CCCNC(=S)N1N=C2CCCCC2C1c1cccs1,5.54
Cc1cc(=O)oc2cc(O)ccc12,4.09
Cn1c(=O)c2c(nc(CSc3ccc(Br)cc3)n2C)n(C)c1=O,5.39254
CC(C(N)=O)c1cc(=O)oc2cc(OCc3cccc(F)c3)ccc12,7.0
O=C1c2ccccc2-c2nnc(-c3ccc(N4CCCCC4)cc3)cc21,6.0
NC(=S)N1N=C(c2ccccc2)CC1c1ccc(Cl)cc1,6.0942
CCCC(C)=NNc1nc(-c2cccc(OC)c2)cs1,6.06
CC(C)NC(=O)c1cc2cc(Br)cc(Br)c2oc1=O,4.99
CNC(=S)N1CCC(c2ccc(F)cc2)=N1,4.29
Cn1c(=NN=C(C=Cc2cccs2)c2ccc(Cl)cc2)[nH]c2ccccc2c1=O,4.16
COc1ccc(NC(=S)N2N=C(c3ccccc3O)CC2c2ccccc2O)cc1,4.39
O=C1c2cc(O)ccc2-c2nnc(-c3cccc(C(F)(F)F)c3)cc21,5.29
Cc1nccc2c1[nH]c1cc(OCCc3ccccc3)ccc12,5.81
CC(=O)N1N=C(c2ccc(O)cc2O)CC1c1ccc(Cl)cc1,3.92
N#Cc1ccc2c(c1)Oc1ccccc1S2(=O)=O,5.6
Cc1c(C)c2ccc(OCCOc3ccccc3)cc2oc1=O,7.57
O=c1oc2ccccc2cc1-c1ccccc1,4.93
CC(=NNc1nc(-c2ccc(C#N)cc2)cs1)c1ccncc1,6.3606
Cc1cccc(-c2cc3cc(C)ccc3oc2=O)c1,7.82362
COc1cc(NC(C)CCCN)c2nccc(C)c2c1Oc1ccccc1Cl,5.65
COc1cc(C=C2COc3ccccc3C2=O)cc(OC)c1OC,4.68
Cc1ccc(-c2csc(NN=C3CCC(C)CC3)n2)cc1,5.26
CC(=O)c1cc2cc(O)ccc2oc1=O,4.19
O=C(SCc1ccco1)c1cc2ccccc2oc1=O,6.68
COc1ccc(-c2cc3c(nn2)-c2ccccc2C3=O)cc1,7.13001
Cn1c(N2N=C(c3ccccc3)CC2c2ccccc2)nc2ccccc2c1=O,4.6
COc1cc(NC(C)CCCN)c2nccc(C)c2c1Oc1cccc(Cl)c1,5.6
Cn1c(N)nc(O)c1C=C1C=Nc2cc(Br)ccc21,4.45
CCn1nnc(-c2ccc3c(=O)c4cc(O)ccc4oc3c2)n1,7.0
COc1ccc2cc(C(=O)c3ccccc3)c(=O)oc2c1,3.82
CC(=O)N1N=C(c2ccc([N+](=O)[O-])cc2)OC1c1ccc(Cl)cc1,6.915
C#CCNCCc1cccc(OC(=O)N(C)C)c1,4.62
COCC(COc1ccc(OCc2cccc(C(F)(F)F)c2)cc1C(C)=O)OC(C)=O,7.52
c1cc2c(cc1C1=NCCN1)Sc1cc(C3=NCCN3)ccc1O2,5.0
O=c1ccc2ccc(OCc3cccc(Cl)c3)cc2o1,7.77006
Cc1ccc(C2=NN(C(N)=S)CC2C)cc1,3.82
Fc1ccc(-c2csc(NN=C3CCCCC3)n2)c(F)c1,6.19
CC(=O)N1N=C(c2ccc(OCC=C(C)C)cc2O)CC1c1ccc(Cl)cc1,5.06
COCC(COc1ccc(OCc2cccc(C(F)(F)F)c2)cc1C(C)=O)OC(=O)OC,6.7
Cn1c(=O)c2c(nc(CCSc3ccc(Cl)cc3)n2C)n(C)c1=O,5.11
COc1ccc(C2CC(c3ccc(O)cc3)=NN2C(C)=O)c(OC)c1,4.7
NC(=S)N1N=C(c2ccc[nH]2)CC1c1ccco1,4.16
CC1=C(C=NN(C)C(N)=S)C(C)(C)CC=C1,3.93
C#CCn1c(=O)c2c(nc3n2CCCN3Cc2ccc(OC)cc2)n(C)c1=O,5.0
N#Cc1ccc(SCCc2ccccc2)cc1C#N,6.91
OCCn1nnc(-c2ccccc2)n1,4.05
Cc1cc2cc(NC(=O)c3ccc(Cl)c(Cl)c3)ccc2[nH]1,7.52
CC1CCCC(=NNc2nc(-c3ccc(Cl)cc3Cl)cs2)C1,5.02
COc1ccc2c(c1)C(=O)c1ccc(-c3nnc(C)o3)cc1S2(=O)=O,7.0
O=C(Nc1ccc(C(F)(F)F)cc1)c1coc2ccccc2c1=O,6.96
Cn1c(=O)c2c(nc(CSc3cccc(Br)c3)n2C)n(C)c1=O,5.31
CN=CC1CC(=O)Oc2cc(OS(=O)(=O)c3cccc(Cl)c3)ccc21,5.77
Fc1ccc(-c2csc(NN=Cc3ccco3)n2)c(F)c1,6.66438
CC(NCc1ccc(OCc2ccccc2)cc1)C(N)=O,6.59
C#CCCCOc1ccc2oc(=O)c(C(=O)OC)cc2c1,5.84164
CC#CCNCCCCC(NC(=O)c1ccccc1)C(=O)OC(C)(C)C,3.32
Cc1sc(NN=C2CCCCC2)nc1-c1ccccc1,5.75
NC(=O)C1CCCN1c1cc(=O)oc2cc(OCc3ccccc3)ccc12,4.79
Cc1ccc(C(=O)C=Cc2cccc(Cl)c2)o1,6.53165
COc1ccc(C2(F)CC2N)cc1,5.29243
O=C(c1ccccc1)c1nc2ccccc2n2c(-c3ccc([N+](=O)[O-])cc3)nnc12,3.64
Nc1cccc(OCc2ccccc2)c1,5.0
O=c1ccoc2ccc(OCc3ccccc3)cc12,6.25
CC(C)(C)c1cc(Cc2sc(O)nc2O)cc(C(C)(C)C)c1O,5.62342
OCCn1nnc(-c2ccc(Cl)cc2)n1,4.42
Nc1cccc(-c2cc3c(nn2)-c2ccccc2C3=O)c1,4.49
O=C(C=Cc1ccccc1)Nc1cccc(Br)c1,6.35
CC(CC(C)C)=NNc1nc(-c2ccccc2)c(C)s1,5.56
Oc1ccccc1C1=NN(C(=S)Nc2ccccc2)C(c2ccccc2Cl)C1,3.34
Clc1ccccc1-c1nc2ccc(N3CCCCC3)nc2s1,6.77
COc1ccc(C=NNc2nc(-c3ccc(F)cc3)cs2)cc1OC,5.62
Oc1occ2ccc(OCCOc3ccc(F)cc3)cc12,8.13077
OCCn1nnc(-c2ccc(OCc3ccc(Cl)cc3)cc2)n1,6.49
O=C1CCc2cc(OCc3cccc(Br)c3)ccc2N1,7.07
O=C(Nc1ccccc1)c1cc2ccccc2oc1=O,6.12
O=C(O)c1ccc(NC(=O)c2cc3ccccc3oc2=O)cc1,5.9431
Cc1ccc(COc2ccc(-c3nnn(CCO)n3)cc2)cc1,5.1
COc1cc(NC(C)CCCN)c2ncccc2c1,4.02
Oc1ccccc1C1=NNC(c2ccccc2O)C1,6.11
c1ccc2c(c1)nnc1c3ccccc3[nH]c21,3.91
c1ccc(-c2ncc3c4ccccc4cc-3[nH]2)cc1,4.89
COc1cc(C=Cc2ccc(OCCCCCCN(C)C)cc2)cc(OC)c1,5.12378
CC1CCC(=NNc2nc(-c3ccc4ccccc4c3)cs2)C1,5.46
CN(C)c1ccc(N=Nc2ccccn2)cc1,7.1549
COc1cc(NC(=O)c2cc3ccc(OCc4ccccc4)cc3oc2=O)cc(OC)c1,5.47366
N#Cc1ccc(-c2csc(NN=C3CCCCC3)n2)cc1,7.28001
N#CCCCCCCn1nnc(-c2ccc(-c3ccccc3)cc2)n1,5.27
CC(=CCN(C)C)c1ccccc1,2.21
CN1C(=N)N(C)C(=Cc2c[nH]c3cccc(Br)c23)C1=O,4.29
COc1cccc(-c2csc(NN=C(C)C)n2)c1,5.29499
O=c1cc(-c2ccc(O)c(O)c2)oc2cc(O)cc(O)c12,4.22
CC(C)=NNc1nc(-c2ccc3ccccc3c2)cs1,5.45
O=c1ccoc2ccc(OCCc3ccc(Br)cc3)cc12,7.57
O=C1CC(O)Oc2ccc(OCc3cccc(Br)c3)cc21,8.24413
Cn1c(=O)c2c(cc(C=Cc3ccc(F)cc3)n2C)n(C)c1=O,6.76
NC1CC1c1ccc(OCCC(NC(=O)c2ccccc2)C(=O)NCc2ccccc2)cc1,2.77
CC(=O)c1cc(OCc2ccccc2)ccc1OCCCC#N,6.3
COc1cccc(C=C2COc3cc(OCCCCCCNc4c5c(nc6ccccc46)CCCC5)ccc3C2=O)c1,5.66
CCOC(=O)CCCCc1ccc2c(c1)OCO2,5.91009
Cc1ccc(C(=O)C=Cc2ccc(F)c(Br)c2)o1,6.7
CC(=O)c1cc(OCc2cccc(C(F)(F)F)c2)ccc1OCCCC#N,7.7
CC(C#N)Cn1nc(-c2ccc(OCc3ccccc3)cc2)oc1=O,5.62
COc1ccc(-c2nnc3c(C(=O)c4ccccc4)nc4ccccc4n23)cc1,4.07
Cc1cc2cc(NC(=O)c3ccc[n+](C)c3)ccc2[nH]1,4.4
Oc1occ2ccc(OCc3ccc(Cl)cc3)cc12,8.55284
O=C(C=Cc1cccc(O)c1)Nc1cccc(Br)c1,6.0
CC(=O)c1cc(OCc2cccc(Cl)c2)ccc1OCCCCC#N,6.15
O=C(C=Cc1ccc(OCc2ccccc2)cc1)c1ccc(F)cc1,6.30103
CC1CCCC1=NNc1nc(-c2ccc(C#N)cc2)cs1,7.42
COc1ccc(-c2cc3cc(C)ccc3oc2=O)cc1,7.88439
Cc1ccc(-c2csc(NN=C3CCCC3)n2)cc1,6.87
Cc1cccc(COc2ccc(C3=NN(CCC#N)C(=O)CO3)cc2)c1,7.51
N=C(N)N1N=C(c2ccccc2)CC1c1ccc(Cl)cc1,5.37469
O=C(CCCc1ccccc1)Nc1nc2sccc2c(=O)s1,6.54
C#CCNC(C)Cc1cccc(OC(=O)N(C)CCCC)c1,6.4
CCc1ccc(CCOc2ccc(Cc3sc(O)nc3O)cc2)nc1,5.68
Cn1c(=O)c2c(nc(SCCCc3ccc(Cl)cc3)n2C)n(C)c1=O,7.21467
O=C(C=Cc1cccc(O)c1)Nc1cccc(Cl)c1,5.88
O=C(Nc1ccc(O)c(O)c1)c1coc2ccccc2c1=O,6.8
CC(NCc1ccc(OCc2ccc(Cl)cc2)cc1)C(N)=O,5.66
CCCn1c(=O)c2c(nc3n2CCCN3CCC(=O)N2CCN(c3ccccc3)CC2)n(CCC)c1=O,4.63
C#CCN(CCCCCCNc1c2c(nc3ccccc13)CCCC2)C(C)Cc1ccc(OC)cc1,4.74
CC1CCCCC1=NNc1nc(-c2ccc(Cl)cc2)cs1,4.88
Cn1cccc1C(=O)C(c1ccccc1)N1CCCCC1,3.39
CNc1nc(O)c(C=C2C=Nc3ccccc32)[nH]1,5.22185
O=C(C=Cc1ccccc1)CC(=O)c1cc(F)ccc1O,7.3
CN(C)c1ccc(C=NNc2nc3ccccc3nc2Cc2ccccc2)cc1,3.06
O=C(Nc1ccc(O)cc1)c1cc(=O)c2ccccc2o1,4.38
Cn1c(=O)c2c(nc(OCc3ccc(Cl)cc3)n2C)n(C)c1=O,7.32
O=C(NCCCN1CCOCC1)c1cc2cc([N+](=O)[O-])ccc2oc1=O,4.34
O=C(Sc1ccc(Br)cc1)c1cc2ccccc2oc1=O,5.19
Fc1ccc(-c2cc(=S)c3ccc(F)cc3o2)cc1,5.16178
COc1ccc2c(C)c(C)c(=O)oc2c1,9.3
CNC(=O)c1ccc2c(c1)C(=O)c1ccc(C(=O)NC)cc1S2(=O)=O,6.22
Cc1ccc(C(=O)C=Cc2ccc(Cl)cc2)o1,6.21042
C#CCn1c(=O)c2c(nc3n2CCCN3c2ccc(C(C)C)cc2)n(C)c1=O,5.25
C#CCN(C)C(C)Cc1ccc(OCCCCCCNc2c3c(nc4ccccc24)CCCC3)cc1,6.68
O=C1NC(=O)C(=Nc2cccc(C(=O)O)c2)S1,4.25
c1ccc(Cc2nc3ccccc3nc2NCCN2CCOCC2)cc1,3.08
c1ccc(COc2ccc3c(c2)OCO3)cc1,5.62
CC(NCc1ccc(OCc2cccc(Cl)c2)cc1)C(N)=O,7.48149
O=C1c2ccccc2-c2nnc(-c3ccc(Cl)cc3)cc21,7.96019
C(C=Cc1ccccc1)=Cc1ccccc1,6.22185
C(=NNc1nc(-c2ccc3ccccc3c2)cs1)c1ccncc1,5.13
NC(=S)N1N=C(c2ccccc2)CC1c1ccncc1,5.4
CC(=NNc1nc(-c2ccccc2)c(C)s1)c1cccs1,5.63078
C#CCn1c(=O)c2c(nc3n2CCCN3CC2CCCCC2)n(C)c1=O,4.69
O=C1CCCc2cc(OCc3cccc(F)c3)ccc21,7.77
CC(=NNc1nc(-c2ccccc2)c(C)s1)c1ccccc1,5.6517
Cc1c(C)c2ccc(CCc3ccccc3)cc2oc1=O,6.34
Cc1ccc2c(=S)cc(-c3ccc(F)cc3)oc2c1,3.82
c1ccc2cc(-c3csc(NN=C4CCCCCC4)n3)ccc2c1,4.9
CSc1nc(O)c(C=C2C=Nc3ccccc32)[nH]1,4.23
COc1cccc(C=Cc2cc3c(c(=O)n(C)c(=O)n3C)n2C)c1,6.43156
CC(=O)N1N=C(c2ccccc2)CC1c1ccccc1C,4.42
O=C1C(=Cc2ccc(Cl)cc2)Oc2ccccc21,6.52
CCCN(CCC)CCCCCCOc1ccc(C=Cc2cc(OC)cc(OC)c2)cc1,4.03
O=C1c2ccccc2OCC1Cc1ccccc1,4.23
COc1ccc(C=CC=CC(=O)c2cc(Cl)ccc2O)cc1,6.81491
Cc1ccc2cc(O)c(C(=O)Cl)cc2c1,7.0
CCOC(=O)c1cc(=O)c2cc(Cl)ccc2o1,4.41
Cc1ccccc1NC(=O)c1cc2cc(Br)cc(Br)c2oc1=O,5.33
O=C(C=Cc1cccc(Cl)c1)N=c1[nH]c2ccccc2c(=O)s1,7.03012
Cc1ccc(C2=NN(c3ccccc3)CC2)cc1,4.3
O=C(O)C=Cc1cc2c(O)c3ccccc3c-2n[nH]1,4.0
COc1ccc(C2CC(c3c4ccccc4cc4ccccc34)=NN2)cc1,9.22185
COc1cccc(-c2csc(NN=C(C)c3cccnc3)n2)c1,8.61
NC(=O)C(CO)NCc1ccc(OCc2ccccc2)cc1,6.39
N#CCCn1nc(-c2ccc(OCc3ccc([N+](=O)[O-])cc3)cc2)oc1=S,5.37
COc1cc(=O)oc2cc(OCc3ccccc3)ccc12,7.0
O=C(Nc1ccc(Cl)cc1)c1coc2ccccc2c1=O,7.20066
CCOC(=O)c1cc(=O)oc2cc(OCc3cccc(Cl)c3)ccc12,6.38
CC(C)Oc1cc(=O)oc2cc(OCc3cccc(Cl)c3)ccc12,4.61
Nc1ccc(-c2cc3c(nn2)-c2ccccc2C3=O)cc1,4.61
C#CCn1c(=O)c2c(nc3n2CCCN3Cc2cccc(OC)c2)n(C)c1=O,5.02
O=C(C=Cc1ccc(Cl)cc1)CC(=O)c1ccccc1O,3.82
O=C1c2ccccc2-c2nnc(-c3ccc(C(F)(F)F)cc3)cc21,8.27003
O=c1ccc2cc(OCc3ccccc3)c(O)cc2o1,5.69
Cn1c(=O)c2c(nc3n2CCCN3CC(=O)N2CCN(c3ccccc3)CC2)n(C)c1=O,5.0
CC(=O)c1cc(OCc2cccc(F)c2)ccc1OCCCO,7.0
CC1CCC(=NNc2nc(-c3ccc(F)cc3F)cs2)CC1,7.04001
C#CCn1c(=O)c2c(nc3n2CCCN3Cc2ccccc2OC)n(C)c1=O,5.74473
Cc1ccc(C(=O)C=Cc2cccc(Br)c2)o1,6.35
CN(C)CC=C1CC(=O)Oc2cc(OCc3ccccc3)ccc21,6.34
COc1cccc(-c2csc(NN=Cc3ccco3)n2)c1,5.17
O=C1C(=Cc2ccc(Cl)cc2)COc2cc(OCCCCCCNc3c4c(nc5ccccc35)CCCC4)ccc21,4.81
CC(=NNc1nc(-c2ccc3ccccc3c2)cs1)c1ccccc1,5.21
CCN(CC)c1ccc2cc(C(C)=O)c(=O)oc2c1,4.74
Oc1ccccc1C1=NN(C(=S)Nc2ccccc2)C(c2cccs2)C1,3.41
Cn1c(=O)c2c(nc(CSc3cccc(F)c3)n2C)n(C)c1=O,4.65
Cc1ccccc1NC(=O)c1cc2cc([N+](=O)[O-])ccc2oc1=O,4.53
O=c1oc2c(O)cc(Br)cc2cc1-c1ccc(O)cc1,4.77
O=C1c2ccccc2-c2nnc3c(c21)-c1ccccc1CC3,4.3
CN(C(=O)c1cc2ccccc2oc1=O)c1ccccc1,5.0511
Fc1ccc(-c2csc(NN=C3CCCC3)n2)c(F)c1,8.52
Cc1ccc2oc(=O)c(-c3ccc(O)cc3)cc2c1,6.81
Cc1c(C)c2ccc(OCC=Cc3ccccc3)cc2oc1=O,6.95001
CC(=O)c1cc(OCc2ccc(Cl)c(Cl)c2)ccc1OCCCC#N,7.0
CCOC(=O)N=C1CC(=O)Oc2cc(OCc3cccc(Cl)c3)ccc21,6.23
COC(=O)c1cc2cc(OCCc3ccc(Cl)cc3)ccc2oc1=O,6.92082
c1ccc(COc2ccc(C3CNCCS3)cc2)cc1,7.42022
CN1C(=O)C2NC(C=Cc3cccc(Cl)c3)N(C)C2N(C)C1=O,4.0
COc1ccccc1C=C1COc2cc(OCCCCCCNc3c4c(nc5ccccc35)CCCC4)ccc2C1=O,5.75
O=C(NCCCN1CCOCC1)c1cc2cc(Br)cc(Br)c2oc1=O,4.98
CSc1ccc(OCC(F)=CCN)cc1,6.8
O=C1C=C=C(c2cc3c(O)c4ccccc4c-3n[nH]2)C=C1,5.0
C#CCNC(C)Cc1cccc(OC(=O)N(C)C)c1,5.24
COc1ccc2c(c1)OC(c1ccc(C)cc1)CC2=O,6.26
CN(C)c1ccc(-c2nnc3c(C(=O)c4ccccc4)nc4ccccc4n23)cc1,2.14
Oc1ccccc1C1CC(c2c3ccccc3cc3ccccc23)=NN1,8.13371
Cc1c(C)c2ccc(OS(=O)(=O)c3ccc(Cl)cc3)cc2oc1=O,5.4
O=C(Nc1cccc(C(F)(F)F)c1)c1cc2ccccc2oc1=O,6.60206
COc1ccc(C2C(=O)Oc3ccccc3C2=O)cc1Cl,5.03339
CC(=O)Nc1ccc2[nH]c(C)c(C)c2c1,4.38
Cc1ccc(C2=NN(c3nc4ccccc4c(=O)n3C)C(c3ccco3)C2)cc1,4.11
CCOC(=O)c1c(-c2ccccc2)nnc2c1C(=O)c1ccccc1-2,5.28
N#CCCn1nnc(-c2ccc(Cl)cc2)n1,5.44
CSc1nc(C=C2C=Nc3ccc(Br)cc32)c(O)[nH]1,5.06
C#CCNC1CCc2c(Cl)cc(OC(=O)N(C)CCC)cc21,4.49
N=C1NC(=O)C(=Cc2c[nH]c3ccccc23)N1,4.48
NCCNC(=O)c1ccc(Cl)cn1,7.66
O=C1Oc2ccccc2CC1=NC(=O)c1ccc(Cl)c(Cl)c1,5.23
O=C(c1ccccc1)c1cc2c(nn1)-c1ccccc1C2=O,4.79
Cc1c(C)c2ccc(OCc3ccc(C(C)C)cc3)cc2oc1=O,8.15
Cn1c(N)nc(C=C2C=Nc3ccc(Br)cc32)c1O,5.37
O=C(Oc1ccccc1)c1ccc(C2=NCCN2)cc1,5.86
O=C(NN=Cc1ccccc1O)c1ccc(O)cc1,5.89
Oc1ccc(C2CC(c3ccccc3)=NN2C(=S)Nc2ccccc2)cc1,4.31
O=C(C=Cc1ccccc1)CC(=O)c1ccccc1O,5.94
N#Cc1ccc(SC2CCCC2)cc1C#N,6.05208
O=C1c2ccccc2-c2nnc(COc3ccc(C(F)(F)F)cc3)cc21,4.97
O=C(Oc1ccc2oc(O)cc2c1)c1cccc(Cl)c1,6.37
Cc1c(C)c2ccc(Oc3ccccc3)cc2oc1=O,5.49
CN(C)c1ccc(-c2nnc3c(C(=O)c4ccccc4)nc4ccccc4n23)cc1Br,4.14
CC(N)Cc1ccc2cc(OCc3ccccc3)ccc2c1,5.59176
COc1ccc(C(C=Cc2cccs2)=NN=c2[nH]c3ccccc3c(=O)n2C)cc1,3.73
CC(=O)N1N=C(c2ccc(O)cc2)CC1c1ccccc1Cl,4.05
COc1ccc2c(c1)C=C(C=CC(=O)c1ccccc1OC)CO2,6.49485
C#CCN(Cc1ccccc1)Cc1cn(Cc2ccccc2)c2ccccc12,3.59
CCCOc1ccc2oc(=O)c(CN3CCCC3)cc2c1,4.65
COc1cc(C(=O)N=C2Cc3ccccc3OC2=O)cc(OC)c1OC,4.14
Cn1c(=NN=C(C=Cc2ccc(Cl)cc2)c2ccccc2)[nH]c2ccccc2c1=O,5.11
Cc1ccccc1NC(=S)N1N=C(c2ccccc2)CC1c1ccc(O)cc1,3.51
COc1ccc(C(=O)C=CC=Cc2ccc(Cl)cc2)c(O)c1,8.35
C#CCN(C)Cc1ccnc2c(O)cccc12,7.24
O=C(C=CC=Cc1ccc(Cl)cc1)c1ccc(O)cc1O,7.95
CC(NC(=O)c1ccc(OCC(F)=CCN)cc1)c1ccccc1,5.79317
NC(=NO)N1N=C(c2ccccc2O)CC1c1ccccc1O,4.01
N#Cc1ccc(-c2csc(NN=Cc3cccnc3)n2)cc1,6.02382
O=C(SCc1ccco1)c1cc2cc([N+](=O)[O-])ccc2oc1=O,4.88
COc1ccc(COc2ccc(-c3nn(CCC#N)c(=S)o3)cc2)cc1,6.04
Nc1ccc(C=C2COc3ccccc3C2=O)cc1,6.06
Cc1ccc(-c2csc(NN=C3CCCCC3)n2)cc1,5.96
CNC(=O)Cc1cc(=O)oc2cc(OCc3ccccc3)ccc12,7.82391
CN=CC1CC(=O)Oc2cc(OCc3ccc4c(c3)OCO4)ccc21,7.7
N#Cc1cc(=O)oc2cc(OCc3cccc(Cl)c3)ccc12,6.99
O=C1CCCc2cc(OCc3cccc(I)c3)ccc21,8.35
O=C1CC(=O)c2ccc(OCc3cccc(Br)c3)cc2O1,6.31
COc1cc(C2=NCCN2)cc(OC)c1OC,3.0
C#CCNCCOc1ccc2cc(C(=O)OC)c(=O)oc2c1,6.42366
CC(=O)N1N=C(c2ccc(O)cc2)CC1c1ccc(Cl)cc1,4.4
Cc1cccc(OCc2nc3c(c(=O)n(C)c(=O)n3C)n2C)c1,5.91009
Oc1occ2ccc(OCCc3ccc(F)cc3)cc12,7.17
CCOc1cc(=O)oc2cc(OCc3cccc(Cl)c3)ccc12,6.94
O=C1c2ccccc2-c2nnc(-c3ccc(F)cc3)cc21,7.83003
O=C1Nc2cc(Oc3ccccc3)ccc2C1=O,5.37
O=C1Nc2ccc(C=Cc3ccccc3)cc2C1=O,8.4
N#CCOc1ccc(OCc2cccc(Cl)c2)cc1CO,5.7
Cn1cccc1C(=O)C(N)c1ccccc1,4.38
CC#CCN(C)Cc1cc2cc(OC)ccc2n1C,6.43
CN=C1N=C(Cc2c[nH]c3ccc(Br)cc23)C(=O)N1,5.7
Cc1ccccc1-c1cc2c(nn1)-c1ccccc1C2=O,4.51
Cc1cccc(Cl)c1NC(=O)c1cc2ccccc2oc1=O,4.72
OCCCCCCn1nnc(-c2ccc(-c3ccccc3)cc2)n1,4.79
CCOc1cccc(NC(=O)c2ccc(N3CCCC3)c(C(F)(F)F)c2)c1,4.81
O=c1c(Cc2ccc(O)cc2)coc2ccccc12,3.82
C#CCN(C)C1CCc2cccc(OC(=O)N(C)CC)c21,4.0
O=C(CCc1ccccc1)N=c1[nH]c2ccccc2c(=O)s1,7.75449
Fc1ccc(-c2csc(NN=Cc3cccs3)n2)c(F)c1,7.78042
CC(=CCOc1ccc2c(C)c(C)c(=O)oc2c1)C1=CC(=O)C(C)(C)O1,6.89
Cc1cccc(NC(=O)c2cc3ccccc3oc2=O)c1C,4.74
O=C1NC(=O)c2cc(Oc3ccc(Br)cc3)ccc21,7.62
CCn1c2ccccc2c2nnc(N)c(-c3ccccc3)c21,4.14
COc1c(OC2CCCC2=O)ccc2ccc(=O)oc12,3.07
COc1ccc2cc(-c3cccs3)c(=O)oc2c1,6.58013
Oc1ccc(C2CC(c3c4ccccc4cc4ccccc34)=NN2)c(O)c1,8.32148
O=C(c1ccccc1)c1c(-c2ccccc2)nnc2c1C(=O)c1ccccc1-2,5.11
CCOC(=O)C=CC=Cc1ccc2c(c1)OCO2,6.48149
Fc1ccc(-c2csc(NN=Cc3ccco3)n2)cc1,6.19
O=c1ccoc2ccc(OCc3ccc(Br)cc3)cc12,8.48149
CC1CCCCC1=NNc1nc(-c2ccc(Cl)cc2Cl)cs1,4.57
Brc1cccc(C=NNc2nc3ccccc3nc2Cc2ccccc2)c1,4.32
COc1ccccc1C(=O)C=CC1=Cc2cc(Br)ccc2OC1,4.37
CCCCCCN(CCCCCC)C(=O)c1cc2ccccc2oc1=O,5.0942
C#CCN(C)CC(O)COc1cccc2ccccc12,3.67
O=C(NC1CCCCC1)c1cc2ccc(OCc3ccccc3)cc2oc1=O,4.19
COc1ccc(C2CNC(=O)CS2)cc1,4.87
COc1ccc(C=C2COc3ccccc3C2=O)c(O)c1,5.88
N#CCCN1N=C(c2ccc(OCc3ccc([N+](=O)[O-])cc3)cc2)OCC1=O,6.52
CC1=C(C=NNc2nc(O)cs2)C(C)(C)CC=C1,3.77
Cn1c(=O)c2c(nc3n2CCCN3CC(=O)N2CCN(Cc3ccccc3)CC2)n(C)c1=O,5.09
CCOC(=O)c1cc2cc(Cl)ccc2cc1O,6.0
COc1cccc(COc2ccc(-c3nnn(CCO)n3)cc2)c1,6.1
Cn1c(N2N=C(c3ccccc3)CC2c2cccc(Cl)c2)nc2ccccc2c1=O,5.24
O=C(NC1CCCCC1)c1cc2ccccc2oc1=O,6.30103
Cc1ccc(C2=NN(C(N)=S)C(c3ccc(F)cc3)C2)cc1,8.13
Cc1c(C)c2ccc(OCc3cccc(C#N)c3)cc2oc1=O,8.85078
C#CCN(C)CCCOc1cccc(NC(=O)c2ccccc2)c1,7.0
COc1cccc(CCSc2nc3c(c(=O)n(C)c(=O)n3C)n2C)c1,6.90309
CC(=NNc1nc(-c2ccc(F)cc2F)cs1)c1cccs1,8.52143
Cc1ccc(-c2cc3cc(OC4CCCC4)ccc3oc2=O)cc1,4.84
C=CCNCc1cc2cc(OCCCC3CCN(Cc4ccccc4)CC3)ccc2n1C,4.82
Cc1cccc(Cl)c1NC(=O)c1cc2ccc(OCc3ccc(F)cc3)cc2oc1=O,4.38
C#CCN(C)C(C)Cc1ccc(OCCCNc2c3c(nc4cc(Cl)ccc24)CCCC3)cc1,4.96
COc1ccc(C2C(=O)Oc3ccc(Cl)cc3C2=O)cc1Cl,5.5544
CC(=O)c1ccc(OCc2cccc(Br)c2)cc1O,8.4
Cn1c(=O)c2c(cc(C=Cc3ccc(Br)cc3)n2C)n(C)c1=O,6.57398
Cc1ccc(C(=O)N=C2Cc3ccccc3OC2=O)cc1,5.1
COc1c(OCC(C)=O)ccc2c1oc(=O)c1ccccc12,5.03
C#CCN(C)Cc1cc2cc(OCc3ccccc3)ccc2[nH]1,10.0
COc1ccc(C2C(=O)Oc3ccc(C)cc3C2=O)cc1,4.49
C#CCCCOc1ccc2cc(C(=O)OC)c(=O)oc2c1,7.08407
COc1ccc2cc(CC(C)NCc3ccccc3)ccc2c1,4.61
COc1ccc(C(C)=NNc2nc3ccccc3nc2Cc2ccccc2)cc1,3.55
N#Cc1ccc(-c2csc(NN=Cc3c[nH]c4ccccc34)n2)cc1,6.12
O=C(C=Cc1ccc(O)cc1)Nc1cccc(Cl)c1,7.49485
O=c1cc(-c2ccc(O)cc2)oc2cc(O)cc(O)c12,4.89
COc1ccc(-c2csc(NN=C3CCCCC3)n2)cc1,4.92
Cc1cccc(Cl)c1NC(=O)c1cc2ccc(OCc3ccccc3)cc2oc1=O,4.21
CCCN1CCC(c2ccc(N3CCOCC3)cc2)CC1,4.89
Cn1c(=O)c2c(c3cc(OCc4ccccc4)ccc3n2C)n(C)c1=O,5.28233
CC(=O)C1CC(=O)Oc2cc(OCc3cccc(Cl)c3)ccc21,7.11003
N#CCCCOc1ccc(OCc2cccc(Cl)c2)cc1,7.22
CN1C(=O)C(=Cc2ccc(Cl)cc2)SC1=S,4.44
OCCCCn1nnc(-c2ccc(-c3ccccc3)cc2)n1,5.03
Cc1ccc(-c2cc(=S)c3ccc(C)cc3o2)cc1,5.17263
Cc1c(C)c2ccc(OCc3cccc(C(F)(F)F)c3)cc2oc1=O,8.24033
COc1ccc(C=C2COc3ccccc3C2=O)c(OC)c1,6.61
CCCOc1cc(=O)oc2cc(OCc3cccc(F)c3)ccc12,6.39
O=C(c1ccccc1)c1cc2cc(O)ccc2oc1=O,4.75
O=C(CCc1ccccc1F)N=c1[nH]c2ccccc2c(=O)s1,7.95078
CC(=NNc1nc2ccccc2nc1Cc1ccccc1)c1ccc(N)cc1,3.07
Cc1cc2ccc(OCc3ccccc3)cc2oc1=O,8.18
COc1ccc(-c2cc3cc(Br)cc(OC)c3oc2=O)cc1,8.87
Cc1ccc(C2CC(c3ccccc3)=NN2C)cc1,8.02
O=C(C=Cc1ccc(O)cc1)Nc1cccc(Br)c1,7.59
O=C(N=C1Cc2ccccc2OC1=O)OCc1ccccc1,7.35
COc1ccc(-c2cc(=O)c3ccc(OC)cc3o2)cc1,4.3
Oc1ccc(C2=NN(C(=S)Nc3ccccc3)C(c3ccc(O)cc3)C2)cc1,3.31
NCc1cn(-c2ccccc2)nn1,3.29
C#CCNC1CCc2ccc(OC(=O)N(C)CC)cc2C1,3.92
CN=C1CCc2c1n(C)c1ccccc21,3.5
C#CCNC1CCc2ccc(OC(=O)N(C)CC)cc21,3.92
c1ccc(COc2ccc3c(c2)OCC3)cc1,6.3
COc1ccc2c(c1)OC(c1ccc(F)cc1)CC2=O,6.8
Cn1c(=O)c2c(nc(NCCCCc3ccccc3)n2C)n(C)c1=O,5.02
Fc1ccc(-c2csc(NN=Cc3cccnc3)n2)cc1,6.32
CC(=O)c1cc(OCCCC#N)ccc1OCc1ccc(Cl)c(Cl)c1,6.1
Clc1ccc(-c2csc(NN=C3CCCC3)n2)c(Cl)c1,6.6
O=C1NC(=O)c2cc(Oc3ccc4ccccc4c3)ccc21,8.0
Cc1c(C)c2ccc(OCc3cccc([N+](=O)[O-])c3)cc2oc1=O,8.59007
Cn1c(=O)c2c(nc(SCc3ccccc3)n2C)n(C)c1=O,5.73049
O=C1NC(=O)c2cc(SC3CCCCC3)ccc21,6.75
N#CCCn1nc(-c2ccc(OCc3ccc([N+](=O)[O-])cc3)cc2)oc1=O,5.26
C#CCn1c(=O)c2c(nc3n2CCCN3c2cccc(OC)c2)n(C)c1=O,4.75
O=C1c2ccccc2-c2nnc(-c3cccc(F)c3)cc21,5.38
O=C1Nc2ccc(Oc3ccc(Cl)cc3)cc2C1=O,7.55
COc1ccccc1NC(=O)c1cc2ccccc2oc1=O,4.45
COc1cc(NC(C)CCCN)c2nccc(C)c2c1Oc1ccc(Cl)cc1,5.37
CC(=O)Nc1nc(CCc2ccc(N=C(N)N)cc2)cs1,4.22
Cn1c(=O)c2c(nc(CCSc3ccc(Br)cc3)n2C)n(C)c1=O,3.91
C#CCNCc1ccnc2c(O)cccc12,5.37
CC(C)c1ccc(-c2c3nc4ccc(Br)cc4c-3n[nH]c2N)cc1,4.1
Fc1ccc(-c2csc(NN=Cc3ccc4c(c3)OCO4)n2)cc1,5.96658
O=C(C=C1SC(=O)NC1=O)Nc1cccc(O)c1,4.96
Cc1ccc(C2CC(c3ccc(Cl)cc3)=NN2C(N)=S)cc1,4.89
CN(C)c1ccc(C=C2COc3ccccc3C2=O)cc1,8.07007
Cc1ccc(Nc2ncc3c(n2)CC(C)CC3=O)cn1,7.19
NC(=S)N1N=C(c2ccccc2)CC1c1ccco1,4.49
Cn1cccc1C(=O)CN1CCCCC1,4.82
CC(C)CCSc1ccc(C#N)c(C#N)c1,6.62
CCOc1cccc(SCc2nc3c(c(=O)n(C)c(=O)n3C)n2C)c1,4.74
CC1=C(C=NN=C2SCC(=O)N2Cc2ccccc2)C(C)(C)CC=C1,3.67
COc1cccc(C#CC(=O)N=c2[nH]c3ccccc3c(=O)s2)c1,7.13136
COc1ccc(C2=NCCN2)cc1,4.49
O=C1CCCc2cc(OCCc3ccccc3)ccc21,7.48149
CCCCCC(C)=NNc1nc(-c2ccc3ccccc3c2)cs1,4.8
Cn1c(=O)c2c(nc(SCc3cccc(Cl)c3)n2C)n(C)c1=O,6.64397
COc1ccc(NC(=S)N2N=C(c3ccccc3O)CC2c2ccc(O)cc2)cc1,4.39
COc1cccc(COc2ccc3c(C)c(C)c(=O)oc3c2)c1,8.44009
Cn1c(=O)c2c(nc(OCC3CC=CCC3)n2C)n(C)c1=O,5.66
Cn1c(=O)c2c(nc(OCc3ccccc3)n2C)n(C)c1=O,6.37
COc1ccc(COc2ccc(-c3nnn(CCO)n3)cc2)cc1,5.33
C#CCn1c(=O)c2c(nc3n2CCCN3C2CCCCC2)n(C)c1=O,4.55
CCn1c2ccccc2c2nnc(N)c(-c3ccccc3Cl)c21,3.0
Cc1ccc(COc2ccc3c(c2)CCCC3=O)cc1,7.96
CCOC(=O)c1cc2cc(Br)ccc2cc1O,6.0
CCOC(=O)c1csc(NN=C(C)c2ccncc2)n1,6.89483
Cc1ccccc1C1CC(c2ccc(O)cc2)=NN1C,4.7
Oc1ccc(C2CC(c3ccc(O)cc3O)=NN2C(=S)Nc2ccccc2)cc1,3.33
CNC(=O)Cc1coc2cc(OCc3cccc(Cl)c3)ccc12,7.4437
C#CCN(C)C1CCc2cccc(OC(=O)N(C)C)c21,3.14
COc1ccc(C=C2COc3cc(OC)cc(OC)c3C2=O)cc1,5.8041
Oc1ccc(C=Cc2cc(O)cc(O)c2)cc1,4.53
O=C1Oc2cc(OCc3ccccc3)ccc2C2=CCCCC12,8.46
NC(=O)C(CO)N=C1CC(=O)Oc2cc(OCc3cccc(Cl)c3)ccc21,5.62
O=C(c1ccccc1)c1nc2ccccc2n2c(-c3ccccc3)nnc12,3.62
CC(=NNc1nc(-c2ccc(F)cc2F)cs1)c1cc2ccccc2oc1=O,5.85
NCc1ccncc1NCC1CCCCC1,4.15
c1ccc(-c2nc3ccc(N4CCCCC4)nc3o2)cc1,5.86239
CC(=O)NCC1CN(c2ccc(C=C(Br)c3cccnc3)c(F)c2)C(=O)O1,3.92
CCOC(=O)c1csc(NN=C(C)c2cccnc2)n1,7.14146
CCn1c(=O)c2c(nc3n2CCCN3c2cccc(OC)c2)n(CC)c1=O,5.1945
Cc1c(C)c2ccc(OCc3ccc(Cl)cc3)cc2oc1=O,9.22
N#Cc1ccc(-c2csc(NN=Cc3ccco3)n2)cc1,5.83
Nc1nc(O)c(C=C2C=Nc3c(Br)cccc32)[nH]1,4.56
CC1=C(C)C(=O)c2cc(C)ccc2C1=O,5.52288
Clc1ccc(Cc2nc3ccccc3nc2NCCN2CCOCC2)cc1,3.44
Cn1c(=O)c2c(nc(SCCc3ccc(Cl)cc3)n2C)n(C)c1=O,8.01
OCCn1nnc(-c2ccc(-c3ccccc3)cc2)n1,6.02
O=C1NC(=O)c2cc(SCCc3ccccc3)ccc21,7.52288
COc1c(O)ccc2c3c(c(=O)oc12)CCCC3,4.3
CCOc1ccc(C=CC(=NN=c2[nH]c3ccccc3c(=O)n2C)c2ccccc2)cc1,4.51
O=c1ccoc2ccc(OCc3cccc(Cl)c3)cc12,8.4437
CC(C)(C)OC(=O)NCCCCCCNCC(N)=O,4.27
Cn1c(=O)c2c(nc3n2CCCN3Cc2ccc(Cl)cc2)n(C)c1=O,6.66154
C#CCn1c(=O)c2c(nc3n2CCCN3CCc2cc(OC)c(OC)c(OC)c2)n(C)c1=O,4.61
Cn1c(=O)c2c(cc(C#Cc3cccc(Cl)c3)n2C)n(C)c1=O,6.76145
Cn1c(=O)c2c(nc(SCCOc3ccccc3)n2C)n(C)c1=O,6.48
N=S(O)(O)=Cc1noc2ccccc12,5.54
O=C(C=CCc1ccccc1)N=c1[nH]c2ccccc2c(=O)s1,6.44249
O=C(SCc1ccco1)c1cc2cc(Br)c(Br)cc2oc1=O,5.25
C#CCN(C)Cc1cc2cc(OCCC3CCN(Cc4ccccc4)CC3)ccc2n1C,6.89
CN1C(=N)N(C)C(=Cc2c[nH]c3c(Br)cccc23)C1=O,5.51
COc1ccc(C2=NN(C(N)=S)CC2C)cc1,4.07
Clc1ccccc1C=NNc1nc2ccccc2nc1Cc1ccccc1,4.06
CC(C)=CCOc1ccc(C2=NN(C(N)=S)C(c3ccc(OCc4ccccc4)cc3)C2)c(O)c1,6.57001
C#CCN(C)C(C)Cc1ccccc1,8.56
NC(=S)N1N=C(c2ccc(F)cc2)CC1c1cccs1,4.63
O=C1NC(=O)C(=Cc2cc(Br)c(O)c(Br)c2)S1,5.9914
Cc1ccc(C2CC(c3ccc(O)cc3)=NN2C)cc1,5.72
O=C1c2ccccc2C(=O)N1c1ccccc1,4.01
CC(C)CCSc1nc2c(c(=O)n(C)c(=O)n2C)n1C,5.5817
COc1cc2ccc(=O)oc2cc1OCc1ccccc1,5.17
CN(C)C1CCCCC1Cc1ccccc1,2.64
C#CCCCCOc1ccc2c(c1)NC(=O)CC2,7.28
c1ccc(CNCCCCCCCCCCCCNCc2ccccc2)cc1,3.89
O=C(O)CCN1C(=O)C(=Cc2ccccc2)SC1=S,3.22
CCN(C)c1ccc(CC2=Cc3cc(O)c(O)cc3C2=O)cc1,4.97
CC(=O)c1cc(OCc2cccc(Cl)c2)ccc1OCCCO,7.0
O=C1CCc2ccc(OCc3cccc(Br)c3)cc2N1,8.57
CCCOc1ccc(C2CNCCS2)cc1,6.01
COc1cc(NC(C)CCCN)c2nccc(C)c2c1Oc1cccc(Br)c1,5.81248
CCOC(=O)COc1cc(=O)oc2cc(OCc3cccc(Cl)c3)ccc12,5.74
Cc1ccc(C2CC(=O)c3ccc(C)cc3O2)cc1,6.23
CC1CCC(=NNc2nc(-c3ccc(C#N)cc3)cs2)CC1,7.21
Cc1ccc2oc(=O)c(-c3cccc(O)c3)cc2c1,6.19
Cn1c(=O)c2c(nc(OCc3cccc(C(F)(F)F)c3)n2C)n(C)c1=O,5.89
C#CCN(C)C(C)Cc1ccc(OCCCNc2c3c(nc4ccccc24)CCCC3)cc1,5.35067
O=C(COc1cc(=O)oc2cc(OCc3cccc(Cl)c3)ccc12)N1CCCCC1,4.41
CC(=O)c1cc2cc(C)ccc2oc1=O,3.82
CC1=CC(=O)c2ccccc2C1=O,6.4
COc1cc(C(C)=NNc2nc3ccccc3nc2Cc2ccccc2)cc(OC)c1OC,3.59
O=c1ccoc2ccc(OCc3ccc(Cl)cc3)cc12,8.7
O=C(O)C(Cc1ccc(O)cc1)N1C(=O)CSC1=S,3.56
COc1cccc(NC(=S)N2N=C(c3ccccc3)CC2c2ccc(O)cc2)c1,3.45
Fc1cccc(-c2nc3ccc(N4CCCCC4)nc3o2)c1,6.57
N=CC1CC(=O)Oc2cc(OCc3cccc(Cl)c3)ccc21,7.82391
CCC(CC)=NNc1nc(-c2cccc(OC)c2)cs1,6.11248
C#CCN1CCc2nc3nc(Cl)c(C#N)cc3c(N)c2C1,3.18
N#CCCn1nc(-c2ccc(OCc3ccccc3)cc2)sc1=S,7.8
O=C1CCc2cc(OCCc3ccccc3)ccc2N1,5.63264
C#CCN1CCc2nc3nc(N4CCCC4)c(C#N)cc3c(N)c2C1,3.45
CCOC(=O)c1cc2ccc(OCc3cccc(Cl)c3)cc2oc1=O,7.21325
O=C1c2ccccc2-c2nnccc21,4.56
C#CCN(CCCC1CCN(Cc2ccccc2)CC1)Cc1ccc(O)c2ncccc12,4.46
O=C1c2ccccc2-c2nnc3ccccc3c21,6.0
COc1ccc(-c2csc(NN=C3CCCCCC3)n2)cc1,5.3
CC(N=C1CC(=O)Oc2cc(OCc3cccc(Cl)c3)ccc21)C(N)=O,6.68
COCc1cc(OCc2cccc(Cl)c2)ccc1OCCCC#N,6.52
CC(C)COC(=O)N=C1Cc2ccccc2OC1=O,6.73283
N#Cc1c(F)c(F)c(NC(=O)c2cc3ccccc3oc2=O)c(F)c1F,6.07
C#CCNC1CCc2c(O)cccc21,6.05
O=C(O)c1cc2ccc(OC3CCCCCC3)cc2oc1=O,5.06449
COc1ccc(C2CC(=O)c3ccc(F)cc3O2)cc1,6.77
COc1ccc(Cc2coc3cc(OC)cc(OC)c3c2=O)cc1,3.82
COc1ccc(OC)c(C2=NN(C(C)=O)CC2)c1,3.85
COc1ccc(NC(=O)c2coc3ccccc3c2=O)cc1O,7.12
O=C(O)c1cc2cc(Cl)ccc2cc1O,7.64
NCC=C(F)COc1ccc([N+](=O)[O-])cc1,8.0
CCOC(=O)c1cc2ccc(N(CC)CC)cc2oc1=O,4.34
O=C(NC1CCCCC1)c1coc2ccccc2c1=O,6.03152
O=C1NC(=O)c2cc(Sc3ccccc3)ccc21,6.01
Cc1sc2nc(NC(=O)CCCc3ccccc3)sc(=O)c2c1C,7.58
CCn1c(=O)c2c(nc3n2CCCN3CCc2cc(OC)c(OC)c(OC)c2)n(CC)c1=O,4.52
O=[N+]([O-])c1cccc(C2CC(c3c4ccccc4cc4ccccc34)=NN2)c1,9.35
c1ccc(-c2ncc3cc4ccccc4c-3[nH]2)cc1,4.47
Cc1cc(=O)oc2c(C)c(O)ccc12,4.15
COc1ccc(C(=O)N=C2Cc3ccccc3OC2=O)cc1OC,4.23
CC(=NNc1nc(-c2ccc(C#N)cc2)cs1)c1nccs1,5.7
c1ccc(COc2ccc3ccoc3c2)cc1,5.74
CCCn1c(=O)c2c(nc3n2CCCN3CCC(=O)N2CCN(Cc3ccc(Cl)cc3)CC2)n(CCC)c1=O,5.4437
O=c1ccoc2ccc(OCc3cccc(Br)c3)cc12,8.7
Cc1cccc(N2CC(CO)OC2=O)c1,4.82
Cn1cccc1C(O)CN1CCCCC1,4.62
O=C(C=CC=Cc1ccc2c(c1)OCO2)N1CCCCC1,6.59
N#CCCCOc1ccc(OCc2cccc(Cl)c2)cc1C=O,7.52
CCC(C)=NNc1nc(-c2ccc3ccccc3c2)cs1,5.63451
CC(=NNc1nc(-c2ccccc2)c(C)s1)c1ccccn1,6.06
C#CCN(C)C(C)Cc1ccc(OCCCCCNc2c3c(nc4cc(Cl)ccc24)CCCC3)cc1,5.21
CC1CCC(=NNc2nc(-c3ccc(F)cc3)cs2)CC1,7.37
O=C(c1ccccc1)c1cc2cc(Br)cc(O)c2oc1=O,4.13
O=c1ccoc2ccc(OCc3cccc(F)c3)cc12,7.89
O=C(C=C1SC(=O)NC1=O)Nc1ccccc1,4.66
COc1ccc(C=NNc2nc(-c3ccc(Cl)cc3)cs2)cc1OC,3.82
CCOc1ccc(C=C2SC(=O)N(CCN)C2=O)cc1,7.09
Oc1[nH]c2ccc(C=Cc3ccccc3)cc2c1O,6.22
CN(C)C=C1CC(=O)Oc2cc(OCc3cccc(F)c3)ccc21,6.29243
O=C(Nc1ccc(F)cc1)c1cc2ccccc2oc1=O,7.17393
O=C1C(=Cc2ccccc2)COc2ccc(Cl)cc21,8.15
COC(=O)c1cc2ccc(OCc3cccc(F)c3)cc2oc1=O,9.23062
C(=NNc1nc2ccccc2nc1Cc1ccccc1)c1ccccc1,3.49
Cc1cccc(NC(=O)c2cc3cc(Br)cc(Br)c3oc2=O)c1,4.67
COc1ccc(COc2ccc(C3=NN(CCC#N)C(=O)CO3)cc2)cc1,7.06
C#CCN(C)CCc1cccc(OC(=O)N(C)CC)c1,6.1
CC(=O)N=C1Cc2ccc(OCc3cccc(Cl)c3)cc2OC1=O,7.87
CC(=O)c1cc2cccc(O)c2oc1=O,4.38
Cn1c(=O)c2c(nc(SC3CCCCC3)n2C)n(C)c1=O,4.88
CC(=NNc1nc2ccccc2nc1Cc1ccccc1)c1ccc(O)cc1,2.08
CC(NCc1ccc(OCc2cccc(F)c2)cc1)C(N)=O,7.59
CCOC(=O)c1cc2cccc(O)c2oc1=O,4.83
CC(=O)N1N=C(c2ccc(O)cc2)CC1c1cccc(Cl)c1,4.6
O=C1CCCc2cc(OCc3ccc(I)cc3)ccc21,8.19
Cc1ccc(-c2cc(=O)c3ccc(F)cc3o2)cc1,5.36351
Fc1ccc(-c2csc(NN=C3CCCCCC3)n2)cc1,8.45
CC#CCN(C)Cc1cc2ccccc2n1C,7.52
O=C1C(=Cc2ccc(O)cc2)COc2ccccc21,7.26
Cn1c(=O)c2c(nc(CCSc3cccc(Cl)c3)n2C)n(C)c1=O,5.25
CC(C)CCSc1ccc2c(c1)C(=O)NC2=O,7.82391
Cc1ccc2oc(=O)c(C(=O)c3ccccc3)cc2c1,3.82
O=CC1C=C(O)c2ccccc2O1,4.0
COc1ccc(C=C2COc3cc(OCCCCCCCCNc4c5c(nc6ccccc46)CCCC5)ccc3C2=O)cc1,6.29
COc1ccc(C=Cc2cc3c(c(=O)n(C)c(=O)n3C)n2C)cc1,6.12
CCOC(=O)c1cc2ccc(OC3CCCCCC3)cc2oc1=O,7.67
O=C(Sc1ccc(Br)cc1)c1cc2cc(C(F)(F)F)ccc2oc1=O,4.82
NC(=O)C(CO)NCc1ccc(OCc2ccc(Cl)cc2)cc1,5.96
CC(=O)NCC1CN(c2ccc(C=C(F)c3csc(C#N)c3)c(F)c2)C(=O)O1,3.55
COc1ccc(C2OC(c3ccccc3)=NN2C(C)=O)cc1,5.29
C#CCN(C)C(C)Cc1ccc(OCCNc2c3c(nc4ccccc24)CCCC3)cc1,6.16
CC1=CCN(CCc2ccccc2)CC1,2.9
Oc1occ2ccc(OCc3ccc(I)cc3)cc12,8.74473
Cn1c(=O)c2c(nc(S(O)=CCc3ccc(Cl)cc3)n2C)n(C)c1=O,6.11
C#CCNC1CCc2ccc(OC(=O)N(C)c3ccc(OC)cc3)cc21,3.3
OCCCn1nnc(-c2ccc(-c3ccccc3)cc2)n1,5.87
CN=CC1CC(=O)Oc2cc(OCc3cccc(Cl)c3)ccc21,8.52288
Cc1ccc(C(=O)C=Cc2cccc(C(F)(F)F)c2)o1,6.54061
Cc1c(C)c2ccc(OCc3cccc(OC(F)(F)F)c3)cc2oc1=O,7.94006
CN1N=C(c2ccc(O)cc2)CC1c1ccc(Cl)cc1,5.58
Fc1ccc2c(=S)cc(-c3ccccc3)oc2c1,3.82
CC(C)c1ccc(NC(=O)c2cc3ccc(OCc4ccccc4)cc3oc2=O)cc1,5.43297
O=C1c2ccccc2-c2nnc(-c3ccc(O)cc3)cc21,5.0
COc1ccc(C2=NN(c3nc4ccccc4c(=O)n3C)C(c3cccs3)C2)cc1,4.82
Cc1ccc(C=CC(=O)c2cccc(Cl)c2)o1,6.46344
CCn1c(=O)c2c(nc3n2CCCN3CCc2ccc(OC)c(OC)c2)n(CC)c1=O,5.23136
Cc1c(C)c2cc(OCc3ccccc3)c(O)cc2oc1=O,6.90001
C#CCN(C)C(C)Cc1ccc(OCCCCCCCCCNc2c3c(nc4ccccc24)CCCC3)cc1,7.3
O=C1NC(=O)c2cc(OCCCc3ccccc3)ccc21,7.7
Cc1sc(NN=C2CCC(C)CC2)nc1-c1ccccc1,5.6
O=C1NC(=S)NC1=Cc1c[nH]c2ccccc12,4.61
C#CCNC1CCc2ccc(O)cc21,6.7
CCCCOc1ccc(-c2cc3c(nn2)-c2ccccc2C3=O)cc1,5.0
COc1ccccc1C=C1SC(=O)N(CCN)C1=O,4.57
COc1ccccc1NC(=S)N1N=C(c2ccccc2)CC1c1ccc(O)cc1,2.67
COc1c(OCC(C)=O)ccc2c1OC(=O)C1CCC=C21,4.89
CNC(=S)N1CC(C)C(c2ccc(OC)cc2)=N1,4.31
Cn1c(=O)c2c(nc(Oc3ccccc3)n2C)n(C)c1=O,5.11
Oc1occ2ccc(OCCOc3ccccc3)cc12,7.74473
N#Cc1ccc(-c2csc(NN=C3CCCCCC3)n2)cc1,7.34
O=C(O)c1cc2ccc(OCc3ccc(Cl)c(Cl)c3)cc2oc1=O,6.39
Cc1ccc2c(=S)cc(-c3ccccc3)oc2c1,3.82
C#CCNCCCOc1cccc(C(=O)NC(C)C)c1,4.77
O=C(Oc1ccccc1)N1N=C(c2ccccc2O)CC1c1ccc(Cl)cc1,4.35
O=C(Nc1ccc(O)cc1)c1cc2ccccc2oc1=O,6.1
Cn1c(=O)c2c(nc(CCSc3cccc(Br)c3)n2C)n(C)c1=O,4.19
Cc1ccc(C2CC(c3ccc(O)cc3O)=NN2C)cc1,3.82
Cn1c(=S)[nH]c2ccccc2c1=O,4.11
CCCOc1ccc2sc3cc(-c4nnc(C)o4)ccc3c(=O)c2c1,6.0
COc1ccc(-c2cc(=S)c3ccc(F)cc3o2)cc1,3.82
O=C(Nc1ccccc1)c1coc2ccccc2c1=O,6.4
CCOC(=O)N1N=C(c2ccccc2O)CC1c1ccc(C)cc1,5.22185
CC(=O)NCC1CN(c2ccc(-c3ccn4ncnc4c3)c(F)c2)C(=O)O1,5.08
Cc1cc2c(nn1)-c1cc(OCCCC(F)(F)F)ccc1C2=O,10.0
O=c1oc(-c2ccc(OCc3ccccc3)cc2)nn1CCO,8.48
CC1CCCC(=NNc2nc(-c3ccc(F)cc3)cs2)C1,6.39
Cc1sc(NN=Cc2cccnc2)nc1-c1ccccc1,5.65365
O=C1CCc2cc(OCCCC(F)(F)F)ccc21,9.5
COc1ccc(NC(=O)N2CCc3ccccc32)cc1,5.5817
COc1ccc(C2=NCCN2)cc1OC,3.0
CC(=NNc1nc(-c2ccccc2)c(C)s1)c1ccc2ccccc2c1,3.82
C#CCN(C)C(C)Cc1ccc(OCCCCCCCCNc2c3c(nc4cc(Cl)ccc24)CCCC3)cc1,6.89
Cn1c(N2N=C(c3ccccc3)CC2c2ccc(Cl)cc2)nc2ccccc2c1=O,4.73
Cn1c(=O)c2c(nc(NCCc3cccc(Cl)c3)n2C)n(C)c1=O,4.61
CN1CCCC(=Cc2ccccc2)C1,3.16
C#CCNC1c2ccccc2CC1F,7.57
[H]C([H])(C#C)NC1c2ccccc2CC1F,6.76195
CNC(=O)Cc1cc(=O)oc2cc(OS(=O)(=O)c3cccc(Cl)c3)ccc12,5.08092
CC(C)NNC(=O)c1ccncc1,5.12494
COc1c2ccc(=O)oc2cc2occ(C)c12,3.59
Cn1c(=O)c2c(nc3n2CCCN3CC(=O)N2CCN(c3ccc(Cl)cc3)CC2)n(C)c1=O,5.66
Cc1c(C)c2ccc(OCc3ccc(F)c(F)c3)cc2oc1=O,8.9431
Cn1c(CNCc2ccccc2)cc2ccccc21,4.32
CC(=O)c1ccc(OCc2ccc(Br)cc2)cc1O,7.96
O=C(N=C1Cc2ccccc2OC1=O)Oc1ccccc1,4.61
CC(=O)N1N=C(c2ccc(C)cc2)OC1c1ccc(C)cc1,4.18
Cc1ccc(COc2ccc(C3=NN(CCC#N)C(=O)CO3)cc2)cc1,6.49
COc1ccc2c(=O)cc(-c3ccc(C)cc3)oc2c1,4.95
CC(=O)c1c(O)cccc1OCc1cccc(Br)c1,5.22475
Cc1ccc(S(=O)(=O)N2N=C(c3ccccc3O)CC2c2ccc(O)cc2)cc1,0.54
O=C1CC(O)Oc2cccc(OCc3ccc(Br)cc3)c21,4.35
O=S(=O)(c1ccccc1)N1N=C(c2ccccc2O)CC1c1ccc(O)cc1,3.15
CCn1c(=O)c2c(nc3n2CCCN3c2ccc(F)cc2)n(CC)c1=O,5.0
O=CC1CC(=O)Oc2cc(OCc3cccc(Br)c3)ccc21,7.85
NC(=S)N1N=C(c2cccs2)CC1c1ccc[nH]1,4.48
O=C1c2ccccc2-c2nc(-c3ccccc3)nnc21,5.2
Cc1c(C)c2ccc(NC(=O)c3ccccc3)cc2oc1=O,6.72
COC(=O)c1cc(OCc2cccc(Cl)c2)ccc1OCCCCC#N,4.1
CC(=NNc1nc(-c2ccccc2)c(C)s1)c1nccs1,6.55284
CNc1nc(C=C2C=Nc3ccc(Br)cc32)c(O)n1C,4.78
NC(=S)N1N=C2CCCCC2C1c1cccs1,9.05
Cc1c(C)c2ccc(OCc3cc(F)cc(F)c3)cc2oc1=O,8.52
NC1(c2ccccc2)CC1(F)c1ccccc1,4.7
Cn1c(N)nc(C=C2C=Nc3c(Br)cccc32)c1O,4.85
CC(=O)NCC1CN(c2ccc(N3CCN(C(O)C=O)CC3)c(F)c2)C(=O)O1,3.93
O=C1c2ccccc2-c2nnc(-c3ccccc3[N+](=O)[O-])cc21,4.1
C=C(Br)COc1ccc2c(c1C)OC(=O)C1CCCC=C21,6.63
Cn1c(=O)c2c(nc(SCCCc3cccc(Cl)c3)n2C)n(C)c1=O,7.21
COc1cccc(OCc2nc3c(c(=O)n(C)c(=O)n3C)n2C)c1,5.71
NC(=O)CNCc1ccc(OCc2ccc(Cl)cc2)cc1,5.15
CN(C(=O)CCCc1ccccc1)c1nc2ccccc2c(=O)s1,7.27491
COc1cccc(NC(=O)c2cc3ccccc3oc2=O)c1,6.19382
O=C1CCCc2cc(OCc3ccc(F)cc3)ccc21,8.1
C#CCNCC(O)COc1ccc(-c2ccccc2)cc1,7.22185
O=C(NCCCN1CCOCC1)c1cnc(O)c(Cl)c1,4.09
Fc1ccc(-c2csc(NN=Cc3ccncc3)n2)c(F)c1,6.26055
Cn1c(=O)c2c(nc(CCSc3ccccc3)n2C)n(C)c1=O,3.97
Nc1ccc(CCCCc2ccccc2)cc1,5.62
Cc1c(C)c2ccc(OCc3ccccc3)cc2oc1=O,8.97062
COc1ccc(-c2nnc3c(C(=O)c4ccccc4)nc4ccccc4n23)cc1OC,4.07
CC1CCCCC1=NNc1nc(-c2ccc3ccccc3c2)cs1,5.3439
CC(=O)NCC1CN(c2ccc(-c3ccn4ccnc4c3)c(F)c2)C(=O)O1,4.57
COc1ccc(-c2cc(=O)c3ccccc3o2)cc1,4.55
O=[N+]([O-])c1ccc(-c2csc(NN=C3CCCCC3)n2)cc1,7.07002
CC1CC(=O)c2cnc(Nc3ccc(Cl)nc3)nc2C1,5.6
Cc1cc2c(nn1)-c1cc(OCc3ccccc3)ccc1C2=O,6.77
CN=C1CCc2c1n(C)c1ccc(OC(=O)N(C)C)c(Br)c21,4.29
COc1ccc2oc(=O)c(-c3ccsc3)cc2c1,6.63129
O=C1CCCc2cc(OCc3ccc(Br)cc3)ccc21,8.05
C#CCNCCc1cccc(OC(=O)N(C)CC)c1,5.11
Oc1c2cc(C=Cc3ccccc3)[nH]nc-2c2ccccc12,7.50004
COc1c2c(c(OC)c(OC)c1OC)CNCC2,3.24
Cc1ccc(-c2csc(NN=C3CCCCC3C)n2)cc1,6.85
Cc1ccc(-c2cc(=O)c3ccccc3o2)cc1,5.62342
O=C1Nc2cc(CCc3ccccc3)ccc2C1=O,5.37
COc1cc(C=C2COc3ccccc3C2=O)ccc1O,6.98155
CNC(=S)N1CCC(c2ccc(C)cc2)=N1,4.78
Clc1ccccc1-c1nnc2c(Cc3ccccc3)nc3ccccc3n12,4.14
Cn1c(=O)c2c(nc(Sc3ccc4ccccc4c3)n2C)n(C)c1=O,5.4437
CC(=O)NCC1CN(c2ccc(C=C(F)c3nccs3)c(F)c2)C(=O)O1,5.03
O=C(C=Cc1ccc(Cl)cc1)c1ccc(O)cc1,7.51
CC1CCC(=NNc2nc(-c3ccc4ccccc4c3)cs2)CC1,4.94
O=C1c2ccccc2-c2nnc(-c3ccccc3)cc21,4.68
CN=C1N(C)C(=O)C(=Cc2c[nH]c3cccc(Br)c23)N1C,5.28258
Cc1ccsc1C=NNc1nc2ccccc2nc1Cc1ccccc1,3.07
N#Cc1ccc(SCc2ccccc2)cc1,5.80134
c1ccc2nc(C3=NCCN3)ccc2c1,5.27
Fc1ccc(-c2csc(NN=Cc3ccncc3)n2)cc1,6.95
O=C(NNc1ccccc1)c1cc2ccc(OCc3ccccc3)cc2oc1=O,5.34486
COc1cccc(CC=CC(=O)N=c2[nH]c3ccccc3c(=O)s2)c1,5.69465
CC(=O)N1N=C(c2ccccc2)OC1c1ccc(C)cc1,5.07263
COCC(O)COc1ccc(OCc2cccc(Cl)c2)cc1,7.7
Cc1cccc(SCc2nc3c(c(=O)n(C)c(=O)n3C)n2C)c1,4.75
CC(=O)N1N=C(c2ccc(O)cc2)CC1c1ccc(C)cc1,4.52
Cn1c(=O)c2c(nc(COc3ccc(Cl)cc3)n2C)n(C)c1=O,6.60206
N#CCCN1CC(=O)OC(c2ccc(OCc3ccccc3)cc2)=N1,7.74
CN(C)C(=O)Cc1cc(=O)oc2cc(OCc3cccc(Cl)c3)ccc12,7.40001
CC(=CCOc1ccc2ccc(=O)oc2c1)C1=CC(=O)C(C)(C)O1,6.84
NC1C=C(c2ccccc2)CCC1,3.29
COc1ccc(C2CC(=O)c3ccc(C)cc3O2)cc1,5.47496
O=[N+]([O-])c1ccc(C=NNc2nc3ccccc3nc2Cc2ccccc2)cc1,3.02
CN1C(=N)N(C)C(=Cc2c[nH]c3cc(Br)ccc23)C1=O,6.35
NCC=C(F)COc1cccc(C(F)(F)F)c1,7.52288
O=C1CCc2cc(OCCCc3ccccc3)ccc2N1,6.55
COC(=O)N=C1Cc2ccccc2OC1=O,3.82
O=c1ccoc2ccc(OCCc3ccccc3)cc12,7.68
Oc1nc(S)[nH]c1C=C1C=Nc2cccc(Br)c21,6.34679
CCCN1CCC(c2ccc(OC)cc2)CC1,3.66
COc1cc(C=C2SC(=S)NC2=O)ccc1O,5.6038
O=C(C=Cc1ccccc1)Oc1ccc2oc(O)cc2c1,6.28
CCCNC(=S)N1N=C(c2ccc(Cl)cc2)CC1c1ccc[nH]1,3.38
COc1ccc(C(=O)N=C2Cc3ccccc3OC2=O)cc1,4.52
Cn1c(=O)c2c(nc(S(O)=CCc3ccc(F)cc3)n2C)n(C)c1=O,5.46
C#CCNCC(O)COc1ccccc1-c1ccccc1,3.57
CNC(=S)N1CC(C)C(c2ccc(C)cc2)=N1,3.82
Cc1cc(=O)oc2cc(OCc3cccc(Cl)c3)ccc12,8.13018
C#CCN(C)CC(O)COc1ccc(-c2ccccc2)cc1,5.6
Cc1cccc(COc2ccc(-c3nn(CCC#N)c(=O)o3)cc2)c1,8.1
O=C(CCCc1ccc(Cl)c(Cl)c1)N=c1[nH]c2ccccc2c(=O)s1,5.48149
COc1ccc(CCN2CC=CCC2)cc1,4.02
CC(=O)N=C1Cc2ccccc2OC1=O,3.82
CC(NC1CC1c1ccccc1)c1ccc2c(c1)OCCO2,5.13
C#CCNC1CCc2ccc(OC(=O)N(C)CCCC)cc21,3.82
Oc1occ2ccc(OCc3cccc(Br)c3)cc12,8.46
Cc1c(C)c2ccc(OCc3ccc(F)c(O)c3)cc2oc1=O,8.13
O=C(O)c1coc2ccccc2c1=O,10.0
NC(=S)N1N=C(c2ccccc2O)CC1c1ccc(O)cc1,4.71
N#Cc1ccc(OCc2ccccc2)cc1C#N,8.10237
CCCCN=CC1CC(=O)Oc2cc(OCc3cccc(Cl)c3)ccc21,6.35
Cn1c(=O)c2c(nc(NCCc3ccccc3)n2C)n(C)c1=O,4.75
C#CCCCCOc1ccc2c(c1)OC(=O)C(=NC(C)=O)C2,7.38
Oc1occ2ccc(OCCCc3ccccc3)cc12,8.21
CC1CCCC1=NNc1nc(-c2ccc([N+](=O)[O-])cc2)cs1,8.0804
Oc1ccccc1C1=NN(C(=S)Nc2ccccc2)C(c2ccccc2O)C1,3.38
CC(C#N)=C1CCN(c2ccc(N3CC(Cn4ccnn4)OC3=O)cc2F)CC1,5.47
Cc1cc(Cc2sc(O)nc2O)cc(C)c1O,4.79
CCC(=O)c1cc(OCc2cccc(F)c2)ccc1OCCCC#N,6.1
CCCNC(=S)N1N=C(c2ccc(C)cc2)CC1c1ccc[nH]1,3.41
C#CCNCCOc1ccc2ccc(=O)oc2c1,6.07
Cc1ccc(C2CC(c3c4ccccc4cc4ccccc34)=NN2)cc1,8.42022
CC(C)=NNc1nc(-c2ccccc2)c(C)s1,5.28
C#CCNCc1cc2cc(OC)ccc2n1C,8.4
CC1CCCC(=NNc2nc(-c3ccc(C#N)cc3)cs2)C1,6.64
CCn1c(=O)c2c(nc3n2CCCN3CCc2ccc(OC)cc2)n(CC)c1=O,5.32239
NCCC1CC1(F)c1ccccc1,6.31
O=C1c2ccccc2OCC1Cc1ccc(O)cc1,3.82
COc1cc(C=Cc2ccc(OCCCCN(C)Cc3ccccc3)cc2)cc(OC)c1,4.46
CCOC1CC(c2ccccc2)=NN1c1ccc([N+](=O)[O-])cc1,6.04
Cc1cc2ccc(OCc3cccc(Cl)c3)cc2oc1=O,8.29
NNC(=O)Cc1cc(=O)oc2cc(OCc3ccccc3)ccc12,7.4
CC1CCC(=NNc2nc(-c3ccc(F)cc3F)cs2)C1,8.54
O=C1C(=Cc2ccc(O)cc2)COc2cc(O)cc(O)c21,8.065
O=S1(=O)c2ccccc2Oc2cccc(C(O)CO)c21,4.52
CC(=NNc1nc(-c2ccc(F)cc2F)cs1)c1nccs1,7.89
CNc1nc(C=C2C=Nc3cc(Br)ccc32)c(O)n1C,4.59
CN1CC=C(c2ccccc2)CC1,3.6
O=C(Oc1ccc2oc(O)cc2c1)c1ccccc1,5.42
Cn1c(=O)c2c(nc(COc3cccc(Cl)c3)n2C)n(C)c1=O,6.48
N=C1NC(=O)C(=Cc2c[nH]c3ccc(Br)cc23)N1,4.95
CCCNC(=S)N1N=C2CCCCC2C1c1ccco1,5.39
CCOC(=O)c1cc2ccc(OCc3ccc(Cl)c(Cl)c3)cc2oc1=O,8.02365
CSc1nc(O)c(C=C2C=Nc3cccc(Br)c32)[nH]1,5.43
C#CCn1c(=O)c2c(nc3n2CCCN3CCc2ccc(OC)cc2)n(C)c1=O,4.52
N#Cc1cccc(Nc2ncc3c(n2)CCCC3=O)c1,6.03292
O=C(Nc1cccc(C(F)(F)F)c1)c1cc2cc([N+](=O)[O-])ccc2oc1=O,4.64
O=C1CCc2ccc(OCc3ccccc3)cc2N1,7.42022
COc1c2c(cc3ccoc13)CC(=N)C(=O)O2,4.78
CCn1c(=O)c2c(nc3n2CCCN3CCc2ccccc2OC)n(CC)c1=O,5.49
COc1cccc(-c2csc(NN=C(C)c3ccncc3)n2)c1,6.93412
CN=CC1CC(=O)Oc2cc(OCc3cccc(F)c3)ccc21,7.74473
O=C(C=Cc1ccc(O)c(O)c1)C=C(O)c1ccccc1O,6.18421
C#CCCCOc1ccc2cc(C(=O)c3ccc(OC)cc3)c(=O)oc2c1,6.27165
CC(=O)N1N=C(c2ccc(Cl)cc2)OC1c1ccc(Cl)cc1,7.0
COc1ccc(C(=O)C=Cc2ccc(Cl)cc2)c(O)c1,8.36
O=C1CCCc2nc(Nc3cccc(Cl)c3)ncc21,7.14388
CC1CCCCC1=NNc1nc(-c2ccc([N+](=O)[O-])cc2)cs1,8.1
Cc1nn(-c2ccccc2)c(O)c1C=NNC(=O)c1cccnc1,4.88
O=C(CCCc1ccccc1)N=c1[nH]c2ccsc2c(=O)s1,6.53
Fc1ccc(-c2csc(NN=C3CCCCC3)n2)cc1,8.42022
CC(C)N=CC1CC(=O)Oc2cc(OCc3cccc(F)c3)ccc21,5.42022
OCCn1nnc(-c2ccc(OCc3ccccc3Cl)cc2)n1,5.05
COc1cc(OC)cc(-c2cc3cc(C)cc(Br)c3oc2=O)c1,5.15
COc1cc(NC(C)CCCN)c2nccc(C)c2c1Oc1ccc(F)cc1,4.48
Cc1ccc(-c2cc(=S)c3ccccc3o2)cc1,5.17457
O=C1NC(=O)C(=Nc2ccc(C(=O)O)cc2)S1,4.25
CCN=CC1CC(=O)Oc2cc(OCc3cccc(F)c3)ccc21,7.0
Oc1ccc(Cc2sc(O)nc2O)cc1,3.65
O=C(CC=Cc1ccccc1)Nc1ccccc1,4.48
CN1N=C(c2ccc(O)cc2O)CC1c1ccc(F)cc1,6.31
Cn1c(=O)c2c(cc(C=Cc3ccc(Cl)c(Cl)c3)n2C)n(C)c1=O,6.88
O=C(C=CC=Cc1ccccc1)c1cc(F)ccc1O,7.1201
O=C(C=Cc1ccc([N+](=O)[O-])cc1)CC(=O)c1ccccc1O,5.57349
CC(=O)N1N=C(c2ccc(Br)cc2)OC1c1ccc(Cl)cc1,7.08334
CC1CCC(=NNc2nc(-c3ccccc3)cs2)CC1,6.59
C#CCN1CCc2nc3nc(N(C)C)c(C#N)cc3c(N)c2C1,3.55
COc1ccc(C2=NN(C(=S)Nc3ccccc3)C(c3ccc[nH]3)C2)cc1,4.52
CN(C)c1ccc(CC2=Cc3cc(O)c(O)cc3C2=O)cc1,4.96
Cc1cccc(NC(=O)CC=Cc2ccccc2)c1,4.32
Cc1cccc(CCSc2nc3c(c(=O)n(C)c(=O)n3C)n2C)c1,7.29243
CN=C1N(C)C(=O)C(=Cc2c[nH]c3c(Br)cccc23)N1C,5.55021
O=C1CC(=Nc2ccccc2)c2ccc(OCc3cccc(Cl)c3)cc2O1,5.01
O=C1c2ccccc2-c2nnc(-c3ccccc3)c(Cc3ccccc3)c21,5.02
COc1ccc(CSc2ccc(C#N)cc2)cc1,6.065
C#CCn1c(=O)c2c(nc3n2CCCN3c2cccc(Br)c2)n(C)c1=O,5.0
O=c1ccc2ccc(OCc3ccccc3)cc2o1,7.26003
CC1CCC(=NNc2nc(-c3ccc(Cl)cc3Cl)cs2)CC1,5.02
CCCCC(CC)=NNc1nc(-c2ccccc2)c(C)s1,5.32057
COc1ccc(C=C2COc3cc(OCCCCCCCCCCNc4c5c(nc6ccccc46)CCCC5)ccc3C2=O)cc1,5.46471
CC(C)=CCOc1ccc(C2=NN(C(N)=S)C(c3ccc(Cl)cc3)C2)c(O)c1,6.08
Cc1ccc2cc(O)c(C(=O)O)cc2c1,7.72011
c1ccc(Cc2nc3ccccc3n3cnnc23)cc1,4.02
COc1cc(C=Cc2ccc(OCCCCCCN3CCCCC3C)cc2)cc(OC)c1,4.79
Fc1ccc(-c2csc(NN=Cc3c[nH]c4ccccc34)n2)cc1,6.24
CC(C)c1ccc(-c2c(N)nnc3c4ccccc4n(C)c23)cc1,3.5
Cc1c(C)c2ccc(OCc3ccccc3C#N)cc2oc1=O,7.64
CC(=O)N1N=C(c2c(O)cccc2O)CC1c1cccc(C)c1,7.22
Cc1c(C)c2ccc(OC(C)c3ccccc3)cc2oc1=O,6.49
Oc1ccccc1C1CC(c2ccccc2)=NN1C(=S)Nc1ccccc1,4.45
COc1cccc(-c2csc(NN=C3CCCCCC3)n2)c1,7.53
O=C1CC(C=NCc2ccccc2)c2ccc(OCc3cccc(Cl)c3)cc2O1,5.4437
C#CCN(C)C(C)Cc1ccc(OCCCCNc2c3c(nc4ccccc24)CCCC3)cc1,5.07
C#CCN(C)CC(O)COc1ccc2ccccc2c1,4.61
CC(=NNc1nc(-c2ccc([N+](=O)[O-])cc2)cs1)c1nccs1,6.44
CC(=O)COc1cccc(-c2cc3cc(C)ccc3oc2=O)c1,6.74463
O=c1ccoc2ccc(OCCCc3ccccc3)cc12,7.24413
Cc1c(C)c2ccc(OCc3ccc(F)cc3)cc2oc1=O,9.4
O=C1c2ccccc2-c2nnc(-c3ccc(Br)cc3)cc21,5.88
O=C(O)c1cc2cccc(O)c2oc1=O,3.82
O=C1c2ccccc2-c2nnc(-c3ccccc3F)cc21,4.74
CC1CCCC1=NNc1nc(-c2ccc3ccccc3c2)cs1,5.54061
COc1ccc(C2CC(=O)c3ccccc3O2)cc1,5.66
CNC(=S)N1N=C(c2ccc(Cl)cc2)CC1c1ccc[nH]1,3.38
CS(=O)(=O)c1ccc(NC(=O)c2cc3ccccc3oc2=O)cc1,8.85387
OCCn1nnc(-c2ccc(OCc3cccc(Cl)c3)cc2)n1,6.7
Cc1ccc(-c2csc(NN=C3CCCCCC3)n2)cc1,6.04
COC(=O)c1cc(OCc2cccc(Cl)c2)ccc1OCC#N,6.0
O=C1c2ccccc2-c2nnc(-c3cccc(Br)c3)cc21,8.25026
c1ccc(C2CC(c3c4ccccc4cc4ccccc34)=NN2)cc1,8.46471
NC(=O)C1CCCN1c1cc(=O)oc2cc(OCc3cccc(Cl)c3)ccc12,5.02
COc1ccc2c(=O)cc(-c3ccccc3)oc2c1,3.82
O=C(C=CC=Cc1ccccc1)Nc1ccccc1,5.29
COC(=O)c1cc2cc(OCC=C(C)CCC=C(C)C)ccc2oc1=O,6.49
Cn1c(=O)c2c(nc(SCCc3ccc(Br)cc3)n2C)n(C)c1=O,7.72125
Cn1c(=O)c2c(nc(OCCOc3ccccc3)n2C)n(C)c1=O,6.55
Cc1ccc(C=NNc2nc(-c3ccc(Cl)cc3)cs2)cc1,3.82
COc1cccc(-c2csc(NN=C3CCCC(C)C3)n2)c1,7.14
O=C(CCCc1ccccc1)N=c1[nH]c2ccccc2c(=O)s1,6.73049
COc1ccc(-c2cc3cc(C)cc(Br)c3oc2=O)cc1,5.4908
Cc1ncc2c(n1)C(=O)c1ccccc1-2,5.03
N#Cc1cccc(COc2ccc3c(c2)CCCC3=O)c1,7.11
Oc1occ2ccc(OCCOc3ccc(Cl)cc3)cc12,7.96
Cc1ccc(C2CC(=O)c3ccc(F)cc3O2)cc1,6.82391
CNCC=C1CC(=O)Oc2cc(OCc3cccc(Cl)c3)ccc21,6.52288
CN1C(=O)C2C(N=C(C=Cc3cccc(Br)c3)N2C)N(C)C1=O,7.08
CCCCCCOc1ccc2cc(C(=O)OC)c(=O)oc2c1,9.06
O=C(c1ccccc1)c1cc2cc(Br)cc(Br)c2oc1=O,3.82
NC(=O)CNCc1ccc(OCc2ccccc2)cc1,5.50169
COc1ccc2oc(=O)c(-c3cccc(C)c3)cc2c1,7.77
CCn1c2ccccc2c2nnc(N)c(-c3ccc(C)cc3)c21,4.96
N#Cc1ccc(-c2csc(NN=Cc3cccc4ccccc34)n2)cc1,5.96
NCC=C(F)COc1cccc(Cl)c1,7.52288
Cc1ccccc1C1CC(c2ccccc2)=NN1C,6.96
NC(=O)Cc1cc(=O)oc2cc(OCc3ccncc3)ccc12,5.7
CN1N=C(c2ccc(O)cc2)CC1c1ccccc1Cl,4.98
COc1cccc(-c2csc(NN=Cc3cccnc3)n2)c1,5.54
O=C1Nc2ccc(Oc3ccccc3)cc2C1=O,6.18
CC(=NNc1nc(-c2ccc([N+](=O)[O-])cc2)cs1)c1ccco1,5.44491
NCC=C(F)COc1ccccc1,6.74473
NC(=O)Cc1cc(=O)oc2cc(OCc3cccc(Cl)c3)ccc12,7.52288
CC(=NNc1nc(-c2ccccc2)c(C)s1)c1ccco1,5.68
COc1ccc(C=C2COc3ccccc3C2=O)cc1,7.23
COc1cc(NC(C)CCCN)c2nccc(C)c2c1Oc1ccc(F)cc1F,4.93
CC(=NNc1nc(-c2ccc3ccccc3c2)cs1)c1cc2ccccc2oc1=O,4.96
Clc1ccc(CCN2CC=CCC2)c(Cl)c1,4.17
CC1CCC(=NNc2nc(-c3ccc(F)cc3)cs2)C1,7.18383
CC1CN(C(N)=S)N=C1c1ccc(F)cc1,3.82
Cc1ccc(C2=NN(c3nc4ccccc4c(=O)n3C)C(c3cccs3)C2)cc1,4.15
COc1cc(NC(C)CCCN)c2nccc(C)c2c1Oc1ccccc1Br,5.80134
c1ccc(N=Nc2ccccn2)cc1,5.28
CC(=NNc1nc(-c2ccc(C#N)cc2)cs1)c1cccnc1,8.68
N#CCCCn1nc(-c2ccc(OCc3ccccc3)cc2)oc1=O,6.39
CCCN1C(=O)C(=Cc2ccncc2)SC1=S,6.1
O=C1C(=Cc2ccc(Cl)cc2)COc2ccc(Cl)cc21,7.5
CCn1c(=O)c2c(nc3n2CCCN3c2ccc(O)cc2)n(CC)c1=O,5.1
Cc1c(C)c2ccc(OCc3cccc(Cl)c3)cc2oc1=O,8.48017
CC(C)=CCOc1ccc(C(=O)C=Cc2ccc(C)cc2)c(O)c1,5.99
O=C1CCCc2cc(OCc3cccc(Cl)c3)ccc21,7.82391
CCCCC(CC)=NNc1nc(-c2ccc3ccccc3c2)cs1,5.42481
Cn1c(=O)c2c(nc(SCCc3cccc(Br)c3)n2C)n(C)c1=O,7.4
CCCCCC(C)=NNc1nc(-c2ccccc2)c(C)s1,5.22185
O=[N+]([O-])c1ccc(-c2csc(NN=C3CCCCCC3)n2)cc1,7.96
N#CCCn1nc(-c2ccc(OCc3ccccc3)cc2)oc1=O,8.85
N#CCn1nc(-c2ccc(OCc3ccccc3)cc2)oc1=O,7.22
C#CCNC(C)Cc1cccc(OC(=O)N(C)CCC)c1,6.77
O=C(Cc1cc(=O)oc2cc(OCc3cccc(Cl)c3)ccc12)NCc1ccccc1,5.30103
Cn1c2ccccc2c2nnc(N)c(-c3ccccc3F)c21,4.38
COc1ccc(C2=NN(c3nc4ccccc4c(=O)n3C)C(c3ccco3)C2)cc1,5.83
COCC(COc1ccc(OCc2cccc(C(F)(F)F)c2)cc1C(C)=O)C(=O)OC,7.7
CCC(C)=NNc1nc(-c2ccccc2)c(C)s1,5.82
C#CCCCOc1ccc2c(C)cc(=O)oc2c1,7.74
COc1cccc(SCc2nc3c(c(=O)n(C)c(=O)n3C)n2C)c1,5.07469
COc1ccc2c3c([nH]c2c1)C(C)=NCC3,3.82
CC(=O)c1cc(=O)oc2cc(OCc3cccc(Cl)c3)ccc12,7.40001
COc1ccc(C(=O)C=Cc2ccc(Cl)cc2)cc1,7.27
O=C1CC(c2ccc(F)cc2)Oc2ccccc21,5.36
Fc1ccc(CCN2CC=CCC2)cc1,2.28
COc1ccc(C2=NN(C(C)=O)CC2)cc1OC,4.06
COc1ccc(C2CC(c3ccc(O)cc3O)=NN2C(C)=O)cc1,4.08
CCCOc1cc(=O)oc2cc(OCc3cccc(Br)c3)ccc12,7.13001
N#Cc1ccc(SCCc2ccccc2)cc1,5.74232
COc1ccc2c(=S)cc(-c3ccccc3)oc2c1,3.82
CNC(=S)N1CC(C)C(c2ccccc2)=N1,3.82
O=C(O)C=CC=Cc1ccc2c(c1)OCO2,4.87
NC(=O)CNCc1ccc(OCc2ccc([N+](=O)[O-])cc2)cc1,5.04096
Fc1ccc(-c2csc(NN=C3CCCCCC3)n2)c(F)c1,7.8
Fc1ccc(-c2nc3ccc(N4CCCCC4)nc3o2)cc1,6.57
COc1c(OCC(C)=O)ccc2c1OC(=O)C1CCCC=C21,4.92
CCOc1ccc2cc(CC(C)N)ccc2c1,4.87
CN(C)c1ccc(C=C2COc3cc(OCCCCCCNc4c5c(nc6ccccc46)CCCC5)ccc3C2=O)cc1,5.99
Clc1ccc(-c2nc3ccc(N4CCCCC4)nc3s2)cc1,6.45
COc1cc(C=CC=CC(=O)c2c(O)cccc2OC)ccc1O,6.31305
CN(C)c1ccc(NCc2ccccn2)cc1,7.55284
COc1cccc(-c2csc(NN=Cc3ccncc3)n2)c1,5.9431
Cc1cccc(NC(=S)N2N=C(c3ccccc3)CC2c2ccccc2O)c1,3.6
COc1cccc(-c2csc(NN=C3CCC(C)CC3)n2)c1,7.45
Cn1c(=O)c2c(nc3n2CCCN3c2ccc(Cl)c(Cl)c2)n(C)c1=O,5.0
O=CC1CC(=O)Oc2cc(OCc3cccc(Cl)c3)ccc21,8.28
O=C1c2ccccc2-c2nnc(Cc3ccccc3)cc21,4.51
Cc1cccc(C2CC(c3ccccc3)=NN2C)c1,6.96
OC(CNC1CC1)COc1ccc(-c2ccccc2)cc1,5.6
O=C(Cl)c1cc2ccccc2cc1O,6.94
C#CCNC(C)Cc1cccc(OC(=O)N(C)CC)c1,4.89
O=C(Cl)c1cc2cc(Cl)ccc2oc1=O,8.0
O=C1c2ccccc2-c2nnc(C=Cc3ccccc3)cc21,7.58004
C#CCN(C)C(C)Cc1cccc(O)c1,5.32
CN(C=C1CC(=O)Oc2cc(OCc3cccc(Cl)c3)ccc21)Cc1ccccc1,5.1
Oc1ccc(C2CC(c3ccccc3O)=NN2)cc1,6.22185
CN=C1N=C(Cc2c[nH]c3cccc(Br)c23)C(=O)N1,5.15
O=c1ccc2ccc(CNc3ccccc3)cc2o1,7.24003
COc1ccc(C2CC(c3ccccc3O)=NN2C(=O)Oc2ccccc2)cc1,3.52
CC(N=CC1CC(=O)Oc2cc(OCc3ccccc3)ccc21)C(N)=O,5.74473
CN1N=C(c2ccc(O)cc2O)CC1c1ccccc1F,5.41229
CN(C)C(=O)Cc1cc(=O)oc2cc(OCc3ccccc3)ccc12,6.4
CC(=O)Nc1ccc2c(c1)S(=O)(=O)c1cc(NC(C)=O)ccc1N2C,5.15
N#CCCN1C(=O)SC(=Cc2ccccc2)C1=O,5.64016
CCN(CC)c1ccc(CC2=Cc3cc(O)c(O)cc3C2=O)cc1,5.11295
C#CCNCc1cc2cc(O)ccc2n1C,5.05
Cn1c(=O)c2c(nc(C=Cc3ccc(Cl)cc3)n2C)n(C)c1=O,6.37
c1ccc(-c2cc3c(nn2)-c2ccccc2C3)cc1,4.63
c1ccc(-c2csc(NN=C3CCCCC3)n2)cc1,6.94
N#CCCn1nc(-c2ccc(OCc3cccc(Cl)c3)cc2)oc1=S,6.8
O=C(Cl)c1cc2cc(Cl)ccc2cc1O,8.0
CCCCSc1ccc(CC(C)N)cc1,5.05
O=C1c2c(Cl)cc(Cl)cc2OCC1Cc1ccc(Cl)cc1,5.34
Cc1ccc(C(C=Cc2cccs2)=NN=c2[nH]c3ccccc3c(=O)n2C)cc1,3.73
O=c1cc(Cl)c2ccc(OCc3cccc(Cl)c3)cc2o1,7.68006
CC#CCN(Cc1ccccc1)Cc1cc2ccccc2n1C,4.3
O=C1NC(=O)c2cc(OCCc3ccccc3)ccc21,8.1549
O=C1CSC(c2ccccc2)CN1,5.02
CCn1c(=O)c2c(nc3n2CCCN3C2CCCCC2)n(CC)c1=O,5.43
CC1CCCC(=NNc2nc(-c3ccc(Cl)cc3)cs2)C1,4.66
CC(C#N)n1nc(-c2ccc(OCc3ccccc3)cc2)oc1=O,4.32
Cc1cc(=O)oc2cc(OCc3ccccc3)ccc12,8.80134
CC(=NNc1nc(-c2ccc(F)cc2)cs1)c1cccnc1,8.77
CC(=O)c1c(O)cccc1OCc1ccc(Br)cc1,5.57025
Cn1c(=O)c2c(nc(SCCc3cccc(C(F)(F)F)c3)n2C)n(C)c1=O,7.77
O=S(=O)(c1ccccc1)N1N=C(c2ccccc2O)CC1c1ccccc1O,2.81
C#CCNC1CCc2ccccc21,8.36
CC1CCCCC1=NNc1nc(-c2ccc(F)cc2)cs1,6.69073
N#Cc1cccc(C=CC(=O)Nc2cccc(Cl)c2)c1,7.05
Cn1c(=O)c2c(cc(-n3cc(-c4ccc(Cl)cc4)nn3)n2C)n(C)c1=O,6.74
O=C1CC(=O)c2ccc(OCc3cccc(F)c3)cc2O1,5.68
COc1cccc(COc2ccc(OCCCC#N)c(C(C)=O)c2)c1,6.7
COc1ccccc1NC(=S)N1N=C(c2ccccc2O)CC1c1ccccc1O,3.77
CC(C)NCc1cn(Cc2ccccc2)c2ccccc12,3.36
O=C1c2ccccc2-c2nnc(-c3ccccc3Cl)cc21,4.8
N#CCCn1nc(-c2ccc(OCc3ccccc3)cc2)oc1=S,8.43
O=C(c1ccccc1)N1N=C(c2ccccc2O)CC1c1ccccc1O,1.0
Cc1ccc2c(c1)OC(=Cc1ccccc1)C2=O,5.47496
Cc1ccc(-c2cc(=O)c3ccc(C)cc3o2)cc1,3.82
CC(=NNc1nc(-c2ccc(C#N)cc2)cs1)c1cccs1,5.51
CNC(=O)COc1cc(=O)oc2cc(OCc3cccc(Cl)c3)ccc12,7.47006
Cc1ccc(NC(=O)c2cc3ccccc3oc2=O)cc1,6.15
Cn1c(=O)c2c(ncn2C)n(C)c1=O,2.44
Cn1c(=O)c2c(nc(OCc3ccc(Br)cc3)n2C)n(C)c1=O,7.35
CCC(C)NC(=O)c1cc2cc([N+](=O)[O-])ccc2oc1=O,4.76
CCn1c(=O)c2c(nc3n2CCCN3CCN2CCCCC2)n(CC)c1=O,4.71
O=C(C=Cc1ccc(Br)o1)c1ccc(F)cc1,6.27
COc1ccccc1NC(=O)c1cc2cc(Br)cc(Br)c2oc1=O,4.7
O=C1CCCc2cc(OCc3ccccc3)ccc21,7.20066
CC#CCN(C)Cc1cc2cc(OCc3ccccc3)ccc2[nH]1,7.51
O=C(Nc1ccc(OC(F)(F)F)cc1)c1coc2ccccc2c1=O,5.97
Cc1sc(NN=Cc2cccc3ccccc23)nc1-c1ccccc1,3.82
N#CCCN1N=C(c2ccc(OCc3cccc(Cl)c3)cc2)OCC1=O,7.89
C=C=CCN(C)Cc1cc2cc(OCc3ccccc3)ccc2n1C,7.51
O=C1Nc2ccc(-c3ccccc3)cc2C1=O,6.29
COc1cccc(COc2nc3c(c(=O)n(C)c(=O)n3C)n2C)c1,5.96
CC(=O)c1cc2cc(Br)cc(Br)c2oc1=O,6.7
COc1cc(OC)c(Br)c(-c2cc3cc(C)ccc3oc2=O)c1,4.27
CCCn1c(=O)c2c(nc3n2CCCN3CC(=O)N2CCN(Cc3ccc(C(F)(F)F)cc3)CC2)n(CCC)c1=O,5.53
CC1(C)CC(=O)c2cnc(Nc3ccc(Cl)cc3)nc2C1,7.46344
O=C(C=Cc1ccc(Br)o1)c1cccc(Cl)c1,6.69
COc1ccc2cc(-c3c[nH]c4ccccc34)c(=O)oc2c1,7.34
Cc1ccc(C(C=Cc2ccco2)=NN=c2[nH]c3ccccc3c(=O)n2C)cc1,3.75
Oc1c2c3c([nH]nc-2c2ccccc12)=CCCC=3,4.0
CCCCOc1ccc(C2CNCCS2)cc1,6.57
CNC(=O)c1ccc2c(c1)[SH](=O)(O)c1ccccc1C2=O,5.3
CC(=O)N1N=C(c2ccc(O)cc2O)CC1c1cccc(C)c1,7.42
COc1cccc(CCCC(=O)N=c2[nH]c3ccccc3c(=O)s2)c1,6.41005
O=C(OCc1ccc2ccc(=O)oc2c1)c1ccccc1,5.62
C#CCNC(C)Cc1cccc(OC(=O)N(C)C2CCCCC2)c1,6.64
C1=CCN(Cc2ccccc2)CC1,2.18
O=C1NC(=O)c2cc(OCC=Cc3ccccc3)ccc21,7.7
O=c1oc2ccccc2cc1-c1c[nH]c2ccccc12,5.72
Cc1ccc(-c2cc(=S)c3ccc(F)cc3o2)cc1,5.79317
O=C1Nc2cc(OCc3ccccc3)ccc2C1=O,7.23
CCOc1cncc(OCc2ccccc2)c1CN,3.0
COc1ccc(C=C2COc3cc(OCCCCCNc4c5c(nc6ccccc46)CCCC5)ccc3C2=O)cc1,5.94
O=C(C=Cc1ccc2c(c1)OCO2)NC1CCCC1,5.95
Oc1ccccc1C1=NN(C(=S)Nc2ccccc2)C(c2ccco2)C1,3.36
O=C(O)c1cc2cc(O)ccc2oc1=O,3.82
C#CCN(C)Cc1cc2cc(OCCCN3CCN(Cc4ccccc4)CC3)ccc2n1C,5.8
NNc1nc2ccccc2nc1Cc1ccc(Cl)cc1,3.24
COc1cccc(-c2csc(NN=Cc3c[nH]c4ccccc34)n2)c1,6.1
OCCNc1nc2ccccc2nc1Cc1ccccc1,4.07
Cc1ccccc1COc1ccc(-c2nnn(CCC#N)n2)cc1,6.96
C(=NNc1nc(-c2ccc3ccccc3c2)cs1)c1ccco1,5.56
CNC(=O)Cc1cc(=O)oc2cc(OCc3cccc(Cl)c3)ccc12,7.62
O=c1c(=O)c2ccc(OCCCC(F)(F)F)cc2c1=O,8.05
O=C(O)c1cc2cc([N+](=O)[O-])ccc2cc1O,7.71
O=C(NCCCN1CCOCC1)c1cncc(Br)c1,4.19
O=C1NC(=O)C(=Cc2ccc3nccnc3c2)S1,4.89
O=C(N=C1Cc2ccccc2OC1=O)OCCBr,5.29414
CCOC(=O)c1cc2cc(O)ccc2oc1=O,5.0
Cc1cc2cc(NC(=O)c3cccc(Cl)c3)ccc2[nH]1,6.48
CNc1nc(O)c(C=C2C=Nc3ccc(Br)cc32)n1C,4.93
O=C1NC(=O)c2cc(OCc3ccc(Br)cc3)ccc21,8.52288
CC1=C(C=NNC(=S)Nc2ccccc2)C(C)(C)CC=C1,3.65
Cc1cc2c(nn1)-c1ccccc1C2=O,4.13
COc1ccc(-c2cc(=O)c3ccc(F)cc3o2)cc1,5.8729
Nc1cccc(C=Cc2ccccc2)c1,5.61
C#CCNCCCCC(NC(=O)OCc1ccccc1)C(=O)OCc1ccccc1,3.61
O=C(Nc1ccccc1Cc1ccccc1)c1cc2ccccc2oc1=O,6.04096
CCC(=O)c1cc(OCc2cccc(Cl)c2)ccc1OCCCC#N,6.4
CC(=NNc1nc(-c2ccc([N+](=O)[O-])cc2)cs1)c1ccccc1,3.82
c1ccc(C2=NNC(c3c4ccccc4cc4ccccc34)C2)nc1,8.00393
CSc1nc(C=C2C=Nc3cc(Br)ccc32)c(O)[nH]1,5.85
COc1ccc(C=CC=CC(=O)c2ccccc2O)cc1OC,4.84
CCCCOc1ccc(C2CCN(CCC)CC2)cc1,5.8
O=C(C=Cc1ccc2c(c1)OCO2)N1CCCC1,5.31
CC(=O)N1N=C(c2ccc(O)cc2O)CC1c1ccccc1C,7.52
CC(=NNc1nc(-c2ccc(C#N)cc2)cs1)c1ccc2ccccc2c1,3.82
Cc1sc(NN=C2CCCC(C)C2)nc1-c1ccccc1,5.54061
O=C(Cc1sc(O)nc1O)Nc1cccc(O)c1,4.96
C#CCN(C)C(C)CCCCCCCC,6.74473
O=C(Nc1ccc([N+](=O)[O-])cc1)c1coc2ccccc2c1=O,4.93
CC(=O)COc1cc(=O)oc2cc(OCc3cccc(Cl)c3)ccc12,7.57
COc1ccccc1NC(=S)N1N=C(c2ccccc2)CC1c1ccccc1O,4.22
Oc1occ2ccc(OCc3ccccc3)cc12,6.64
Cc1ccccc1COc1ccc2c(C)c(C)c(=O)oc2c1,8.06
CC(C)CCCCOc1nc2c(c(=O)n(C)c(=O)n2C)n1C,6.55
COc1ccc(OCC(F)=CCN)cc1,6.51
O=C1CC(c2ccccc2)Oc2cc(F)ccc21,6.21
Cn1c(=O)c2c(nc3n2CCCN3CCc2cccc(Cl)c2)n(C)c1=O,5.87
CN1N=C(c2ccccc2)CC1c1cccc(Cl)c1,6.08
O=C(Sc1ccc(Br)cc1)c1cc2cc([N+](=O)[O-])ccc2oc1=O,4.68
NC(=S)N1N=C(c2ccccc2)CC1c1ccccc1,4.32
O=c1ccoc2ccc(OCc3ccc(C(F)(F)F)cc3)cc12,8.7
COc1ccc(C=CC(=NN=c2[nH]c3ccccc3c(=O)n2C)c2ccccc2)cc1OC,4.19
CN(CCCCCCCCCCCCN=C=S)Cc1ccccc1,5.05
N#Cc1c(F)c(F)c(NC(=O)c2cc3ccc(OCc4ccc(F)cc4)cc3oc2=O)c(F)c1F,5.46218
Cc1ccc(C(=O)C=Cc2ccc(F)cc2)o1,6.03433
C#CCN(N)CC=Cc1ccccc1,5.45
c1ccc(-c2nc3ccc(N4CCCCCC4)nc3o2)cc1,5.14
COc1cc(NC(=O)c2cc3ccccc3oc2=O)cc(OC)c1,5.38
COc1ccc2c(c1)CC[N+](C)=C2,4.82
COc1ccc(C(=O)C=Cc2ccc(OCc3ccccc3)cc2)cc1,6.35
CCOc1cc(=O)oc2cc(OCc3cccc(F)c3)ccc12,6.58
COc1cccc(-c2csc(NN=C3CCCCC3C)n2)c1,7.91293
Cn1c(=O)c2c(cc(OCc3ccc(Cl)c(C(F)(F)F)c3)n2C)n(C)c1=O,6.23448
COc1cc2c(cc1OC)CN(C)CC2,4.54
O=C1C(=Cc2ccccc2)COc2ccccc21,6.32
CCNC(=S)N1N=C2CCCCC2C1c1ccco1,5.71
O=c1c(Cc2ccc(Cl)cc2)coc2ccc(Cl)cc12,3.82
COc1cc(C=Cc2ccc(OCCCCCCN3CCCC3)cc2)cc(OC)c1,4.91
Cc1cc(Br)c2oc(=O)c(-c3ccccc3)cc2c1,4.96
CNc1nc(C=C2C=Nc3cccc(Br)c32)c(O)n1C,4.57
CC1CCCC(=NNc2nc(-c3ccccc3)cs2)C1,5.6517
CC(=O)NCC1CN(c2ccc(N3CCOCC3)c(F)c2)C(=O)O1,4.9
CC1CCC(=NNc2nc(-c3ccc([N+](=O)[O-])cc3)cs2)C1,6.43
C#CCOc1ccc2cc(C(=O)OC)c(=O)oc2c1,5.75
O=C(Nc1c(F)c(F)c(F)c(F)c1F)c1cc2ccccc2oc1=O,6.34
Cc1c(C)c2ccc(OCc3csc(C(C)C)n3)cc2oc1=O,8.85
O=C(NCCCN1CCOCC1)c1cnc(Cl)c(Cl)c1,4.35
CC(=NNc1nc(-c2ccc(C#N)cc2)cs1)c1ccco1,3.82
N#CCCCCn1nc(-c2ccc(OCc3ccccc3)cc2)oc1=O,6.31
CC(=O)c1cc2c(ccc3ccccc32)oc1=O,5.7
COc1cccc(-c2csc(NN=C3CCCC3C)n2)c1,7.57447
O=C(C=CC=Cc1ccccc1)Nc1cccc(Cl)c1,5.66
COc1cc(=O)oc2cc(OCc3cccc(Br)c3)ccc12,8.24033
CN1N=C(c2ccccc2)CC1c1ccccc1,6.92082
C#CCCCOc1ccc2c(c1)OC(=O)C(=NC(C)=O)C2,7.36051
Cn1c(=O)c2c(nc(COc3cccc(C(F)(F)F)c3)n2C)n(C)c1=O,6.19314
Nc1cccc(Oc2ccccc2)c1,4.22
CN(C)C=C1CC(=O)Oc2cc(OCc3cccc(Cl)c3)ccc21,5.95078
N#Cc1ccc(OCc2ccccc2)cc1,6.11
Cc1cc(=O)oc2cc(OC3CCCC3=O)ccc12,5.25414
Oc1[nH]c2ccc(C=CCCc3ccccc3)cc2c1O,9.55
COc1cc(C2CC(c3ccc(O)cc3O)=NN2C(=S)Nc2ccccc2OC)ccc1O,3.77
COc1cc(NC(C)CCCN)c2nccc(C)c2c1Oc1ccc(Cl)c(Cl)c1,6.26
CC(=O)N1N=C(c2ccc(OCC=C(C)C)cc2O)CC1c1ccc(OCc2ccccc2)cc1,6.76
N#CCCN1N=C(c2ccc(OCc3ccc(Cl)cc3)cc2)OCC1=O,7.0
CN=C1N=C(Cc2c[nH]c3c(Br)cccc23)C(=O)N1,4.59
O=C1C(=Cc2ccc(F)cc2)COc2cc(OCCCCCCNc3c4c(nc5ccccc35)CCCC4)ccc21,5.96257
O=C(CC=Cc1ccccc1)Nc1cccc(Br)c1,4.51
COc1ccc(C=NNc2nc3ccccc3nc2Cc2ccccc2)cc1,4.1
COc1cc(C=C2SC(=S)NC2=O)c(OC)cc1O,4.5
NC(=O)C(NCc1ccc(OCc2cccc(Cl)c2)cc1)c1ccccc1,5.0
O=C1c2ccccc2-c2nnc(-c3ccco3)cc21,4.49
C#CCN(C)C(C)Cc1ccc(OCCCCCCCCNc2c3c(nc4ccccc24)CCCC3)cc1,6.78
CC(CC(C)C)=NNc1nc(-c2ccc3ccccc3c2)cs1,5.45
CCn1c2ccccc2c2nnc(N)c(-c3ccc(C(C)C)cc3)c21,4.8
C#CCN(C)Cc1cn(Cc2ccccc2)c2ccccc12,3.32
NC1CC1(F)c1ccc(C(F)(F)F)cc1,5.15
O=C(CC=Cc1ccccc1)Nc1cccc(Cl)c1,4.63
O=C1C(=Cc2ccc(Cl)cc2)COc2cc(Cl)cc(Cl)c21,7.89
Cc1sc(NN=C2CCCC2)nc1-c1ccccc1,5.85078
C#CCNC1CCc2ccc(OC(=O)N(C)Cc3ccccc3)cc21,3.92
C#CCN(C)C1CCc2ccc(OC(=O)N(C)CC)cc21,4.92
CC(=O)N1N=C(c2ccccc2)OC1c1ccc(F)cc1,5.02091
O=C(Oc1ccccc1)N1N=C(c2ccccc2O)CC1c1ccccc1,3.28
COc1ccc(C2CC(c3ccccc3O)=NN2C(=S)Nc2ccccc2)cc1,3.38
c1ccc(Cc2nc3ccccc3n3c(-c4ccccc4)nnc23)cc1,3.01
CC(=O)NCC1CN(c2ccc(C=C(Br)c3ccncc3)c(F)c2)C(=O)O1,3.73
O=C1c2ccccc2-c2nncc(Cc3ccccc3)c21,4.3
CC(=O)c1cc(OCCCC#N)ccc1OCc1cccc(Cl)c1,6.0
Cn1c(N2N=C(c3ccc(Cl)cc3)CC2c2cccs2)nc2ccccc2c1=O,4.59
O=C1NC(=O)C(=Cc2cccc(Br)c2)S1,5.22
Cn1c(=O)c2c(nc(CSc3ccc(Cl)cc3)n2C)n(C)c1=O,5.16052
NNc1nc2cc(Cl)c(Cl)cc2nc1Cc1ccccc1,4.13
S=C(Nc1ccccc1)N1N=C2CCCCC2C1c1ccco1,5.91
O=C1C(=O)C(c2ccc(O)c(O)c2)Oc2cc(O)cc(O)c21,4.05
N=C(N)N1N=C(c2ccccc2)CC1c1ccncc1,5.32
Cn1c(=O)c2c(nc(OCc3cccc(Br)c3)n2C)n(C)c1=O,6.48
C#CCCCCOc1ccc2cc(-c3ccc(OC)cc3)c(=O)oc2c1,8.53
CNC1=NC(=O)C(Cc2c[nH]c3cccc(Br)c23)=N1,5.15286
N#Cc1ccc(OCc2ccc(Br)cc2)cc1C#N,8.32
O=C1c2ccccc2-c2ncnc(-c3ccccc3)c21,4.47
Clc1cccc(Nc2ncc3c(n2)CCCC3)c1,7.11
COc1cc(C2CC(c3ccccc3O)=NN2C(=S)Nc2ccc(C)cc2)ccc1O,3.32
Cc1cccc(NC(=O)C=CC=Cc2ccccc2)c1,5.18
N=C1CC(=O)Oc2cc(OCc3cccc(Cl)c3)ccc21,7.32003
Cn1cccc1C(=O)C(c1ccccc1)N1CCN(Cc2ccccc2)CC1,5.0
Oc1occ2ccc(OCC3CCCCC3)cc12,7.92082
O=C1CC(=CN2CCOCC2)c2ccc(OCc3cccc(Cl)c3)cc2O1,5.64
c1ccc2c(c1)CCc1c-2[nH]c2ccccc12,4.39
COc1cccc(-c2csc(NN=C(C)c3cccs3)n2)c1,6.26
O=C1Nc2ccc(C=Cc3cccc(F)c3)cc2C1=O,6.22185
C#CCN1CCc2nc3nc(N4CCCCC4)c(C#N)cc3c(N)c2C1,3.53
Nc1[nH]nc2c3cc(Br)ccc3nc-2c1-c1ccccc1,4.6
O=C1OC(Cn2ccnn2)CN1c1ccc(-c2ccn3ccnc3c2)c(F)c1,4.08
CC1CCCCC1=NNc1nc(-c2ccc(C#N)cc2)cs1,7.49
Clc1cc2nc(Cc3ccccc3)c(NCCN3CCOCC3)nc2cc1Cl,3.02
COc1cccc(C=C2COc3ccccc3C2=O)c1OC,5.72
O=C(C=CC=Cc1ccc([N+](=O)[O-])cc1)c1cc(Cl)ccc1O,5.97
O=C1C(=Cc2ccc(O)c([N+](=O)[O-])c2)COc2ccccc21,6.31
Oc1occ2ccc(OCCOc3ccc(Br)cc3)cc12,7.92082
O=c1ccoc2cccc(OCc3ccccc3)c12,5.1
N#CCCn1nnc(-c2ccc(-c3ccccc3)cc2)n1,6.08
O=C1CCCc2cc(OCc3ccc(C(F)(F)F)cc3)ccc21,8.22185
NC(=O)CC1=CCc2c(F)cc(F)cc21,6.7
NC(=O)C(CO)NCc1ccc(OCc2cccc(F)c2)cc1,6.85387
C#CCNC(C)Cc1ccccc1,6.49
OC(CNC1CC1)COc1ccc2cc(Br)ccc2c1,5.6
Cc1cc(=O)oc2c(C)c(OC3CCCC3=O)ccc12,4.97
COc1ccc(NC(=O)c2cc3ccccc3oc2=O)cc1,6.09
CN1N=C(c2ccccc2)CC1c1ccccc1Cl,5.44
Cc1cc2cc(NC(=O)c3cccc(S(=O)(=O)O)c3)ccc2[nH]1,4.12
Cc1cc(=O)c2cc(OCc3ccccc3)ccc2o1,6.9
N#CCCN1N=C(c2ccc(OCc3ccccc3)cc2)OCC1=O,7.74
O=c1cc(C(F)(F)F)c2ccc(OCc3cccc(Cl)c3)cc2o1,6.06
O=C1c2ccccc2-c2nc(-c3cccc([N+](=O)[O-])c3)nnc21,7.1
CN1N=C(c2ccccc2)CC1c1ccc(Cl)cc1,5.4034
CCCN(C)c1ccc(CC2=Cc3cc(OC)c(O)cc3C2=O)cc1,4.39
N#Cc1ccc(SCc2ccc(Cl)cc2)cc1C#N,7.85387
NC(=O)CNCc1ccc(OCc2cccc(F)c2)cc1,5.65
O=C1c2ccccc2-c2nc(-c3ccccc3)ncc21,4.94
CNCc1cc2cc(OCc3ccccc3)ccc2n1C,4.36
COc1cccc(-c2csc(NN=Cc3cccc4ccccc34)n2)c1,3.82
O=c1oc2cc(OCc3ccccc3)ccc2c2ccccc12,8.95078
C#CCN(C)C(C)CCCCCCCCCC,7.41
O=C(NCc1ccccc1)c1cc2ccc(OCc3ccccc3)cc2oc1=O,6.00436
CCCOc1cc(=O)oc2cc(OCc3ccccc3)ccc12,6.24
COc1ccc(S(=O)(=O)Oc2ccc3c(C)c(C)c(=O)oc3c2)cc1,4.77
COc1ccc(-c2cc3cc(C)ccc3oc2=O)cc1Br,9.13077
Cn1c(=NN=C(C=Cc2ccccc2)c2ccccc2)[nH]c2ccccc2c1=O,4.15
CC(C)C(=O)c1ccc(O)c(O)c1,4.3
Cc1ccc(-c2cc3cc(O)ccc3oc2=O)cc1,7.17328
COc1ccc(CNC(=O)c2cc(-c3cc(Cl)cc(Cl)c3)cnc2-c2cccnc2)cc1OC,4.65
O=C(c1ccccc1)c1cc2cc(Cl)cc(Br)c2oc1=O,3.82
C#CCCCOc1ccc2cc(C(=O)N3CCN(C(=O)OC(C)(C)C)CC3)c(=O)oc2c1,5.0
COc1ccc2cc(C(=O)O)c(=O)oc2c1,3.82
Cc1cc(C)cc(NC(=O)c2cc3ccccc3oc2=O)c1,6.1549
O=C1Oc2cc(OCc3ccccc3)ccc2C2=CCCC12,9.04001
NCc1cn(-c2cccc(C(=O)O)c2)nn1,4.21
CCNC(=S)N1N=C(c2ccc(OC)cc2)CC1c1cccs1,4.66
Nc1ccc(C=Cc2ccccc2)cc1,5.56
Cc1cc2cc(NC(=O)C3CCCCC3)ccc2[nH]1,5.52
CN(C)C1C=C(c2ccccc2)CCC1,2.98
CC1=C(C=NNC(N)=S)C(C)(C)CC=C1,4.13
CC#CCN(C)Cc1cc2cc(OCc3ccccc3)ccc2n1C,7.20066
N#Cc1ccc(SCc2ccc(Br)cc2)cc1,6.32
CC1CC(=O)c2cnc(Nc3ccc(C#N)cc3)nc2C1,8.35
C#CCn1c(=O)c2c(nc3n2CCCN3Cc2cccnc2)n(C)c1=O,4.42
O=C1c2ccccc2-c2nnc(OCc3ccccc3)cc21,4.26
CC1CCCC1=NNc1nc(-c2ccc(F)cc2)cs1,8.04
COc1cccc(COc2ccc(C3=NN(CCC#N)C(=O)CO3)cc2)c1,7.17
CN(C)C(C(=O)c1cccn1C)c1ccccc1,3.06
C#CCN(C)Cc1cc2cc(OC)ccc2n1C,7.52
NC1CC1c1ccc(NC(=O)c2ccc(O)c3ncccc23)cc1,4.09
O=C1CC(=O)c2ccc(OCc3ccccc3)cc2O1,5.8
CCCN1CCC(c2ccc(Cl)cc2)CC1,4.42
O=c1oc2c(O)cc(Br)cc2cc1-c1ccccc1,4.51
Nc1cccc(CCc2ccccc2)c1,4.31
CC#CCN(C)Cc1cc2cc(O)ccc2n1C,5.06
CCCOC(=O)c1cc(=O)c2ccccc2o1,4.45
O=C1c2ccccc2-c2nnc(-c3ccc(F)c(F)c3)cc21,8.30016
Clc1ccc(-c2csc(NN=C3CCCCCC3)n2)cc1,6.32
O=C(NNc1ccc([N+](=O)[O-])cc1[N+](=O)[O-])c1cc2ccccc2oc1=O,4.25
O=C(C=CCc1cccc(Cl)c1)N=c1[nH]c2ccccc2c(=O)s1,6.08
O=C(Nc1ccc(O)c(O)c1)c1cc(=O)c2ccccc2o1,5.58
CCCN1CCN(c2ccc(OS(=O)(=O)C(F)(F)F)cc2)CC1,7.48
COc1cccc(-c2csc(NN=C(C)c3ccco3)n2)c1,5.77469
Cn1c(=O)c2c(nc3n2CCCN3CCc2ccc(Cl)c(Cl)c2)n(C)c1=O,7.06098
CCCn1c(=O)c2c(nc3n2CCCN3CC(=O)N2CCN(c3ccccc3)CC2)n(CCC)c1=O,5.0
Clc1cccc(-c2nc3ccc(N4CCCCC4)nc3o2)c1,6.48
Cn1c(=O)c2c(nc(Sc3ccccc3)n2C)n(C)c1=O,4.48
COc1cccc(-c2cc3c(nn2)-c2ccccc2C3=O)c1,5.8
COc1c2c(c(OC)c(OC)c1OC)CN(C)CC2,2.72
CCCn1c(=O)c2c(nc3n2CCCN3CC(=O)N2CCN(Cc3ccc(OC)cc3)CC2)n(CCC)c1=O,4.63
CC(=O)COc1ccc2c(oc(=O)c3ccccc32)c1C,4.55
COc1ccc(-c2cc(=S)c3ccccc3o2)cc1,6.32
Cc1sc(NN=C2CCCCCC2)nc1-c1ccccc1,5.71
CN1C(=O)C2C(N=C(C=Cc3ccc(Cl)c(Cl)c3)N2C)N(C)C1=O,7.44
CCCCCC(C)=NNc1nc(-c2cccc(OC)c2)cs1,5.17263
COC(=O)C=CC=Cc1ccc2c(c1)OCO2,6.64
COc1ccc(CC2COc3cc(OCCCCCCNc4c5c(nc6ccccc46)CCCC5)ccc3C2=O)cc1,5.95468
CC(=NNc1nc(-c2ccc([N+](=O)[O-])cc2)cs1)c1ccncc1,7.88207
COc1cc(NC(C)CCCN)c2nccc(C)c2c1Oc1ccc(C(F)(F)F)cc1,6.82391
Cc1c(C)c2ccc(OCc3ccc(C(F)(F)F)cc3)cc2oc1=O,8.7
CNc1nc(C=C2C=Nc3c(Br)cccc32)c(O)n1C,5.37059
Cc1ccc2nc(NC(=O)CCCc3ccccc3)sc(=O)c2c1,6.49
S=C(Nc1ccccc1)N1N=C2CCCCC2C1c1cccs1,4.12
N#CCCn1nnc(-c2ccc(OCc3ccccc3Cl)cc2)n1,7.52
COc1cc(-c2cc3cc(C)ccc3oc2=O)cc(OC)c1OC,6.79415
COc1ccc(C=C2COc3cc(OCCCCCCNc4c5c(nc6ccccc46)CCCC5)ccc3C2=O)cc1OC,4.7
COc1ccc(NC(=S)N2N=C(c3ccccc3)CC2c2ccccc2O)cc1,4.22
CC(N=C1CC(=O)Oc2cc(OCc3ccccc3)ccc21)C(N)=O,6.17
Cn1c2ccccc2c2nnc(N)c(-c3cccc(Br)c3)c21,4.0
C=CCCC(C)=NNc1nc(-c2ccccc2)c(C)s1,5.05306
Cc1ccc(NC(=S)N2N=C(c3ccccc3)CC2c2ccc(O)cc2)cc1,3.52
Cc1ccc(NC(=O)c2cc3ccccc3oc2=O)cc1C,6.42022
Cc1ccc(COc2ccc(-c3nnn(CCC#N)n3)cc2)cc1,6.24
C#CCNC1CCc2ccc(OC(=O)N(C)c3ccccc3)cc21,4.0
COc1cccc(COc2ccc(-c3nnn(CCC#N)n3)cc2)c1,6.4
O=C1CC(=O)c2ccc(OCc3cccc(Cl)c3)cc2O1,6.32
NNc1nc2ccccc2nc1Cc1ccccc1,3.08
NC(=S)N1N=C2CCCCC2C1c1ccco1,9.02
COc1cc(-c2cc3cc(C)cc(Br)c3oc2=O)cc(OC)c1OC,5.31069
CC(=O)N1N=C(c2ccc(O)cc2)CC1c1cccc(C)c1,4.72
O=C1NC(=O)c2cc(SCc3ccc(Br)cc3)ccc21,8.13077
COc1cc(C=CC(=O)CC(=O)c2c(O)cccc2OC)ccc1O,5.77469
N#CC=C1CC(=O)Oc2cc(OCc3cccc(Cl)c3)ccc21,7.8
CC1CN(C(N)=S)N=C1c1ccc(Cl)cc1,3.82
COc1ccc(CCSc2nc3c(c(=O)n(C)c(=O)n3C)n2C)cc1,7.64
CC(=O)Nc1nc(CCc2ccc(Cc3c[nH]c(N)n3)cc2)cs1,4.96
CNc1nc(C=C2C=Nc3ccccc32)c(O)n1C,4.52
O=C1c2ccccc2-c2nnc(-c3ccccc3C(F)(F)F)cc21,5.0
NCC(=CF)CCc1ccc(F)cc1,8.4437
OCCn1nnc(-c2ccc(OCc3ccccc3I)cc2)n1,6.46
COc1ccc2c(c1)OC(c1ccccc1)CC2=O,5.83268
CN=C1N(C)C(=O)C(=Cc2c[nH]c3cc(Br)ccc23)N1C,6.68403
CC(=O)c1cc2cc(Cl)ccc2oc1=O,4.75
Cc1ccc(C2=NN(C(N)=S)C(c3cccs3)C2)cc1,4.74
Cc1ccc2oc(=O)c(-c3ccccc3O)cc2c1,6.92075
O=C1NC(=O)c2cc(SCc3ccc(Cl)cc3)ccc21,8.25181
COc1ccccc1C1CC(c2ccc(O)cc2)=NN1C(C)=O,4.0
O=C(O)c1cc2cc([N+](=O)[O-])ccc2oc1=O,7.71
Cn1c2ccccc2c2nnc(N)c(-c3ccccc3)c21,3.0
Cc1cc2cc(NC(=O)C=Cc3cccc(Cl)c3)ccc2[nH]1,5.37
NC(=O)COc1cc(=O)oc2cc(OCc3cccc(Br)c3)ccc12,8.05012
COc1ccc2cc(-c3ccsc3)c(=O)oc2c1,7.25469
CNc1nc(O)c(C=C2C=Nc3cc(Br)ccc32)n1C,5.57398
Cc1cccc(NC(=S)N2N=C(c3ccccc3)CC2c2ccc(O)cc2)c1,3.59
NCC=C(F)COc1ccc(F)c(F)c1,7.05
CC(=O)Nc1ccc2c(c1)C(=O)c1ccccc1C2=O,5.46
O=C1Nc2cc(-c3ccccc3)ccc2C1=O,5.44
O=C(Nc1cccc(F)c1)c1cc2ccccc2oc1=O,6.60206
Fc1ccc(-c2csc(NN=Cc3c[nH]c4ccccc34)n2)c(F)c1,6.27615
CCCN1CCC(c2ccc(C#N)cc2)CC1,3.23
Cn1c(=O)c2c(nc(C=Cc3cccc(Cl)c3)n2C)n(C)c1=O,7.41454
N#Cc1ccc(C=CC(=O)Nc2cccc(Cl)c2)cc1,6.39041
COc1ccc(C2CC(c3ccccc3)=NN2C(N)=O)cc1,5.73
N#Cc1ccc(SCc2ccc(Cl)cc2)cc1,6.27491
NCc1cn(-c2ccc(C(=O)O)cc2)nn1,4.25
COc1ccc(C=NNc2nc3ccccc3nc2Cc2ccccc2)cc1OC,3.34
O=C1C(=Cc2ccccc2O)Oc2cc(O)ccc21,4.94
C#CCN(C)C1CCc2cccc(OC(=O)N(C)CCC)c21,4.2
CC(=O)COc1ccc2c(c1C)OC(=O)C1CCC=C21,6.78252
NC(=NO)N1N=C(c2ccccc2O)CC1c1ccc(O)cc1,3.68
CNc1nc(O)c(C=C2C=Nc3c(Br)cccc32)n1C,4.89
COc1ccc(-c2cc(=O)c3ccc(C)cc3o2)cc1,3.82
N#CCOc1ccc(OCc2cccc(Cl)c2)cc1C=O,6.52
CN1C(=O)C(=Cc2ccccc2)SC1=S,4.98
COc1ccc2c(=S)cc(-c3ccc(F)cc3)oc2c1,3.82
NC(=O)N1N=C(c2ccccc2)CC1c1ccc(Cl)cc1,5.78
CCCOC(=O)c1coc2ccccc2c1=O,5.25
O=C1c2ccccc2C(=O)N1Cc1ccccc1,3.4
CC(=O)c1cc(OCc2ccc(Br)cc2)ccc1O,6.76447
CC(C)(C)NC(=O)c1cc2ccccc2oc1=O,5.10237
Cc1c(C)c2ccc(OCc3cccc(N)c3)cc2oc1=O,7.46
COc1cc(C2CC(c3ccccc3O)=NN2C(=S)Nc2ccccc2OC)ccc1O,3.7
CC(=O)C=CC=CCOc1ccc2ccc(=O)oc2c1,5.77
Fc1ccc(-c2csc(NN=Cc3cccc4ccccc34)n2)c(F)c1,6.86138
COc1ccc2c(c1)C(=O)c1ccc(-c3nnn(C)n3)cc1S2(=O)=O,7.22
c1ccc(COc2ccc3ccccc3c2)cc1,5.59
N#CCCn1nnc(-c2ccc(OCc3ccc(Cl)cc3)cc2)n1,7.1
CCOc1cc(=O)oc2cc(OCc3cccc(Br)c3)ccc12,6.90001
COc1cc(C=CC(=O)C2=Cc3cc(OC)ccc3OC2)cc(OC)c1,4.74
O=c1cc(Oc2ccccc2)c2ccc(OCc3cccc(Cl)c3)cc2o1,5.39
O=C1c2ccccc2-c2nnc(-c3cccc([N+](=O)[O-])c3)nc21,6.04001
CCCOc1ccc(C2CNC(=O)CS2)cc1,5.83
C=NNc1nc2ccccc2nc1Cc1ccccc1,3.02
COc1cc(C2CC(c3ccccc3O)=NN2C(=S)Nc2ccccc2)ccc1O,3.35
CC1CCCC(=NNc2nc(-c3ccc(F)cc3F)cs2)C1,7.25181
O=C1NC(=O)C(=Cc2ccc(Br)cc2)S1,6.64207
C1=CCN(CCCc2ccccc2)CC1,3.09
NCc1cn(-c2ccncc2)nn1,3.94
OCCn1nnc(-c2ccc(OCc3ccc(F)cc3)cc2)n1,6.57
C#CCNC1CCc2cc(Cl)c(OC(=O)N(C)CCC)cc21,4.49
Nc1ccc(Oc2ccccc2)cc1,3.88
O=C1NC(=O)c2cc(OCc3ccccc3)ccc21,7.72125
COc1cc(NC(C)CCCN)c2nccc(C)c2c1Oc1ccccc1F,5.42
Cc1ccc(C2CC(c3ccco3)=NN2C(N)=S)cc1,4.26
O=C(O)c1coc2ccc(OCc3cccc(Br)c3)cc2c1=O,8.55284
CNCc1cn(Cc2ccccc2)c2ccccc12,3.47
C#CCn1c(=O)c2c(nc3n2CCCN3CC2CCCO2)n(C)c1=O,4.63
C#CCN(C)C(C)Cc1ccc(OCCCCCCCCCCNc2c3c(nc4ccccc24)CCCC3)cc1,6.46092
CCOC(=O)c1cc2ccc(OCc3ccccc3)cc2oc1=O,8.15428
O=C1CSC(c2ccc(OCc3ccccc3)cc2)CN1,7.13077
Cn1c(=O)c2c(nc3n2CCCN3c2cc(Cl)cc(Cl)c2)n(C)c1=O,5.14
Cc1cc(=O)oc2c(C)c(OC3CCCCC3=O)ccc12,5.41229
C=CCNC(=S)N1N=C(c2ccc(C)cc2)CC1c1cccs1,3.62
O=C(NCCN1CCOCC1)c1cnc(O)c(Cl)c1,4.59
NC1CC1c1ccc(NC(=O)c2ccnc(-c3cc(C(=O)O)ccn3)c2)cc1,4.33
c1ccc(-c2csc(NN=C3CCCC3)n2)cc1,6.53
Cn1c(=O)c2c(nc(SCc3ccc(Br)cc3)n2C)n(C)c1=O,6.78
O=c1cc(C(F)(F)F)c2ccc(OCc3ccccc3)cc2o1,5.86
Clc1ccc(-c2csc(NN=C3CCCCC3)n2)c(Cl)c1,6.69001
CCNC(=S)N1N=C(c2ccc(C)cc2)CC1c1ccc[nH]1,3.43
Clc1ccccc1-c1nc2ccc(N3CCCCC3)nc2o1,6.57333
O=C(C=Cc1ccc(Cl)cc1)c1ccc(F)cc1O,7.15
CC(=NNc1nc(-c2ccc(F)cc2)cs1)c1ccncc1,8.6
C#CCn1c(=O)c2c(nc3n2CCCN3CCc2ccc(O)cc2)n(C)c1=O,4.77
CN(CCCCc1ccccc1)c1nc2c(c(=O)n(C)c(=O)n2C)n1C,5.53
NC(=O)C(CO)NCc1ccc(OCc2cccc(Cl)c2)cc1,6.96
N#Cc1ccc(-c2csc(NN=Cc3cccs3)n2)cc1,6.82
OC(CNC1CC1)COc1ccccc1-c1ccccc1,3.91
Cn1c(=O)c2c(nc(SCc3ccc(Cl)cc3)n2C)n(C)c1=O,6.72
Cn1c(N)nc(C=C2C=Nc3cc(Br)ccc32)c1O,5.42022
COc1cc(Br)c2oc(C3CCNCC3)cc2c1,4.63
C#CCNC1CCc2ccc(OC(=O)NCCC)cc21,4.6
N#Cc1ccc(-c2csc(NN=C3CCCC3)n2)cc1,6.66
NC(=O)Cc1cc(=O)oc2cc(OCc3ccccc3)ccc12,6.7
O=C(C=Cc1cccc(Cl)c1)c1ccccc1,6.28
C#CCN(C)C(CF)Cc1ccco1,6.68089
Fc1ccc(-c2csc(NN=C3CCCC3)n2)cc1,7.4
O=C(NNc1ccc(Cl)cc1)c1cc2ccccc2oc1=O,5.92445
CC(=NNc1nc2ccccc2nc1Cc1ccccc1)c1ccccc1,3.01
Cn1c(=O)c2c(nc(OCc3cccc(Cl)c3)n2C)n(C)c1=O,6.64
COc1cc(NC(C)CCCN)c2nccc(C)c2c1Oc1cccc(F)c1,4.97
CC(=NNc1nc(-c2ccccc2)cs1)c1cccnc1,6.03
Cc1cccc(COc2ccc(-c3nn(CCC#N)c(=S)o3)cc2)c1,7.18
CC(=NNc1nc(-c2ccc([N+](=O)[O-])cc2)cs1)c1cccs1,6.53
COc1ccc(C2=NN(C(=S)Nc3ccccc3)C(c3cccs3)C2)cc1,4.04
Cn1c(=O)c2c(nc(OCCc3ccccc3)n2C)n(C)c1=O,5.67
COCC(O)COc1ccc(OCc2cccc(C(F)(F)F)c2)cc1C(C)=O,7.52
O=C1CCCc2cc(OCc3cccc(Br)c3)ccc21,8.05
COc1ccc2oc(=O)c(-c3cccs3)cc2c1,6.2
COc1cccc(-c2csc(NN=C(C)c3ccccn3)n2)c1,3.82
O=C(Nc1c(F)cccc1F)c1cc2ccccc2oc1=O,5.0348
C#CCN(C)CCc1cccc(OC(=O)N(C)C)c1,5.55
CC(=O)c1cc2cc(Br)ccc2oc1=O,3.82
Cc1ccc(C(=O)C=Cc2cccc(F)c2)o1,6.21
Cc1c(C)c2ccc(OCc3cccc(F)c3)cc2oc1=O,9.04001
COc1ccc(NC(=S)N2N=C(c3ccccc3)CC2c2ccc(O)cc2)cc1,3.4
O=c1ccc2ccc(COc3ccccc3)cc2o1,7.07002
COc1ccc(-c2csc(NN=C3CCCC3)n2)cc1,6.79
NCC=C(F)COc1ccc(C(=O)NC2CCCC2)cc1,5.79
CCOC(=O)c1cc2cc(C)ccc2cc1O,6.0
Cn1c(=O)c2c(nc3n2CCCN3Cc2ccc(Cl)c(Cl)c2)n(C)c1=O,7.20135
CC(=O)c1ccc(-c2cc3c(nn2)-c2ccccc2C3=O)cc1,7.58004
N#CCCn1nnc(-c2ccc(OCc3ccc(F)cc3)cc2)n1,6.68
COc1cc(NC(C)CCCN)c2nccc(C)c2c1Oc1ccc(Cl)cc1Cl,5.81248
Cn1cccc1C(=O)C(c1ccccc1)N1CCSCC1,4.0
Cn1c(=O)c2c(nc(COc3ccc(F)cc3)n2C)n(C)c1=O,6.08355
O=C1Nc2ccc(OCc3ccccc3)cc2C1=O,7.36
COc1ccc(COc2ccc(-c3nn(CCC#N)c(=O)o3)cc2)cc1,7.57
Cc1cccc(C2CC(c3ccc(O)cc3O)=NN2C)c1,3.82
NCC=C(F)COc1ccc(C(=O)N2CCCC2)cc1,4.96
COc1ccc(C2C(=O)Oc3ccccc3C2=O)cc1,4.16
O=C1NC(=S)N=C1Cc1c[nH]c2cc(Br)ccc12,5.59
COc1cc(C=Cc2ccc(OCCCCCCCN(C)Cc3ccccc3)cc2)cc(OC)c1,4.2
O=C1c2ccccc2-c2nnc(COc3ccc(F)cc3)cc21,5.72125
Cn1c(=O)c2c(nc(OCCOc3ccc(Cl)cc3)n2C)n(C)c1=O,6.89
Cc1nccc2c1[nH]c1cc(OCC3CCCCC3)ccc12,6.65443
CCCN1CCC(c2ccc(S(C)(=O)=O)cc2)CC1,3.23
O=C1c2ccccc2-c2nnc(-c3ccc4ccccc4c3)cc21,5.66
COc1ccc(NC(=O)c2coc3ccccc3c2=O)cc1,6.35
Cc1sc(NN=Cc2ccncc2)nc1-c1ccccc1,5.86328
COc1cccc(-c2csc(NN=C(C)c3cc4ccccc4oc3=O)n2)c1,5.16
Cc1ccccc1C=NNc1nc(-c2ccc(Cl)cc2)cs1,3.82
CC(=NNc1nc2ccccc2nc1Cc1ccccc1)c1ccccn1,3.01
Cc1ccc(C2=NN(C(=S)Nc3ccccc3)C(c3ccc[nH]3)C2)cc1,3.45
CN(C)c1ccc(N=Cc2ccccn2)cc1,7.4
COc1ccc(C=C2COc3ccccc3C2=O)c(OC)c1OC,5.88273
COc1ccc(Cc2coc3ccccc3c2=O)cc1,4.67
Cc1cccc(NC(=O)c2cc3ccccc3oc2=O)c1,6.22185
CC(C(=O)c1cccn1C)N1CCCCC1,4.44
COc1ccc(C=CC(=NN=c2[nH]c3ccccc3c(=O)n2C)c2ccccc2)cc1,4.98
C#CCNCCCOc1cccc(NC(=O)c2ccccc2)c1,6.7
COc1ccc(NC(=S)N2N=C(c3ccc(O)cc3O)CC2c2ccc(O)c(OC)c2)cc1,3.32
NC(=O)C(CO)NCc1ccc(OCc2ccc([N+](=O)[O-])cc2)cc1,5.15428
C#CCC1CCCc2ccc(OC(=O)N(C)CC)cc21,3.92
O=C(C=CC=Cc1ccccc1)c1cc(Cl)ccc1O,7.26146
Cn1c(=NN=C(C=Cc2ccco2)c2ccc(Cl)cc2)[nH]c2ccccc2c1=O,3.9
NCC=C(F)COc1ccc(C(=O)NC2CCCCC2)cc1,5.95078
N=CC1CC(=O)Oc2cc(OCc3ccccc3)ccc21,7.68
COc1cccc(COc2ccc(-c3nn(CCC#N)c(=O)o3)cc2)c1,7.54
CN(C)c1ccc(C=C2Oc3cc(O)ccc3C2=O)cc1,6.62
O=C1c2ccccc2-c2nncc(-c3ccccc3)c21,4.03
Cc1ccccc1NC(=S)N1N=C(c2ccccc2O)CC1c1ccc(O)cc1,3.74
C#CCN(C)CC(O)COc1ccc2cc(Br)ccc2c1,5.6
O=C(NCCCN1CCOCC1)c1cnccc1Cl,4.28
COCC(O)COc1ccc(OCc2cccc(Cl)c2)cc1C(C)=O,7.05
NCC=C(F)COc1ccc(OC(F)(F)F)cc1,7.1549
O=C(O)c1ccc(-c2cc3c(nn2)-c2ccccc2C3=O)cc1,4.0
CC(=NNc1nc(-c2ccccc2)cs1)c1ccncc1,7.89
O=C(O)c1cc2cc(Br)ccc2cc1O,7.48004
Cc1cccc(COc2ccc3c(C)c(C)c(=O)oc3c2)c1,8.92082
COc1ccc(C2CC(=O)c3ccc(OC)cc3O2)cc1,5.14388
Cn1c(=O)c2c(cc(C=Cc3ccc(C(F)(F)F)cc3)n2C)n(C)c1=O,6.37
CCCCNC(=O)Oc1ccc2c(c1Br)c1c(n2C)C(=NC)CC1,3.76
N#CC=C1CC(=O)Oc2cc(OCc3ccccc3)ccc21,6.64
CNC(=S)N1N=C2CCCCC2C1c1cccs1,5.77
COc1ccc(C2CNCCS2)cc1,5.41454
Cn1c(=O)c2c(nc(OCc3cccc(F)c3)n2C)n(C)c1=O,6.43
C#CCN(C)Cc1cc2cc(OCc3ccccc3)ccc2n1C,7.20066
CNc1nc(O)c(C=C2C=Nc3cccc(Br)c32)n1C,4.58
Cn1c(N)nc(O)c1C=C1C=Nc2ccc(Br)cc21,4.61
CC(=NNc1nc(-c2ccc(F)cc2F)cs1)c1ccccn1,3.82
Cc1c(C)c2ccc(OCC=CC3=CC(=O)C(C)(C)O3)cc2oc1=O,6.2
O=C(Nc1ccc(I)cc1)c1coc2ccccc2c1=O,7.16115
CCN(CC)c1ccc(CC2=Cc3cc(OC)c(O)cc3C2=O)cc1,4.73
N#Cc1ccc(Sc2ccc(Br)cc2)cc1,6.2
O=C1Oc2ccccc2CC1=NC(=O)c1ccccc1,6.12
COc1ccc(NC(=O)c2cc3ccc(OCc4ccccc4)cc3oc2=O)cc1OC,5.36
O=[N+]([O-])c1ccc(CCN2CC=CCC2)cc1,3.57
CC1=C(C=NNc2nc(-c3cccc([N+](=O)[O-])c3)cs2)C(C)(C)CC=C1,7.0
COc1ccc(C2(F)CC2N)cc1OC,3.33
Cc1ccc(NC(=S)N2N=C(c3ccccc3)CC2c2ccccc2O)cc1,4.16
O=C(C=Cc1ccc(Cl)o1)c1cccc(Cl)c1,6.84164
c1ccc(-c2nc3ccc(NC4CCCCC4)nc3o2)cc1,5.6
Cc1ccc(-c2csc(NN=C3CCCC(C)C3)n2)cc1,6.82391
C#CCNCc1cc2cc(OCc3ccccc3)ccc2[nH]1,7.66
NC(=O)C(NCc1ccc(OCc2ccc(Cl)cc2)cc1)c1ccccc1,4.71
Cc1ccc(C=NNc2nc(-c3ccc(F)cc3)cs2)cc1,4.35
O=C(Cl)c1cc2cc([N+](=O)[O-])ccc2cc1O,6.98001
O=C(C=Cc1ccc2c(c1)OCO2)N1CCOCC1,5.19
CCOC(=O)c1cc2cc(OC)ccc2oc1=O,4.66
CC(=O)N1N=C(c2ccncc2)OC1c1ccc(N(C)C)cc1,4.33
CN=C1N=C(Cc2c[nH]c3cc(Br)ccc23)C(=O)N1,4.68
CC(=NNc1nc(-c2ccc(F)cc2F)cs1)c1cccnc1,7.74
COc1ccc(CSc2ccc(C#N)c(C#N)c2)cc1,7.17393
CCCCCCN(CCCCCC)C(=O)c1cc2cc(Br)cc(Br)c2oc1=O,5.13018
O=C(NCCN1CCOCC1)c1ccc(Cl)cc1,5.97
COc1cc(C=Cc2ccc(OCCCN(C)Cc3ccccc3)cc2)cc(OC)c1,5.30016
Cc1ccc(NC(=O)c2cc3ccccc3oc2=O)c(C)c1,4.86
CC(=O)Nc1ccc(C=C2COc3ccccc3C2=O)cc1,5.97469
C1=CCN(CCc2ccccc2)CC1,2.93
CCCCOc1ccc2cc(CC(C)NCc3ccccc3)ccc2c1,4.65
NCC=C(F)COc1ccc(C(F)(F)F)cc1,6.89
O=C1c2ccccc2OCC1Cc1ccc(Cl)cc1,5.13253
Clc1ccc(-c2nc3ccc(N4CCCCC4)nc3o2)cc1,6.05085
CN1N=C(c2ccc(O)cc2)CC1c1cccc(F)c1,5.5
CC(=O)c1cc(OCc2ccc(C)c(C)c2)ccc1OCCCC#N,6.4
COc1ccccc1C1CC(c2ccccc2O)=NN1C(=S)Nc1ccccc1,3.38
Cc1c(C)c2ccc(SCc3ccccc3)cc2oc1=O,7.40001
O=C1CC(c2ccc(F)cc2)Oc2cc(F)ccc21,6.77
NCc1ccc2c(c1)C1(CCN(C(=O)c3ccc(C#Cc4ccccc4)o3)CC1)CO2,4.14
Cc1ccc(C)c(NC(=O)c2cc3ccccc3oc2=O)c1,4.65
COc1cc(=O)oc2cc(OCc3cccc(Cl)c3)ccc12,8.11014
Cc1c(C)c2ccc(OC(C)c3ccc(C(C)C)cc3)cc2oc1=O,5.0
CC(=NNc1nc(-c2ccc(F)cc2)cs1)c1nccs1,5.92
O=C(C=Cc1cccc(Cl)c1)Oc1ccc2oc(O)cc2c1,6.72
N#CCCn1nnc(-c2ccncc2)n1,4.52
O=C(NCCCN1CCOCC1)c1cccnc1Cl,5.19
CN1N=C(c2ccc(O)cc2)CC1c1ccc(F)cc1,5.44
NC(=S)N1N=C(c2ccc(Cl)cc2)CC1c1ccc(F)cc1,4.79
C#CCN(C)C(C)Cc1cccc(OC(=O)N(C)CCCCCC)c1,5.82
CCNc1cncc(N(C)CC)c1CN,3.52
CC(=NNc1nc(-c2ccccc2)cs1)c1ccccn1,5.42
CC1(COc2ccc(Cc3sc(O)nc3O)cc2)CCCCC1,6.65
O=C1CCc2ccc(OCc3cccc(Cl)c3)cc2N1,8.21
CCOc1cc(=O)oc2cc(OCc3ccccc3)ccc12,6.12
COc1ccc(NC(=O)c2cc3ccc(OCc4ccccc4)c(C)c3oc2=O)cc1OC,5.30277
C#CCN(C)C(C)Cc1cccc(OC(=O)N(C)CC)c1,7.0
NC1CCCCC1Cc1ccccc1,2.71
C#CCNC1CCc2ccc(OC(=O)N(C)C3CCCCC3)cc21,5.0
Oc1occ2ccc(OCc3ccc(C(F)(F)F)cc3)cc12,9.34
C#CCNCc1cc2ccccc2n1C,5.42
COc1cccc(CCC(=O)N=c2[nH]c3ccccc3c(=O)s2)c1,7.02091
N#CCCCn1nnc(-c2ccc(-c3ccccc3)cc2)n1,5.92
CCOC(=O)N1N=C(c2ccccc2O)CC1c1ccc(OC)cc1,5.30103
N#CCCn1nc(-c2ccc(OCc3ccc(Cl)cc3)cc2)oc1=O,8.12
Oc1occ2ccc(OCCc3ccc(Cl)cc3)cc12,7.32
CC(C)(C)NC(=O)c1cc2cc(Br)cc(Br)c2oc1=O,4.83
O=C1OC(Cn2ccnn2)CN1c1ccc(-c2ccn3ncnc3c2)c(F)c1,4.11
C#CCN(N)CCc1ccccc1,7.12
CC(=NNc1nc(-c2ccc(F)cc2F)cs1)c1ccccc1,7.0445
O=[N+]([O-])c1cccc(C2=NCCN2)c1,4.72
COc1ccc(CSc2ccc3c(c2)C(=O)NC3=O)cc1,7.7
N#CCCn1nc(-c2ccc(OCc3ccc(Cl)cc3)cc2)oc1=S,6.16
CN1N=C(c2ccc(O)cc2)CC1c1ccccc1,4.57
C#CCN(Cc1ccc(O)c2ncccc12)C(C#N)C1CCN(Cc2ccccc2)CC1,4.4
O=C(Nc1c(F)c(F)nc(F)c1F)c1cc2ccccc2oc1=O,6.24
COc1cc(NC(C)CCCN)c2nccc(C)c2c1Oc1cc(Cl)c(Cl)cc1Cl,5.45223
CN=C1CCc2c1n(C)c1cc(Cl)c(OC(=O)NC)cc21,3.4
Nc1ccc(Oc2ccc(Cl)cc2)cc1,5.14
O=C(c1ccccc1)N1N=C(c2ccccc2O)CC1c1ccc(O)cc1,1.69
c1ccc2oc(C3=NCCN3)cc2c1,5.44
CCCCNC(=O)CCCCc1ccc2c(c1)OCO2,5.46
COc1ccc(-c2cc3cc(C)ccc3oc2=O)cc1OC,8.56384
Cn1c(N)nc(C=C2C=Nc3cccc(Br)c32)c1O,4.43
Cc1ccc(C2CC(c3ccccc3)=NN2C(N)=O)cc1,5.49485
O=C1CCc2ccc(OCCc3ccccc3)cc2N1,6.72
O=C1c2ccccc2-c2nnc(-c3cccc([N+](=O)[O-])c3)cc21,6.2
Cn1c(=O)c2c(nc(SCc3cccc(Br)c3)n2C)n(C)c1=O,6.70115
Cn1c(=O)c2c(nc(CSc3ccccc3)n2C)n(C)c1=O,4.63
COc1ccc(-c2csc(NN=C3CCCC(C)C3)n2)cc1,5.51
COc1ccc2c(c1)C(=O)c1cc(-c3cccc(C(F)(F)F)c3)nnc1-2,5.88
O=c1ccoc2cc(OCc3ccccc3)ccc12,5.98
O=C1c2ccccc2-c2nnc(-c3cccs3)cc21,6.0
O=C1Oc2ccccc2CC1=NC(=O)C1CCCCC1,4.3
CC1C(=O)Nc2cc(OCc3ccccc3)ccc2C1C,6.2
Clc1ccc(-c2csc(NN=C3CCCC3)n2)cc1,6.58
O=C(C=Cc1ccc(O)c(O)c1)CC(=O)c1ccccc1O,6.18
COc1ccc2cc(CC(C)N)ccc2c1,4.79
CCCCSC(=O)c1cc2ccccc2oc1=O,4.8
O=[N+]([O-])c1ccc(-c2csc(NN=Cc3cccs3)n2)cc1,3.82
C#CCNNCCc1ccccc1,5.5
O=c1ccoc2ccc(OCc3ccc(F)cc3)cc12,8.08
Cc1ccccc1NC(=S)N1N=C(c2ccccc2O)CC1c1ccccc1O,3.74
C#CCCOc1ccc2cc(C(=O)OC)c(=O)oc2c1,6.59
N#CCCn1nc(-c2ccc(OCc3cccc(Cl)c3)cc2)oc1=O,7.92
NC(=O)CNCc1ccc(OCc2cccc(Cl)c2)cc1,6.47
CN=C1N(C)C(=O)C(=Cc2c[nH]c3ccc(Br)cc23)N1C,6.4318
CC(C)N=C1CC(=O)Oc2cc(OCc3cccc(Cl)c3)ccc21,5.11
CC(=NNc1nc(-c2ccc(F)cc2F)cs1)c1ccco1,7.4
COc1ccc(CCN2CC=CCC2)cc1OC,2.87
CNC(=S)N1CCC(c2cccc(C)c2)=N1,4.27
CC(N)Cc1ccc(OCc2ccccc2)cc1,6.15
O=c1cc(-c2ccccc2)oc2cc(F)ccc12,4.89
OC(CNC1CC1)COc1ccc2ccccc2c1,5.6
CC(=O)c1ccc(C=Cc2cc3c(c(=O)n(C)c(=O)n3C)n2C)cc1,6.23158
CC(=NNc1nc(-c2ccc(F)cc2)cs1)c1cccs1,7.81
COc1ccc(NC(=S)N2N=C(c3ccccc3O)CC2c2ccc(O)c(OC)c2)cc1,3.32
COc1cc(OC)cc(-c2cc3cc(C)ccc3oc2=O)c1,8.05
N#CCCN1N=C(c2ccc(OCc3ccccc3)cc2)OCC1=S,6.85
O=c1c(Cc2ccc(Cl)cc2)coc2cc(Cl)cc(Cl)c12,6.62233
Cc1c(C)c2ccc(NCc3ccccc3)cc2oc1=O,8.86012
CC1CCCC(=NNc2nc(-c3ccc([N+](=O)[O-])cc3)cs2)C1,7.07
C#CCn1c(=O)c2c(nc3n2CCCN3C2CCN(Cc3ccccc3)CC2)n(C)c1=O,4.45
NCC=C(F)COc1ccc(C(=O)NCc2ccccc2)cc1,6.21
Cn1c(=O)c2c(nc3n2CCCN3Cc2cc(Cl)cc(Cl)c2)n(C)c1=O,6.71444
CN(C)C(=O)COc1cc(=O)oc2cc(OCc3cccc(Cl)c3)ccc12,6.3
CNCCNc1nc2ccccc2nc1Cc1ccccc1,3.1
CC(=NNc1nc2ccccc2nc1Cc1ccccc1)c1ccc(C)cc1,3.13
O=c1cc(-c2ccc(F)cc2)oc2ccccc12,3.82
COc1ccc(C=NNc2nc(-c3ccc(F)cc3)cs2)cc1,5.03
Nc1cc(C=C2COc3ccccc3C2=O)ccc1O,6.32
COC(=O)c1ccnc(-c2cc(C(=O)Nc3ccc(C4CC4N)cc3)ccn2)c1,4.36
N#Cc1cccc(-c2cc3c(nn2)-c2ccccc2C3=O)c1,7.48004
CCC(C)NC(=O)c1cc2cc(Br)cc(Br)c2oc1=O,4.34
NCCCNCCCCNCCCNCc1cccs1,4.64
O=C(C=Cc1ccc(Cl)cc1)c1ccccc1O,6.8
NCC=C(F)COc1ccc(Oc2ccccc2)cc1,6.35
COc1ccc(NC(=O)c2cc3ccc(OCc4ccc(F)cc4)cc3oc2=O)cc1OC,5.54212
CCCCCCC(C)=NNc1cc(C)c(-c2ccccc2)[nH]1,5.43
COc1cccc(-c2csc(NN=Cc3cccs3)n2)c1,6.31
CC(=NNc1nc(-c2ccc(F)cc2)cs1)c1ccco1,6.5
O=C1Nc2ccc(C=Cc3cccc(Cl)c3)cc2C1=O,5.85387
Cc1ccc(NC(=S)N2N=C(c3ccccc3O)CC2c2ccccc2O)cc1,4.42
N#CCCn1nnc(-c2ccc([N+](=O)[O-])cc2)n1,4.87
Cc1sc(NN=C2CCCC2C)nc1-c1ccccc1,5.88
O=C(NCCCN1CCOCC1)c1cccnc1Br,5.72125
Cc1cccc(NC(=O)c2cc3cc([N+](=O)[O-])ccc3oc2=O)c1,4.41
Cc1c(C)c2ccc(OCc3cc(C4CC4)on3)cc2oc1=O,9.1
Cn1c(=O)c2c(nc(COc3ccccc3)n2C)n(C)c1=O,5.24
C=C(Br)COc1ccc2c(c1C)OC(=O)C1CCC=C21,8.93
O=Cc1cc(=O)oc2cc(OCc3cccc(Cl)c3)ccc12,7.28001
C#CCN(C)Cc1cc2cc(OCCCN3CCC(Cc4ccccc4)CC3)ccc2n1C,4.96
O=C1CC(c2ccccc2)Oc2ccccc21,5.54212
O=C1CCc2cc(OCc3cccc(Cl)c3)ccc2N1,6.21
O=C1c2ccccc2-c2cnc(-c3ccccc3)nc21,4.94
Cc1ccc(NC(=O)c2coc3ccccc3c2=O)cc1,7.17
COc1cc(C2CC(c3ccc(O)cc3O)=NN2C(=S)Nc2ccccc2)ccc1O,3.31
CNC(=S)N1CCC(c2cccc(OC)c2)=N1,4.15
COC(=O)c1cc(OCc2cccc(Cl)c2)ccc1OCCCC#N,5.22
C(=NNc1nc(-c2ccc3ccccc3c2)cs1)c1c[nH]c2ccccc12,5.22
O=C1Nc2cc(C=Cc3ccccc3)ccc2C1=O,6.58
OCCn1nnc(-c2ccc(OCc3ccccc3)cc2)n1,7.52
C#CCNC(C)Cc1cccc(O)c1,3.64
CNC(=S)N1CC(C)C(c2ccc(F)cc2)=N1,3.82
Nc1ccc(CCc2ccccc2)cc1,4.24
NNC(=O)Cc1cc(=O)oc2cc(OCc3cccc(Cl)c3)ccc12,7.05
CC(=O)NCC1CN(c2ccc(C=Cc3cccnc3)c(F)c2)C(=O)O1,4.23
Oc1ccccc1C1=NN(C(=S)Nc2ccccc2)C(c2ccc(Cl)cc2)C1,3.4
N=C1NC(=O)C(=Cc2c[nH]c3cccc(Br)c23)N1,4.55
O=C(C=CC=Cc1ccc(O)c(O)c1)N1CCCCC1,5.8041
COc1cccc(-c2csc(NN=C3CCCC3)n2)c1,5.97469
N#Cc1cccc(C=CC(=O)Nc2cccc(Br)c2)c1,7.23
NNC(=O)C1(c2ccccc2)CC1F,7.7
C#CCCCOc1ccc2ccc(=O)oc2c1,7.04
CC(=NNc1nc(-c2ccc(F)cc2)cs1)c1ccccc1,6.46
Cc1ccc(C2CC(c3ccccc3)=NN2C(N)=S)cc1,5.74473
O=C(C=Cc1ccccc1)Nc1cccc(Cl)c1,6.27409
CNC(=S)N1CCC(c2ccc(OC)cc2)=N1,4.86
Cn1c(=O)c2c(cc(C=Cc3cccc(Cl)c3)n2C)n(C)c1=O,5.83
Cn1c(=O)c2c(nc(COc3cccc(F)c3)n2C)n(C)c1=O,5.79317
O=C1CCCc2nnc(-c3ccccc3)cc21,4.13
Cn1c(=O)c2c(c3ccc(-c4ccccc4)cc3n2C)n(C)c1=O,5.12
Cc1c(C)c2ccc(OCc3ccccn3)cc2oc1=O,8.05
Cc1ccc2c(c1)OC(c1ccc(F)cc1)CC2=O,6.89
NC(=O)C1CCCN1C=C1CC(=O)Oc2cc(OCc3cccc(F)c3)ccc21,6.07058
COc1ccc(C2CC(c3ccccc3)=NN2c2nc3ccccc3c(=O)n2C)cc1,5.0
Cc1nnc2c(c1-c1ccccc1)C(=O)c1ccccc1-2,4.68
C#CCN(C)C(C)Cc1cccc(OC(=O)N(C)C)c1,6.1
O=C(O)c1cc2ccc(OCc3cccc(Cl)c3)cc2oc1=O,5.74473
CCNC(=S)N1N=C2CCCCC2C1c1cccs1,5.52
COc1ccccc1C=NNc1nc2ccccc2nc1Cc1ccccc1,3.1
COc1ccc(-c2cc(=S)c3ccc(OC)cc3o2)cc1,5.48
Cc1ccc(C2CC(c3ccccc3)=NN2C(=N)N)cc1,5.39
CCCOc1ccc(C=Cc2cc3c(c(=O)n(C)c(=O)n3C)n2C)cc1,5.86391
NCCNC(=O)c1cc2ccccc2oc1=O,5.11464
